video_title,channel,author,text,likes,replies,primary,all,length,published_at
점점 혼자가 편한 이유,픽고 PICKGO,@초코파이-c6m,혼자 다니고 혼자 밥먹는게 이상한게 아니라 혼자 알아서 하는 사람을 보고 이상한 시선으로 보고 말하는게 잘못된거라고 생각함... 남한테 피해주는것도 아닌데 왜 우리나라는 혼밥조차도 이상하게 보는지...;,23652,87,반박,자기참조|반박,113,2023-12-01
점점 혼자가 편한 이유,픽고 PICKGO,@윤-f9s,같이 안 다니면 서운해 하는 애들 이해 ㅈㄴ안됨,17524,53,자기참조,자기참조,26,2023-12-04
점점 혼자가 편한 이유,픽고 PICKGO,@ggulttuk,시밬ㅋㅋㅋㅋㅋ사회 나가봐라 다 혼자다ㅋㅋㅋㅋㅋ,13944,33,기타,,25,2023-12-07
함께 있어도 혼자 겉도는 사람의 2가지 특징,비치키,@user-시우,둘이 있을땐 밝은데 3명 넘어가면 말수가 확 줄고 듣기만하고 반응도 잘 못하게됨둥,7689,45,기타,,45,2026-01-17
혼자가 편한 사람 특징,픽고 PICKGO,@나는있어고양이kkkk,ㅋㅋㅋ힘들다하는데 왜 힘든지 안 묻는 거 진짜 공감된다ㅋㅋㅋ,6941,69,정체성확인,정체성확인,33,2023-04-22
혼자가 편한 사람 특징,픽고 PICKGO,@sfdg-v3g,혼자가 편해서 어울릴 사람을 굳이 만들어야할 필요가 없는 사람은 관심사가 같거나 같은 목표가 있는 사람들이랑 어울리면 정말 좋습니다. 대학생이면 하고 싶은 일이 비슷한 사람들과 같이 공부하거나 스펙쌓고 학회나 동아리를 같이 하는 식으로.. 득되는 관계가 유지하는데 힘도 안들어요. 궁금하지도 않은 사람이랑 쓸데없이 어울리려고 하니까 피곤하고 시간낭비처럼 느껴지죠. 결국 이해관계가 안맞아서 생기는 일,6410,53,지식,지식,223,2023-04-22
함께 있어도 혼자 겉도는 사람의 2가지 특징,비치키,@dddk-k,저같은 경우 가장 어려운 건 모두 어색한 상황에서보다 나 말고 모두 친한 상태에서 시작하는 인간관계..,6341,20,자기서사,자기서사,57,2026-01-17
점점 혼자가 편한 이유,픽고 PICKGO,@cat_cute_15,꼭 무조건 누구랑 같이 해야 되는 사람 보면 불편하긴함..,6062,11,자기참조,자기참조,32,2023-12-09
함께 있어도 혼자 겉도는 사람의 2가지 특징,비치키,@leethebotton,좀겉돌면 어떠니 건강하면됐지 하루하루 무탈한거에 감사하자 우리,6016,33,기타,,34,2026-01-18
혼자가 편한 사람 특징,픽고 PICKGO,@johny3765,와 어디가다가 사람 마주쳤을 때 아는 척하기 귀찮은거 나만 그런게 아니었네 ㅋㅋㅋ,5644,21,정체성확인,정체성확인|자기참조,45,2023-04-22
점점 혼자가 편한 이유,픽고 PICKGO,@heheijoo,저게 왜 이상하지? 저런 행동 자체가 남을 배려한다는 건데. 근데 저런 성향이 먼저 다가오면 엄청 반겨줌. 사람이랑 어울리는 게 싫은게 아니라 상대 생각을 너무 많이해서 그냥 혼자가 편할 뿐..,5392,16,기타,,108,2023-12-22
혼자 있는 게 더 편한 사람 외향인도 내향인도 아닌 '이 유형' 입니다 ㅣ Ep. 책과사람 70 (김경일 교수님 1부),책과삶,@응어쩔-nnm12,카톡에 생일 알람 꺼놓은 나..누구 생일 축하해 주기도 받기도 싫은...,5304,209,기타,,40,2026-04-03
나이들수록 오히려 혼자가 되면 편합니다. 친구 없어도 잘사는 사람의 특징 (최명기 원장 1부),지식인사이드,@freelife9512,"40대 중반인데 친구 없습니다, 근데 혼자 하고싶은 일도 많고 혼자 즐기는게 편한것도 많아서 딱히 친구같은거 필요없더라구요...요즘세상은 혼자여도 외롭지 않고 할게 많습니다.",4914,380,자기서사,자기서사,97,2023-09-18
혼자가 더 편한 내향적인 사람의 특징,놀면서 배우는 심리학,@서아-x5z,혼자 집에 있을때가 젤 행복함 ㅎㅎㅎ,4751,74,자기참조,자기참조,20,2023-10-17
"혼자 시간을 보내는 사람이 매력 있는 이유, 외로움을 다루는 방법 (feat.오은영)[인스타그램, 인스타중독, SNS, 오은영, 외로움, 자존감, 우울증]",도서관 오목눈이,@에뚜왈-c1f,저도 혼자 있는거 좋아하는데 혼자서도 “잘” 지내야 하는거같아요. 마냥 침대에서 빈둥대거나 영상물(게임 포함)로 시간보내며 날 고립시키는게 아니라 나를 들여다보는 노력이 중요한거같아요...혼자있으면서도 걷기나 독서 등 뇌나 신체를 사용하면서 스스로 사고하는 행동을 하는게 좋다고 생각합니당,4730,48,자기서사,정체성확인|자기서사|자기참조,161,2023-03-11
혼자가 더 편한 내향적인 사람의 특징,놀면서 배우는 심리학,@eschowww,내향형인데 혼자노는이유가 나랑 딱 맞는사람이 없고 안맞는데 내가 맞춰줘야되거나 쓸데없는 오해로 감정소모도 생기고 분쟁도 생기고해서 평화롭게 혼자노는게 만족도가 꽤 괜찮은거같음,4704,48,자기서사,자기서사|자기참조,97,2023-10-18
혼자가 편한 사람 특징,픽고 PICKGO,@학교부회장,ㅋㅋㅋㅋㅋㅋㅋㅋㅋㅋㅋㅋㅋㅋㅋㅋㅋ집가서 쉬는날 정해놓는거 개웃기네 진짜 ㅋㅋㅋㅋㅋㅋㅋㅋㅋㅋㅋㅋㅋㅋㅋㅋㅋㅋㅋㅋㅋㅋㅋㅋㅋㅋㅋㅋㅋㅋㅋㅋ 개찰떡..ㅋㅋㅋ,4295,18,정체성확인,정체성확인,80,2023-04-22
혼자가 편한 사람 특징,픽고 PICKGO,@Slbinn,진짜 사람 만나는건 기빨리는데 간혹가다 편한 사람들이 한명씩 있더라고요… 다른 사람들한테 기빨릴거 편한 사람한테만 내 에너지를 쏟는게 오히려 인간관계는 좁아도 탄탄한거 같아요,4156,11,자기서사,자기서사|자기참조,97,2023-04-22
"[#유퀴즈온더블럭] 혼자가 제일 편하다는 내향인💦 그 행복, 진짜일까?🤔 행복 심리학자가 말하는 내향인의 진실👀",디글 :Diggle,@yosephjo5120,살짝 인사이드아웃 불안이 닮으셨는데,3890,51,기타,,19,2025-07-11
함께 있어도 혼자 겉도는 사람의 2가지 특징,비치키,@쿯황,1대1로 만나면 엄청 편한데 다른 사람이 더 끼는순간 벙어리가 되는 나...,3863,14,기타,,42,2026-01-17
은지원 명언 l 결혼을 신중하게 해야하는 이유.,멘탈케어::힐링 심리학 채널::,@pillyahn1278,"주변에 이혼한 지인들이 꾀 많은 편인데 그분들 얘기 들어보면 괴로운 것보다 차라리 외로운 게 낫다고 하더군요. 외로움은 친구든, 부모든 누군가와 대화를 하면서 풀수 있는데 괴로움은 그 사람과 대화를 하면 할수록 더 커지기 때문에 지옥이라고..",3675,133,위안,위안|자기서사,135,2024-04-07
점점 혼자가 편한 이유,픽고 PICKGO,@user-chii721,"""같이가기 싫어?"" 이거 싸우자는거 아닌가 ㅋㅋㅋㅋ시비거는거 같음 (...저 T 100이어여)",3351,25,자기참조,자기참조,52,2024-02-01
혼자가 편한 사람 특징,픽고 PICKGO,@류지학-o1t,이번 편 진짜 공감된다,3302,7,정체성확인,정체성확인,12,2023-04-22
점점 혼자가 편한 이유,픽고 PICKGO,@햇살타로-h3w,"차라리 혼자가 편하긴함.. 같이있음 신경이 곤두섬 그리고 한명한명씩... 예측하는 그 눈치도 채야하고 뭔가 그 에너지소비,,, 되는거마냥... 내자신은 안챙기게되고...내시간도 허비하게되는것같아서 혼자가...되있는게 .. 좋음..",3198,4,자기참조,자기참조,128,2023-12-09
점점 혼자가 편한 이유,픽고 PICKGO,@17_luv,혼자 다니다 보면 혼자가 진짜 편함... 뭐든 처음이 어색하지 혼자 여행 한 번만 가보세요 진짜........ 너무 좋음 온전히 나한테 집중하고 내가 자고 싶은 곳 먹고 싶은 곳 가고 싶은 곳 오로지 내 취향에 맞춘 여행도 가능함,3111,41,자기서사,자기서사|자기참조,128,2024-02-15
혼자가 더 편한 내향적인 사람의 특징,놀면서 배우는 심리학,@allen11745,진짜 집에 있으면 심심하다고 말하는 사람 이해가 안되더라. 집에서 할게 얼마나 많은데 ㅋㅋㅋㅋㅋ,3035,50,지식,지식|자기참조,53,2023-10-17
혼자가 더 편한 내향적인 사람의 특징,놀면서 배우는 심리학,@bokhui,침대에 누워서 숨만 쉬어도 행복한 집순이... 내 집 최고....,2853,18,자기서사,자기서사|자기참조,36,2023-10-18
함께 있어도 혼자 겉도는 사람의 2가지 특징,비치키,@roro0-2-01,그래서 학교 다니는게 너무 괴로웠음. 단절은 편한데 고립은 너무 괴로움.,2711,3,자기서사,자기서사,40,2026-01-17
은지원 명언 l 결혼을 신중하게 해야하는 이유.,멘탈케어::힐링 심리학 채널::,@michi5440,"결혼하고 잘사는 사람은 서로 열렬히 사랑하는 사이가 아니라, 서로에게 원하는 게 없는 사이임. 무관심을 말하는 것이 아니라 상대에 대한 집착이 없고 상대가 바뀌길 바라는 맘이 없는 상태임. 내 마누라는 원래 저런 사람이야. 내 영감은 원래 저런 사람이야. 뭐 어쩌겠어. 그냥 사는 거지... 내가 상대의 부족함을 채워줘야 되겠다라는 맘이 있으면 더욱 좋게지만, 자칫 이런 것 마저 집착이 될 수 있고, 결과에 대한 보상 심리가 발동할 수 있어서 솔직히 필요 없음.",2584,99,자기서사,자기서사|자기참조,259,2024-04-08
나이들수록 오히려 혼자가 되면 편합니다. 친구 없어도 잘사는 사람의 특징 (최명기 원장 1부),지식인사이드,@koreawellder,살아보니 진짜 친구는 돈인것 같습니다.,2553,97,자기서사,자기서사,21,2023-09-18
함께 있어도 혼자 겉도는 사람의 2가지 특징,비치키,@흑연,미안해 내가 가정교육을 틱톡으로 배워서는ㅋㅋㅋㅋ 금방 친해지겠는데,2390,5,자기참조,자기참조,36,2026-01-18
"[#유퀴즈온더블럭] 혼자가 제일 편하다는 내향인💦 그 행복, 진짜일까?🤔 행복 심리학자가 말하는 내향인의 진실👀",디글 :Diggle,@bboyoung54,혼자있을때 : 편함 잘맞는 친구와 수다 : 행복과 즐거움 안맞는 사람과 대화 : 불편 괴로움,2381,20,자기참조,자기참조,51,2025-08-09
함께 있어도 혼자 겉도는 사람의 2가지 특징,비치키,@Sunho-oo,솔직히 잘 모르겠음. 혼자 살면서 고독사하고 싶지는 않은데 정작 왕성하게 만나면 피곤한...... 직장관계 아닌 그림커뮤니티나 사적인 친구사이로 만나면 그런 피로도가 좀 줄어들긴 하는데......,2227,33,자기서사,자기서사|자기참조,109,2026-01-17
나이들수록 오히려 혼자가 되면 편합니다. 친구 없어도 잘사는 사람의 특징 (최명기 원장 1부),지식인사이드,@itdakku,저는 50대 입니다 평생친구라 생각 했는데 서로 상처만 주고 연락 안합니다 사회서 만난 친구도 가끔 만나 안부나 묻는 정도 입니다 친구가 꼭 필요한건 아닙니다 혼자 즐길거리가 너무 많고 즐겁습니다 혼자 여행도 좋습니다 사람을 만나면 고갈되는 에너지가 혼자 있으면 채워 짐을 느낍니다 사람이 싫은게 아니라 혼자가 더 좋을 뿐 입니다,2216,89,자기서사,자기서사|자기참조,184,2023-09-19
"혼자 시간을 보내는 사람이 매력 있는 이유, 외로움을 다루는 방법 (feat.오은영)[인스타그램, 인스타중독, SNS, 오은영, 외로움, 자존감, 우울증]",도서관 오목눈이,@4숭이,그냥 남에게 무슨 기대를 하지 마세요. 남에게 인정 받을려고 애쓰지 마세요. 그럼 마음이 편합니다. 그렇다고 막대하라는게 아닙니다. 내 내면의 목소리네 기기울이고 그것만 생각하면 되요. 비교하고 남에게 잘보일려고 하는 마음이 크면 인생이 불행해 집니다,2175,16,자기서사,위안|정체성확인|자기서사|자기참조,140,2023-10-27
혼자가 편한 사람 특징,픽고 PICKGO,@user-yhidesjcd-uncni,그냥 그 친구들이랑 정신수준이 안맞는거임. 뭔 말을 하면 딱 감정소모 될만한 얘기들만 하고앉아있고.. 끝도없이 배려없이 유쾌한얘기도 아닌 주제로 노가리만 까니까 피로해서 말 섞기싫은거임. 대화가 아닌 의미없는 수준낮은 수다라서.. ㅋㅋ 발전적이고 긍정적이고 상대방 배려하면서 대화가 가능한 사람만나면 안저럼. 기빨리는 수다가 아닌 상호존중 대화가 가능한 사람 만나면 혼자있고싶단 생각 안듦. 진짜임. 그런사람들과 대화하면 유쾌하고 즐겁거든.. 걍 정신연령이 안맞는거,2110,21,자기참조,자기참조,260,2023-04-22
똑똑한 사람일수록 친구 적고 외로움 덜 타는 이유ㅣ인간설명서 EP.6,지식인사이드,@크쿼,대인관계 활발하면 지갑이 활발해짐😢,2108,51,기타,,20,2024-12-06
혼자가 더 편한 회피형 특징,놀면서 배우는 심리학,@성이름-j7r2d,나네. 도와달라고 절대 말못함. 남한테 부담주는거 정말 불편함. 근데 남은 잘 도와줌.,2094,42,자기참조,자기참조,48,2024-07-31
혼자가 편한 사람 특징,픽고 PICKGO,@가트몬-e3v,혼자가 된다는 것 = 힘든 일이 생겨도 혼자 감당한다는 것 혼자인게 좋은건 맞으나 가끔 혼자 해결하기 힘든 일이 생길때도 종종 있음 그럴때는 또 생각들지 아.. 이럴땐 진짜 너무 힘들구나 어디 말 할 곳도 없고 이럼,2091,26,자기참조,자기참조,120,2023-04-23
나이들수록 오히려 혼자가 되면 편합니다. 친구 없어도 잘사는 사람의 특징 (최명기 원장 1부),지식인사이드,@behappy724,친구 없는 사람 손... ✋,2079,125,기타,,15,2023-10-11
"""친구 한 명도 없는 것, 오히려 좋다"" 혼자 있는 시간이 많을수록 점점 똑똑해지는 이유 (이헌주 교수 통합본)",책과삶,@오드리될뻔-x6f,혼자 있는게 가장 편안합니다,2062,17,기타,,15,2025-12-22
점점 혼자가 편한 이유,픽고 PICKGO,@user-dg1xn2nv3n,"혼자 영화보는건 진짜 편해.. 내가 보고 싶은 영화, 시간대, 간식거리(팝콘, 음료) 독단적으로 할 수 있어서 😅",1996,6,자기참조,자기참조,64,2023-12-04
혼자가 편한 사람 특징,픽고 PICKGO,@노오란바나나,"오히려 저런 내향적인 타입의 사람들이 타인에 대해 너무 신경 써서 인간관계가 지치는 거 ㅎㅎ 자칭 외향적인 사람들이 지 편한대로 지껄이며 남들에게 상처줄 때, (찐 외향적인 사람들은 말조심하면서 친화적인 사람들임) 내향적인 사람들은 조심하고 또 조심하다보니 건조한 반응만 보이는 거지 이걸 '영혼 없네' 해버리는 ㅎㅎ",1980,13,자기참조,자기참조,177,2023-04-30
점점 혼자가 편한 이유,픽고 PICKGO,@젤리-v8m,혼자가 편해진 사람은...사람한테 상처받은게 많아서 더 상처받고 싶지 않아서 혼자가 되버린 사람도 많음.,1954,25,기타,,58,2024-02-20
똑똑한 사람일수록 친구 적고 외로움 덜 타는 이유ㅣ인간설명서 EP.6,지식인사이드,@finerist,예전에 아는지인은 대인관계가 많아서 자기가 죽을때 장례식장에 올 사람 많다고 자랑하던데요. 난 그딴거 필요없습니다. 내가 죽었을때 장례식장에 단 한사람도 안오면 어때서요. 상관없습니다.,1949,123,자기참조,자기참조,103,2024-12-08
은지원 명언 l 결혼을 신중하게 해야하는 이유.,멘탈케어::힐링 심리학 채널::,@김건희-o2h5g,사람한테 질리면 혼자가 외로운게 아니라 자유롭고 행복함을 느낀다,1938,34,위안,위안,35,2024-04-24
혼자 있는 게 더 편한 사람 외향인도 내향인도 아닌 '이 유형' 입니다 ㅣ Ep. 책과사람 70 (김경일 교수님 1부),책과삶,@봄날-u6e,전 결혼식도 하기 싫었음..간단히 가족끼리하던지~ 생일도 거창한거보다 가족끼리 케익이나 먹고 끝. 내 장례식도 사람오지말고 그냥 화장하고 수목장 끝했으면 좋겠음,1908,59,자기서사,자기서사|자기참조,89,2026-04-03
가족과 사는 게 즐겁다고? '행복한 사람'은 절대 무작정 결혼하지 않습니다! | 김경일 심리학과 교수 1부,"꿈을 찾는 사람들 강연,강의,강사,꿈찾사",@gmvisck,혼자 사는게 더 행복하다 스트레스 덜받고 간섭질 안당하고.....4대가 한집에 살았는데...지긋지긋하고 가족이지만 진짜 죽여버리고 싶더라...가까워도 거리를 지켜야 행복한거다..,1895,92,자기서사,자기서사|자기참조,99,2023-04-12
혼자 있는게 더 행복한 사람의 특징,놀면서 배우는 심리학,@jaijung4181,혼자 있는 게 행복해. 그래도 가끔은 사람을 구경하고 싶긴 해.,1821,30,기타,,35,2024-05-08
혼자 있는 게 더 편한 사람 외향인도 내향인도 아닌 '이 유형' 입니다 ㅣ Ep. 책과사람 70 (김경일 교수님 1부),책과삶,@김정의-f6q,"올해 70인데 저도 생일은 굳이 챙기지 않고지냅니다, 저와 같은 생각을 가진 분들이 많이 계시네요, 전혀 섭섭한 마음도 없습니다, 모두들 건강하세요~^^",1796,28,정체성확인,정체성확인|자기참조,85,2026-04-03
함께 있어도 혼자 겉도는 사람의 2가지 특징,비치키,@salmon_ing,나도 겁나 겉도는 인간이고 나만 늘 겉도니까 나는 이상한 사람이라고 스스로 낙인 찍었다가 어느날부터 관찰을 시작했는데 다른 사람들도 어마무시하게 이상하고 그냥 겁나 이상해도 낯 안 가리는 사람이 인싸인 경우도 많아서 모든 인간은 이상하다로 관점이 바뀜 그리고 내가 봤을 때 어떤 애는 다른 집단이었으면 인싸각이었는데 집단 내에서 분위기가 이상하게 형성되면 따돌림을 당하기도 해서 어디서 제외당한다는게 객관적으로 그 사람이 별로라는 증거도 아니더라 그리고 관찰하면 재밌음 현실 속에서 군상극 보는 느낌,1767,11,자기서사,지식|정체성확인|자기서사|자기참조|실용요청,279,2026-01-17
나이들수록 오히려 혼자가 되면 편합니다. 친구 없어도 잘사는 사람의 특징 (최명기 원장 1부),지식인사이드,@잎싹이-l7l,40대중반 넘어가는 아이들 엄마입니다. 갈수록 인간관계에 너무 스트레스를 받아 혼자 있는시간을 갖다보니 점점 늘고 편안하더라구요. 그러다 나홀로 있는게 너무좋다보니 내가 이상한게 아닌가 싶었는데 ~~제자신에게 용기를 주는 귀한 내용입니다. 저를 소중하게 여길수있어서 감사드려요^^,1733,49,자기서사,자기서사|자기참조,156,2023-09-18
혼자가 더 편한 내향적인 사람의 특징,놀면서 배우는 심리학,@wooseungkim5463,1.청소하기 2.빨래하기 3.냉장고 정리 4.옷장 정리 5.수납장 정리 6. 책상 정리 7.신발장 정리 8.싱크대 정리 9.가스렌지주변 주방정리 10. 청소기 바닥 청소 (물걸레 청소 포함) 11. 음악듣기 12. 책보기 13. 낮잠자기 14. 유튜브 시청 15. 영화감상 16. 멍잡기 할게 넘무많음. 밖에 돌아다니면 기빨림.,1714,82,자기참조,자기참조,183,2023-11-05
나이들수록 혼자가 편해지는 이유. 친구 없이 혼자서 행복해지는 방법 ㅣ Ep. 26 책과사람 (서경석 개그맨 1부),책과삶,@김창우-t2v,부모장례식장? 자식결혼식에 사람없는거? 없으면 어때? 장례식장 사람많으면 혼란스럽기만하지~ 그냥 친한친척사람 몇명과 조용히 보내드리는게 더좋음,1692,90,자기서사,자기서사,79,2025-08-25
혼자가 더 편한 내향적인 사람의 특징,놀면서 배우는 심리학,@슈타인할트,남에게 혹여나 무례하게 굴 일도 없이 피곤하게 만들 일도 없이 혼자서 스스로 자가발전이 가능한 사람이란 얼마나 훌륭한 사람인가..,1691,12,기타,,72,2023-10-17
은지원 명언 l 결혼을 신중하게 해야하는 이유.,멘탈케어::힐링 심리학 채널::,@thrma0518,괴로워도 도망갈수가 없음...그게 핵심,1686,30,기타,,21,2024-04-08
혼자가 더 편한 회피형 특징,놀면서 배우는 심리학,@yjj4669,답답한 회피형이라기보다는 이것저것 해보고 경험해 보니 더 이상 인간의 기대감이 없는 거죠,1666,22,기타,,49,2024-08-01
"[#유퀴즈온더블럭] 혼자가 제일 편하다는 내향인💦 그 행복, 진짜일까?🤔 행복 심리학자가 말하는 내향인의 진실👀",디글 :Diggle,@Sirius-z8s,"개인주의는 나를 존중하면서도, 타인을 침범하지 않는 자유의 균형임.",1586,22,자기참조,자기참조,37,2025-07-12
혼자 있는 게 더 편한 사람 외향인도 내향인도 아닌 '이 유형' 입니다 ㅣ Ep. 책과사람 70 (김경일 교수님 1부),책과삶,@칼라스callas,기념일 진짜 관심없어요 ㅎㅎㅎㅎ 😂,1565,7,기타,,20,2026-04-03
함께 있어도 혼자 겉도는 사람의 2가지 특징,비치키,@shepearlroma,가정교육을 틱톡으로 씨밬ㅋㅋ,1557,0,기타,,15,2026-01-17
혼자가 더 편한 회피형 특징,놀면서 배우는 심리학,@user-eg3zw3rs5l,이상한데도 손절하지 않고 뒷담화 하면서 계속 만나는 사람들이 더 이상해보임. 웃긴건 그런 사람들은 서로 뒷담화 하고 필요할때만 만나서 서로 이득 챙기더라. 회피형이 외곬수 같은 면이 보일지언정 앞뒤 다른짓은 안함.,1539,34,자기서사,자기서사|자기참조,119,2024-08-03
인간관계에 지쳐서 혼자가 편한 사람들의 특징,놀면서 배우는 심리학,@Bee-xm2up,이제 인간관계에 지쳐서 그냥 나한테만 집중하다보니 그게 편하고 나혼자 바쁨. 어차피 정상인들 별로 없고 좋은 사람보다 나쁜놈들 널려서 지긋지긋함,1537,32,자기참조,자기참조,80,2025-09-02
"혼자 있을 때 더 편안한 사람, 알고보니 '이 유형' 입니다 (김경일 교수님 통합본)",책과삶,@杉康,맘에안드는 선물받고 좋아하는척 하기도싫고 받았으니 돌려줘야하는 행위도싫고 귀찮다 집에서 청소하고 목욕하고 쉬고싶다,1525,43,기타,,63,2026-05-02
가족과 사는 게 즐겁다고? '행복한 사람'은 절대 무작정 결혼하지 않습니다! | 김경일 심리학과 교수 1부,"꿈을 찾는 사람들 강연,강의,강사,꿈찾사",@user-wk4jl7gu6,저는 일가를 이루지는 않았는데요.. 제가 좀 살면서 느낀건데 부모 형제지간은 가끔씩 짧게 만나서 해산하는 게 가장 좋은 거 같더라고요.. 그리고 혼자 사는 게.. 혼자 있는 게.. 너무나 좋습니다,1509,20,자기서사,자기서사|자기참조,109,2023-04-13
혼자가 더 편한 내향적인 사람의 특징,놀면서 배우는 심리학,@hyeoniiiiiiiii,"혼자 있으면 좀 외로운데, 누구랑 같이 있는건 괴로움ㅠㅠ",1499,22,위안,위안,31,2023-10-17
"혼자 시간을 보내는 사람이 매력 있는 이유, 외로움을 다루는 방법 (feat.오은영)[인스타그램, 인스타중독, SNS, 오은영, 외로움, 자존감, 우울증]",도서관 오목눈이,@bintolly,"주변에 혼자서도 잘 지내는 사람들 보면 덕질하듯이 파고드는 탐구형이 많더라. 외국어, 재테크, 운동 등 건강한 취미생활을 공부하듯이 혼자서 꾸준히 열심히 함",1447,6,지식,지식|자기참조,87,2023-10-14
혼자가 편한 사람 특징,픽고 PICKGO,@youyeo,와 마음 돌려주는 것조차 에너지 써야되는거 진짜 ㅇㅈ,1432,78,기타,,29,2023-04-22
혼자서 잘 사는 사람 특징,놀면서 배우는 심리학,@user-nomind,세상 살면서 느끼는건데 인생에서 가장 걸지적거리는것이 타인이다 타인만 없으면 인생 기본은 간다,1417,15,자기서사,자기서사,52,2024-12-19
똑똑한 사람일수록 친구 적고 외로움 덜 타는 이유ㅣ인간설명서 EP.6,지식인사이드,@뱀비-h7b,친구? 내 슬픔은 약점이 되고 내 기쁨은 시기와 질투로 돌아오더군요! 혼자가 편합니다!,1409,50,자기참조,자기참조,48,2024-12-11
‼️혼자일 때 (이때가) 진짜 삶을 바꿀 기회다.ㅣ'이혼숙려캠프 상담가' 이호선 숭실사이버대학교 교수ㅣ인생강의,하와이 대저택,@melbun20,혼자 잘노는사람 최고인생❤😊,1403,15,기타,,16,2025-04-10
은지원 명언 l 결혼을 신중하게 해야하는 이유.,멘탈케어::힐링 심리학 채널::,@miseoji,결혼해도 외롭습니다. 결국은 나혼자고.. 가장으로써 책임은 많지만 정작 가족들이 날 생각해주진 않습니다. 은지원씨말대로 내가 우선이 되어야합니다.,1389,42,자기서사,자기서사|자기참조,81,2024-04-25
"혼자 시간을 보내는 사람이 매력 있는 이유, 외로움을 다루는 방법 (feat.오은영)[인스타그램, 인스타중독, SNS, 오은영, 외로움, 자존감, 우울증]",도서관 오목눈이,@seoseoseo0202,무언가에 집중하면 외로움을 느낄세도 없다는것 ㄹㅇ공감...,1373,13,위안,위안|정체성확인,32,2023-03-13
은지원 명언 l 결혼을 신중하게 해야하는 이유.,멘탈케어::힐링 심리학 채널::,@IwillyourIdol,혼자는 외로운게 아니라 자유로운것,1351,40,위안,위안,18,2024-05-05
혼자 있는 게 더 편한 사람 외향인도 내향인도 아닌 '이 유형' 입니다 ㅣ Ep. 책과사람 70 (김경일 교수님 1부),책과삶,@핑키니,생일은 같이 사는 가족이랑 케이크 불면 되고 굳이 다른 사람에게 축하 안받아도 됨 챙기는거 귀찮고 불편,1343,6,자기서사,자기서사,57,2026-04-03
똑똑한 사람일수록 친구 적고 외로움 덜 타는 이유ㅣ인간설명서 EP.6,지식인사이드,@zephyrtro2317,"혼자있을수 있는 능력이 탁월하다 라고 하셨는데, 이것도 정말 중요한 재능인것 같네요",1328,20,기타,,46,2024-12-06
"""친구 한 명도 없는 것, 오히려 좋다"" 혼자 있는 시간이 많을수록 점점 똑똑해지는 이유 (이헌주 교수 통합본)",책과삶,@KotoshimoArigatoudes,만나봐야 마이너스인 사람만 많이 있다..,1320,8,기타,,22,2025-12-23
‼️혼자일 때 (이때가) 진짜 삶을 바꿀 기회다.ㅣ'이혼숙려캠프 상담가' 이호선 숭실사이버대학교 교수ㅣ인생강의,하와이 대저택,@나야-i4r,수다떨기 좋아하는 사람중에 긍정적인 사람은 없는 거 같아요. 맨날 남욕..연예인 이야기.. 부정적인 이야기.. 일어나지 않은 일 걱정.. 남의 에너지 뺏는줄 모르고 얘기함..ㅜㅜ,1282,38,자기참조,자기참조,99,2025-04-09
"혼자 있을 때 더 편안한 사람, 알고보니 '이 유형' 입니다 (김경일 교수님 통합본)",책과삶,@장승의후예,생일 별거 없음. 걍 조용히 지나가는게 좋음.,1278,12,기타,,25,2026-05-03
"""친구 한 명도 없는 것, 오히려 좋다"" 혼자 있는 시간이 많을수록 점점 똑똑해지는 이유 (이헌주 교수 통합본)",책과삶,@yongsoopark9530,"혼자있을때가 가장좋다 그림그리기,독서(인문학),유트브보기 외로움은 없음",1277,15,위안,위안,39,2025-12-23
혼자 있는 게 더 편한 사람 외향인도 내향인도 아닌 '이 유형' 입니다 ㅣ Ep. 책과사람 70 (김경일 교수님 1부),책과삶,@jao-c7g,장례식도 자녀 결혼식도 남들을 왜 불러서 치뤄야 하는지 모르겠는 1인 입니다 신고만하고 끝내지 정말 귀찬음,1264,23,자기서사,자기서사,59,2026-04-03
함께 있어도 혼자 겉도는 사람의 2가지 특징,비치키,@JohnKim-wx6vt,마음은 솔직히 크게 없는데 약간 ’의무적‘인 감정으로 어떤 무리에 남아있을 때 겉도는 것 같음. 딱히 맘에 맞는 멤버도 많이 없는데도 그냥 뭔가 ’사회생활‘하듯이 남아있다가 점전 들러리 취급받는 거 알고 슬슬 거리 더다가 아예 손절 치는 거,1260,5,자기참조,자기참조,134,2026-01-17
혼자 있는 게 더 편한 사람 외향인도 내향인도 아닌 '이 유형' 입니다 ㅣ Ep. 책과사람 70 (김경일 교수님 1부),책과삶,@영숙김-m3f,생일은 내가 챙겨 먹는게 아니구 낳아준 부모님께 챙겨드림이 맞는거 같어요.낳느라고 고생 하셨고 기르느라 수고 하셨으니,1259,39,자기참조,자기참조,65,2026-04-03
혼자 있을 때 가장 행복한 사람 특징,놀면서 배우는 심리학,@user-ih1111,ㄹㅇ 혼자가 제일 마음편하고 행복함 기빨릴 일 없음,1250,6,자기참조,자기참조,28,2024-06-30
은지원 명언 l 결혼을 신중하게 해야하는 이유.,멘탈케어::힐링 심리학 채널::,@리락쿠마-o6t,모든 사람이 결혼해야 행복한건 아닙니다. 혼자 사는게 체질에 맞는 사람도 있어요.,1234,35,자기서사,자기서사,45,2024-04-08
"""친구 한 명도 없는 것, 오히려 좋다"" 혼자 있는 시간이 많을수록 점점 똑똑해지는 이유 (이헌주 교수 통합본)",책과삶,@더잘-m3b,혼자 밥. 먹을때 세상 자유롭다 ㅎㅎ,1225,8,기타,,20,2025-12-22
"친구 한 명 없어도 혼자 잘 지내는 사람들의 '3가지' 장점 (최명기 원장, 한석준 아나운서, 이헌주 교수, 김아라 소장)",지식인사이드,@초이민-b7q,결국 인생은 혼자 혼자가 편하고 안정된 마음이에요,1186,25,기타,,27,2024-05-04
나이들수록 오히려 혼자가 되면 편합니다. 친구 없어도 잘사는 사람의 특징 (최명기 원장 1부),지식인사이드,@Likeflute16,공감합니다.나이가 들수록 혼자 취미생활하고 보내는 시간들이 편합니다.사람관계는 적정한 거리를 유지했을때가 가장 좋은거 같습니다.,1145,8,정체성확인,정체성확인,71,2023-09-18
나이들수록 오히려 혼자가 되면 편합니다. 친구 없어도 잘사는 사람의 특징 (최명기 원장 1부),지식인사이드,@aipara1154,경조사 때문에 친구를 사귀거나 유지해야한다고 생각하시는 분들. 결국 남들에게 보여지는 삶을 사는겁니다. 본인들만을 위한 행복한 삶을 사세요.,1129,19,기타,,78,2023-09-23
혼자 있는 게 더 편한 사람 외향인도 내향인도 아닌 '이 유형' 입니다 ㅣ Ep. 책과사람 70 (김경일 교수님 1부),책과삶,@그래서-v1n,진심이 없는 각종 경조사ㆍ기념일 안챙기기 시작했어요.(받지도 주지도 말자!),1127,3,기타,,42,2026-04-03
"[#유퀴즈온더블럭] 혼자가 제일 편하다는 내향인💦 그 행복, 진짜일까?🤔 행복 심리학자가 말하는 내향인의 진실👀",디글 :Diggle,@espressoeu,"맞아요 핀란드도 그렇고 미국에서도 남을 평가하는걸 제일 무례하다고 배워요. 외모평가, 지적질을 서로가 안하면 마음에 평화가 옵니다. 셀프지적도 하지말라고 합니다. 괜찮아 그럴수도있지 마인드랑 비슷.",1088,11,기타,,110,2025-07-11
혼자가 편한 사람 특징,픽고 PICKGO,@무지개-i1g,진짜 맞다 다른 사람이랑 대화를 하면 나를 꾸미게 돼서 너무 피곤함 애써 밝은척 관심있는척 리액션 해야되는거 너무 지침..하 어뜩해,1058,0,자기참조,자기참조,73,2023-09-22
"친구 한 명 없어도 혼자 잘 지내는 사람들의 '3가지' 장점 (최명기 원장, 한석준 아나운서, 이헌주 교수, 김아라 소장)",지식인사이드,@별사탕-r7w,사람관계는 그냥 인사정도하고 지내는것이 가장편한것같아요 친하게 지내면 무엇을하든 맞춰야되니 신경쓰이고 머리아파요,1057,14,기타,,62,2024-05-04
혼자 있을 때 가장 행복한 사람 특징,놀면서 배우는 심리학,@안콜라,집에서 청소하고 빨래하고 음악듣구 커피랑 빵먹고 저녁에 엽떡먹고 세상 행복. . 단 마음의 평온이 뒷받침 되야. . . . .,1014,7,기타,,70,2024-06-25
은지원 명언 l 결혼을 신중하게 해야하는 이유.,멘탈케어::힐링 심리학 채널::,@묘견한J,괴롭고 더 외로움..ㅋㅋ 아무도없어서느끼는 외로움보다 옆에있지만 느끼는 외로움이 진짜 고통임,1010,14,위안,위안|자기참조,51,2024-08-26
"""친구 한 명도 없는 것, 오히려 좋다"" 혼자 있는 시간이 많을수록 점점 똑똑해지는 이유 (이헌주 교수 통합본)",책과삶,@forever3g,50되니 혼자있어도 외롭지가 않아요. 오히려 그 시간이 저를 더 행복하게 만들어줍니다,1001,22,기타,,47,2025-12-23
"[#유퀴즈온더블럭] 혼자가 제일 편하다는 내향인💦 그 행복, 진짜일까?🤔 행복 심리학자가 말하는 내향인의 진실👀",디글 :Diggle,@모래시계-c7d,어제 내가 좋아하는 빵집에서 너무나 맛있는 신상 빵을 먹고 (이것만으로 1차행복) 동네 예쁜 공원을 걸어 집으로 돌아가는 길에 계속 날씨가 덥다가 간만에 시원~~한 바람이 내 몸을 감싸는데..... 그 순간 너무 행복해서 오늘은 완벽한날이다 생각했다 ㅋㅋ 너무 소소하지만 행복한 하루였다,992,7,자기서사,자기서사|자기참조,160,2025-07-13
"""친구 한 명도 없는 것, 오히려 좋다"" 혼자 있는 시간이 많을수록 점점 똑똑해지는 이유 (이헌주 교수 통합본)",책과삶,@seabase5908,지능이 높으면 지능 낮은 일반 사람과의 대화가 고통이다,983,54,기타,,30,2026-01-03
"혼자 시간을 보내는 사람이 매력 있는 이유, 외로움을 다루는 방법 (feat.오은영)[인스타그램, 인스타중독, SNS, 오은영, 외로움, 자존감, 우울증]",도서관 오목눈이,@eyesonme02,확실한건 이거인듯 혼자여도 할게 있어야함 막연히 폰만 바라보거나 항상 하던 게임 그런게 아니라 새롭게 알아가듯이 뇌를 자극시켜주는게 필요하다고 느낌 쳐질수록 더욱 나태해지는게 본성임 바뀌려 생각만 하지말고 몸이 움직여야함 반복된 일상에 자극을 줘야함,968,2,자기참조,자기참조,139,2024-01-21
"[#유퀴즈온더블럭] 혼자가 제일 편하다는 내향인💦 그 행복, 진짜일까?🤔 행복 심리학자가 말하는 내향인의 진실👀",디글 :Diggle,@또봄-m8s,시대에 따라 다른듯 옛날만해도 내향적이라도 사람들 가끔만나는게 즐거웠는데 지금 시대는 너무 다양한 즐길거리나 휴대폰 컴퓨터등 혼자만의 시간을 써도 부족할만큼 폭이 방대해져서 혼자만의 시간이 소중함,964,12,자기서사,자기서사|자기참조,109,2025-07-11
‼️혼자일 때 (이때가) 진짜 삶을 바꿀 기회다.ㅣ'이혼숙려캠프 상담가' 이호선 숭실사이버대학교 교수ㅣ인생강의,하와이 대저택,@친절한정선생기타,혼자 커피 마시며 책보는 게 가장 행복합니다.,963,10,기타,,25,2025-04-14
똑똑한 사람일수록 친구 적고 외로움 덜 타는 이유ㅣ인간설명서 EP.6,지식인사이드,@블루바다_jyr,친구보다 자연이 더 위안이 되고 좋다 친구 없는 거보다 돈 없는 게 더 무서움,934,19,위안,위안,43,2025-01-13
"""친구 한 명도 없는 것, 오히려 좋다"" 혼자 있는 시간이 많을수록 점점 똑똑해지는 이유 (이헌주 교수 통합본)",책과삶,@전진-v4h,"약속은 한 달에 한두번 잡고 식물 키우면서 시간날 때 그림을 그립니다. 외로울 틈이 없습니다. 햇살 드는 베란다, 연두빛 새잎 올리는 식물, 차 한 잔, 음악까지 더해지는 날은 세상 행복합니다.",933,29,위안,위안,108,2025-12-23
점점 혼자가 편한 이유,픽고 PICKGO,@용희YH,인싸보단 아싸로 사는게 평범하고 편하게사는 방법일지도 모름. 그리고 굳이 인싸로 다들 살필요도 없고 한번뿐인 인생 겪어야할 수많은 힘겨움이 가뜩이나 많은데 맘이라도 자기 성향대로 편하게 살아야. (물론 자기할일은 다하고 남에게 피해주지않는 선),908,5,기타,,136,2023-12-01
은지원 명언 l 결혼을 신중하게 해야하는 이유.,멘탈케어::힐링 심리학 채널::,@user-gv4rl3ju2x,둘이 있을때 외로운게 혼자 있을때 외로운거 보다 훨씬 외로워요.. 슬프기도 하고,902,20,위안,위안,44,2024-04-08
혼자가 더 편한 내향적인 사람의 특징,놀면서 배우는 심리학,@eongj654,"나도 혼자 있을때만 충전되는 스타일임. 그렇다고 못노느냐 하면 그렇지도 않음. 나가면 사람들이랑 어울려서 잘 노는데, 사람들이랑 같이 있으면 에너지가 방전되는 느낌이랄까. 여튼 무조건 혼자 있는 시간이 있어야 함.",901,5,정체성확인,정체성확인|자기참조,119,2023-10-19
똑똑한 사람일수록 친구 적고 외로움 덜 타는 이유ㅣ인간설명서 EP.6,지식인사이드,@백미숙-x3z,형제도 자주보니 힘들어요 형제지만 성격틀리고 생각이 다르죠 자주보니 스트레스입니다 피곤해요 사람들은 자주만나면 피곤합니다,888,21,기타,,67,2024-12-06
나이들수록 오히려 혼자가 되면 편합니다. 친구 없어도 잘사는 사람의 특징 (최명기 원장 1부),지식인사이드,@mrs4367,"다 똑같진 않겠지만 50대가 넘어 보니, 내 맘같은 친구 없고 영원한 것 또한 없습디다..",885,14,정체성확인,정체성확인|자기서사|자기참조,50,2023-09-18
함께 있어도 혼자 겉도는 사람의 2가지 특징,비치키,@hello-kr684,인간관계가 참 어려운 것 같음...,869,0,자기참조,자기참조,19,2026-01-17
혼자가 더 편한 회피형 특징,놀면서 배우는 심리학,@냥냥이-d5h,내가 저런 유형인데 어렸을적 부터 내 감정을 수용받아본경험도 거의 없고 마음고생하는데 나를 도와주는 사람도 없었음 그러다보니 혼자 삭히는게 익숙해짐 그러면서 사람들때매 상처도 많다보니 더이상 인간에게 미련이없음 괴로운거보다 차라리 외로운게 나음,867,12,자기서사,위안|자기서사|자기참조,136,2024-09-07
점점 혼자가 편한 이유,픽고 PICKGO,@예또밤,극 i인데.. 혼자가 편함...그리고 외로움을 안탐 그냥 혼자 여행가고 혼자 영화보고 혼자 밥먹는게 편함 나이들수록 혼자가 더 편한듯😊,861,10,위안,위안|자기참조,76,2024-02-08
똑똑한 사람일수록 친구 적고 외로움 덜 타는 이유ㅣ인간설명서 EP.6,지식인사이드,@insight_popcorn,인간의 불행중 상당수는 혼자 있을 수 없어서 생긴다. ㅡ쇼펜하우어,860,21,기타,,36,2024-12-06
점점 혼자가 편한 이유,픽고 PICKGO,@미세서-l1l,귀찮아 걍... 애들이 가자고 할때 낑겨 가거나 누가 부르면 나감,857,0,기타,,36,2023-12-01
혼자가 편한 사람 특징,픽고 PICKGO,@이은진-q1i,진짜 인정 굳이 연락 일부러 안하고 있다가 생각나서 얀락하면 편하게 연락이 이어지는 관계가 너무 좋음,845,5,정체성확인,정체성확인,56,2023-04-22
나이들수록 혼자가 편해지는 이유. 친구 없이 혼자서 행복해지는 방법 ㅣ Ep. 26 책과사람 (서경석 개그맨 1부),책과삶,@jhk9833,"40이 넘어가니 가족이나 와이프, 친구들이 놀아주거나 연락하면 물론 좋지만 혼자 놔두면 두 배로 더 좋습니다 ㅋㅋㅋ 인간관계는 양보다 질이 중요",844,7,자기서사,자기서사,80,2025-08-23
똑똑한 사람일수록 친구 적고 외로움 덜 타는 이유ㅣ인간설명서 EP.6,지식인사이드,@캐롯점퍼스,언제가는 인간관계는 틀어짐 영원한 관계는 없음,833,15,자기서사,자기서사|자기참조,25,2024-12-16
나이들수록 오히려 혼자가 되면 편합니다. 친구 없어도 잘사는 사람의 특징 (최명기 원장 1부),지식인사이드,@user-pd5tb1kx1s,십대 이십대분들이 이 영상 많이 보셨으면 좋겠네요. 저는 이것을 40대에 코로나 거리두기하면서 깨달았거든요. 좋은친구 만나는일은 좋은부모를 만나는것만큼 힘든 일이에요. 혼자 고요하게 있는 시간이 세상에서 가장 평화로와요,829,5,자기서사,지식|자기서사|자기참조,122,2023-09-26
‼️혼자일 때 (이때가) 진짜 삶을 바꿀 기회다.ㅣ'이혼숙려캠프 상담가' 이호선 숭실사이버대학교 교수ㅣ인생강의,하와이 대저택,@avextrax4371,혼자는 외롭고. 둘 이상은 괴롭다.,828,25,기타,,19,2025-04-11
점점 혼자가 편한 이유,픽고 PICKGO,@orange5186,같이 다니는 것도 에너지 넘치던 시절이나 하는거지 이젠 기빨려서 혼자가 제일 편함. 만나면 괜한 말 할까봐 걱정스럽기도 하고 말많은 사람이랑 같이 있으면 일단 너무 힘듦,825,0,자기참조,자기참조,94,2023-12-15
"""친구 한 명도 없는 것, 오히려 좋다"" 혼자 있는 시간이 많을수록 점점 똑똑해지는 이유 (이헌주 교수 통합본)",책과삶,@chuchu3517,말씀대로라면 저는 천재같아요. 가슴이 벅차오릅니다!ㅎㅎㅎㅎㅎ,812,47,자기서사,자기서사|자기참조,33,2025-12-22
나이들수록 혼자가 편해지는 이유. 친구 없이 혼자서 행복해지는 방법 ㅣ Ep. 26 책과사람 (서경석 개그맨 1부),책과삶,@산타바바라,나의 성공을 친구에게 이야기해도 나의 실패를 친구에게 이야기해도 정말 진심을 담아 축하받고 위로받기 힘듭니다. 나의 성공은 누군가에게 시기와 질투의 대상이 되고 나의 실패는 그들에게 상대적 위안과 술안주감을 제공하지요. 오직 내 아내와 내가 낳은 자식들만이 온전히 나의 성공과 실패에 진심을 다해 기쁘하고 슬퍼해줄 뿐입니다. 저는 오십대가 된후 오직 제 가족 에게 제 모든 시간과 에너지를 쏟습니다.,811,32,자기서사,위안|자기서사|자기참조,223,2025-08-24
나이들수록 오히려 혼자가 되면 편합니다. 친구 없어도 잘사는 사람의 특징 (최명기 원장 1부),지식인사이드,@vertigo4441,결혼도 가족끼리 하고 장례도 가족장으로 하는 분위기가 빨리 와야된다. 과거에는 품앗이라고 서로 보탠 돈이 큰 도움이 되었지만 지금은 여유가 있어서 굳이 눈치보인다고 하객 알바에 돈 쓰고 예식장 장례식장에 돈 퍼다 줄 이유가 없음...,807,29,자기서사,자기서사,130,2023-09-19
혼자가 편한 사람 특징,픽고 PICKGO,@Grassman03,서로 약간 사람 만나는거 별로 안좋아한다는 사실을 알고 둘 다 쿨한 친구끼리 만나는게 최고임 제안을 해도 서로 거절하기 편하고 서로 전혀 불편하지도 않음,791,2,자기서사,자기서사|자기참조,85,2023-04-29
혼자가 편한 사람 특징,픽고 PICKGO,@액션가면-n7o,어릴적부터 성격이 소심하고 재미없으니 어느 무리에 들어가도 노잼이라고 튕겨져 나오거나 만만한 포지션으로 찍히거나 꼭 둘중 하나였어서 어느정도 사리분별 가능한 나이가 되고부터는 인간관계 집착을 버리고 성격적으로 맞고 날 존중해주는 최소한의 인맥 몇명만 남겨두고 살고 있는데 종종 인싸성향 타인으로부터 재미없게 뭐하러 그러고 사냐는 식의 태클이 걸려와도 현재의 삶이 지금까지에 있어서 가장 편하다는 걸 알고 또 혼자만의 취미도 굳건해서 딱히 신경쓰이진 않음ㅋㅋ 다만 사람 많은 곳에서 정신 바짝 차리고 주도적으로 뭔가 해야한다거나 오래 연락 단절돼서 인연 끝인줄 알았던 사람에게서 갑자기 카톡 연락이나 기프티콘 날아왔을때 어떻게 답장하고 보답할지 고민하며 식은땀 흘릴 때면 역시 이런 성격이 원망스러워지기도 하고..🥲,787,8,자기서사,자기서사,400,2023-06-18
혼자서 잘 사는 사람 특징,놀면서 배우는 심리학,@Gmkqjd,제가 혼자여도 괜찮다는걸 알게된것은 문제가 생겼을때 주변사람과 의논하면 동네방네 말들이 많아진다는걸알고 문제해결방법을 책에서 찾기시작하면서 부터예요 책은 도움도 주고 주변에 떨들지도않아요 정말 좋은 친구입니다,787,7,자기서사,자기서사|자기참조,116,2024-12-20
은지원 명언 l 결혼을 신중하게 해야하는 이유.,멘탈케어::힐링 심리학 채널::,@hilllight9518,누군가가 그러더군요 결혼은 홀로서기가 된 사람이 결혼을 해야 행복하게 살수 있다고...,785,14,자기서사,자기서사,48,2024-04-07
함께 있어도 혼자 겉도는 사람의 2가지 특징,비치키,@zazabinks-m8y,"0:50 단절의 외로움은 전혀 안느끼고 오히려 좋은데, 반대로 고립의 외로움은 느껴지는걸 넘어 불쾌하고 짜증나는 수준……",783,6,위안,위안|자기서사|자기참조,67,2026-01-17
"[#유퀴즈온더블럭] 혼자가 제일 편하다는 내향인💦 그 행복, 진짜일까?🤔 행복 심리학자가 말하는 내향인의 진실👀",디글 :Diggle,@SSS-it7ts,"분명 어릴 땐 남을 평가하는 사람들이 너무 싫었는데 어른이 된 나 또한 남을 쉽게 평가하는 사람이 되어있더라 ,,,,",782,9,자기참조,자기참조,65,2025-07-14
나이들수록 혼자가 편해지는 이유. 친구 없이 혼자서 행복해지는 방법 ㅣ Ep. 26 책과사람 (서경석 개그맨 1부),책과삶,@장제경,나이들수록 혼자가 편하더라구요 . 인간관계는 점차줄여가는거 같아요 ..,782,0,기타,,39,2025-08-24
함께 있어도 혼자 겉도는 사람의 2가지 특징,비치키,@danzino-0609,혼자 있어도 취미 생활하거나 자기계발하느라 그렇게 외로움을 느끼지만 않지만 오히려 누군가와 섞여서 소속되어있을 때 서로가 맞지않으면 외로움이 더 크게 다가오는 것 같아요 혼자 있으면 괜찮지만 같이 있으면 외롭다니 참 이처럼 역설적인 상황이 있을까요? 티키타카가 되는 사람이 있는다는게 저는 제일 부러운 것 같아요,777,4,자기서사,위안|자기서사|자기참조,174,2026-01-17
나이들수록 오히려 혼자가 되면 편합니다. 친구 없어도 잘사는 사람의 특징 (최명기 원장 1부),지식인사이드,@김선중-b2k,"진정한 친구는 없다 그저 그런 친구도 없다. 다들 ""타인""일뿐 기쁨을 나눴더니 질투가 되고 슬픔을 나눴더니 약점이 되어 돌아오고 배려를 했더니 권리인 줄 알며 즐겁다고 웃었더니 바보인 줄 알더라 서로 필요와 이익에 따라 연락하며 만날뿐 ""친구""란 ""내 자신""밖엔 없다",769,24,자기서사,자기서사|자기참조,149,2023-09-19
"혼자 시간을 보내는 사람이 매력 있는 이유, 외로움을 다루는 방법 (feat.오은영)[인스타그램, 인스타중독, SNS, 오은영, 외로움, 자존감, 우울증]",도서관 오목눈이,@gag0301,저는 혼자있을때 외로운것보다 다른사람들이랑 있을때 외로움을 느꼈을때 훨씬더 힘들더라고요.... 비참함을 느낀다고 해야되나.... 현타도 오고요.... 그래서 전 혼자있는게 더 편하더라고요,769,7,위안,위안|자기서사|자기참조,104,2023-03-15
혼자 있는 게 더 편한 사람 외향인도 내향인도 아닌 '이 유형' 입니다 ㅣ Ep. 책과사람 70 (김경일 교수님 1부),책과삶,@qwefr-z2k,"저는 생 일, 기념일, 명절 모두 안 좋아합니다 매일이 평일이었으면 합니다",764,27,자기서사,자기서사|자기참조,41,2026-04-03
은지원 명언 l 결혼을 신중하게 해야하는 이유.,멘탈케어::힐링 심리학 채널::,@skdjfhskdjfhskdj,결혼 안하는 사람 : 문제없음 이혼한 사람 : 문제 없음 결혼 하라고 하는 사람 : 문제,761,27,자기서사,자기서사|자기참조,49,2024-04-08
똑똑한 사람일수록 친구 적고 외로움 덜 타는 이유ㅣ인간설명서 EP.6,지식인사이드,@윤-l3j,혼자놀기를 잘하는 사람 멋짐.,758,2,기타,,16,2024-12-07
"친구 한 명 없어도 혼자 잘 지내는 사람들의 '3가지' 장점 (최명기 원장, 한석준 아나운서, 이헌주 교수, 김아라 소장)",지식인사이드,@kim-x7u9f,다 쓸모없는 시간낭비였다는 걸 깨닫고 혼자만의 시간에 집중하며 살고 있습니다 지금 넘 행복해요 최고입니다,750,3,기타,,58,2024-05-07
점점 혼자가 편한 이유,픽고 PICKGO,@밀양박-k8t,"""함께"" 자체가 싫기 보단 ""의미없는"" 함께가 싫은 거임. 1. 다 큰 성인이 화장실 가는 걸 왜 다같이 따라가주려 함? 2. 각자 필요하고 맞는 과목이 다른데 왜 학점이 달린 중요한 강의 시간표를 맞추려 함? 3. 시간이 남아도는 것도 아닌데 각자 먹고싶은 거 찾아가 먹으면 되지 메뉴 통일에 시간쓰는 짓을 왜 함? 혼자 먹기 그런 메뉴 같이 먹어달라도 아니고? 같이 한다고 무조건 좋은게 아닌데 아무생각없이 같이 행동하려는 거... 그게 싫은 거임. 개인으로 태어나 왜 홀로 개인활동을 못함? 집단생활을 굳이 다 안하는 거랑 못하는 게 다르듯이 개인활동을 안하는 거랑 못하는 건 다른 거임. 집단생활을 못하면 사회성이 없는 거고 개인활동을 못하면 주체성이 없는 거임.",749,22,반박,자기참조|반박,375,2024-02-02
똑똑한 사람일수록 친구 적고 외로움 덜 타는 이유ㅣ인간설명서 EP.6,지식인사이드,@gangnam_s2,성공한 사람들은 무리로 다니지 않음. 고독한 시간 속에서야 말로 진짜로 본연의 본질적인 잠재력을 뿜어낼 수 있음,747,15,자기참조,자기참조,62,2024-12-09
혼자가 편한 사람 특징,픽고 PICKGO,@고은하-gyh,난 뒷담을 한 사람이 배신을 했다고 생각해서 상대에게 전해줘야 한다고 생각했었던적 있었는데... 뒷담 들으면 속상하니까 무조건 전하지 않는게 맞더라...,746,7,자기참조,자기참조,85,2023-04-22
혼자가 편한 사람 특징,픽고 PICKGO,@Gyuuuuu-f2i,"자발적 아싸로서 안외롭게 잘 살아남는 법 1. 애써야 하는 관계는 어차피 나중에 멀어질걸 알기에 애초부터 감정소모하기 싫어서 거의 아웃오브안중으로 둠,, (예를들어 매번 과한 리액션이나 시끄러운 이야기 뒷담 잦은연락 등등 이런 부류의 사람들은 그냥 나와 맞지않음) 2.내게 너무 가까워지려하지않는 적당한 인사 가벼운 농담에 사람은 내 옆에 둠 (마주치면 인사 같은 관심사 학교 등 회사 이야기 시간맞으면 가끔 같이 밥먹기 헤어지면 연락거의 안함) 3.주로 같은 관심사에 사람만 내옆에 둠 (그러면 굳이 연락하지 않아도 때에맞춰 연락이 오거나 연락을 먼저하기 부담스럽지않음) 4.가족이 많거나 일찍 부부관계를 맺으면 외로울틈 없음 (가족과 친척만 만나도 바쁘고 배우자 주변으로 인간관계가 또 형성돼서 사람이 줄틈이 없음) 5.자발적 아싸는 업무는 또 잘하고 적당한 선을 잘 지키기때문에 사회생활하며 만난 사람들은 꾸준히 알고 지냄 그럼으로서 결혼을 하게 되거나 경조사때 부를 사람이 없지 않음 6. 자발적 아싸들은 힘든 이야기를 남에게 하는거나 의지하는것 자체를 안좋아하기때문에 나 힘들때 주변에 아무도없을 것을 걱정하지않음 7.자발적 아싸 대부분 선을 넘지않기때문에 윗어른들한테 예쁨 받는 경우가 대부분 ㅇㅇ 자발적 아싸로서 인관관계에 대해 내가 사회성이 부족하나 생각하고 산적도 있었지만 여태껏 주변에 사람이 적다고해서 고통스러웠던 적은 단 한번도 없습니다,, 그치만 제 남편은 인싸에요 ,, 자발적 아싸는 집에 혼자 놔둬주는 인싸를 좋아하기에 ,, 인싸랑 결혼했습니다 ^ㅇ^ 또 제가 놀자하면 잘 놀아줘서 좋아요^ㅇ^",739,22,자기서사,위안|정체성확인|자기서사|자기참조,795,2023-05-03
"진정한 친구가 없어도, 잘사는 사람들의 특징 '3가지' (양창순 박사 2부)",지식인사이드,@riruririririr,친구는 무슨 ㅋㅋㅋㅋㅋ 내 배우자 하나면 행복하기가 바쁜데.. 그리고 사람에게서 좀 멀어지면 그때 비로소 행복이 찾아옵니다… 친구라 해봐야 다 남입니다,738,42,자기참조,자기참조,84,2023-12-11
"""혼자가 가장 행복하다."" 사람이 굳이 외향적일 필요 없는 이유 (남인숙 작가 통합본)",지식인사이드,@insight_popcorn,"인간관계를 맺다보면, 금방 끝나는 인연, 오래가는 인연이 있는 것 같아요. 자주 만나서 공유하고 울고 웃다하면 그 인연이 평생 갈 것 같은데 그게 아니라는 이 아니러니. 인간관계라는 게 참 오묘해요. 금방 끝나기 숴운 인연을 말해보자면, 동네에서 오며가며 알게 된 지인과 매주 브런치 약속을 잡고 일상을 공유하곤 합니다. 아이 이야기, 남편 흉도 보고 시시콜콜한 이야기를 나누며 서로 정도 쌓고 유대관계도 깊어지고.. 현재 상황에서 어려움이 있을 때 가까이 사니까 서로 도움을 요청하기도 하고요 그런데 너무 가까워서 일까요? 공유하는 게 많다 보니 나도 모르는 사이에 내 말이 상대에게 비수를 꼽기도 하고 나도 화살을 맞기도 하며, 나는 이런 의도로 얘기한 게 아닌데 상대는 또 다른 의미로 받아들여서 상처를 받습니다. 서로의 단점도 하나씩 눈에 띄고요 그러다보니. 서로 조금씩 마음의 문을 닫게 됩니다. 내 가치관과 너무 다르네? 얘는 왜 이런 말과 행동을 할까? 서로 상대가 선을 넘었다며 내 안에 갈등이 시작됩니다. 총량의 법칙이 정말로 존재 한다면 짧은 기간 내에 공유를 너무 많이 하는 사이는 그 만큼 헤어짐의 시기도 빨리 다가오는 것 같아요. 반면에 매일 일상을 공유하지 못하는 내적으로 친한 지인과는 그 인연이 오래가는 것 같아요 슴슴하게 잔잔하게요. 큰 틀에서 상대방을 이해할 수 있고 서로 이해관계가 없으니 질투심도 없고 경쟁심도 없어요. 당장에 돕거나 도움받는 관계가 아니니 서로에 대한 기대도 없습니다 그래서일까요? 일년에 한번 볼까 말까한 친구와 만나서 얘기를 나누어보면 마치 어제 만났던 것처럼 친근하고 편안한 시간을 보낼 수 있음을 깨닫게 됩니다 서로 공유한 데이터가 적으니 너는 너 나는 나 하며 존중하고 배려하게 됩니다. 그러니 인연이 오래갈 수 밖에요. 인간관계도 너무 뜨거우면 금새 식어버립니다 영원한건 없더라고요 인연은 더더욱. 내가 아무리 애를 써도 만남과 헤어짐은 결국 하늘에서 정해주는 것 같아요. 그러니 인간관계에 너무 애쓰지 말아요. 인연이면 내곁에 끝까지 남고 아니면 끝납니다 내가 괴로우면서까지 만남을 지속하지 말아요. 인연을 맺는 것 만큼 잘 끊어내는 것도 능력입니다. 그리고 오래 보고 싶은 사람이면 아껴 만나세요 너무 자주 보면 서로 에너지를 너무 많이 쓰게돼요 외롭다고 자주 보면 안돼요 이런 말이 있더라고요 ‘우리의 모든 불행은 혼자 있을 수 없는데서 생긴다.’ 내가 혼자 있는 시간과 고독을 즐길 수 있어야 진정 성숙한 사람이며 어떤 인간관계도 잘 해낼 수 있어요. 내가 나와 사이가 좋아야 다른 사람과도 잘 지낼 수 있어요.",735,36,자기서사,위안|정체성확인|자기서사|자기참조|반박,1278,2024-09-28
"나이 들수록 혼자가 되어야 하는 이유ㅣ노후에는 혼자가 행복하다ㅣ평생친구는 없다ㅣ인간관계ㅣ쇼펜하우어, 니체, 알베르 카뮈, 루소 명언 인생조언",책사람,@영-k2h,"혼자있는 시간이 너무 좋다 음악듣고, 유튜브, 맛있는거먹고, 잠도자고, 산책도하고 하루 하루가 행복하다^^",735,34,기타,,59,2023-07-13
함께 있어도 혼자 겉도는 사람의 2가지 특징,비치키,@Biome_youu,이거 완전 내 얘기자나..,732,0,정체성확인,정체성확인,14,2026-01-17
나이들수록 혼자가 편해지는 이유. 친구 없이 혼자서 행복해지는 방법 ㅣ Ep. 26 책과사람 (서경석 개그맨 1부),책과삶,@구르메뇽,진정한친구 1명만 있어도 성공한 인생입니다.. 진정한 친구 1명도 없다구요???...요상한 사람 주변에 없는 것으로도. 실패한 인생은 아닙니다...,727,15,기타,,82,2025-08-24
인간관계에 지쳐서 혼자가 편한 사람들의 특징,놀면서 배우는 심리학,@TV_Road,"요즘 와닿는 말중에 ""혼자가 좋은 사람은 한때 그 누구보다 사람을 좋아했던 사람이다"" 입니다ㅎ 쇼츠나 영상에서 이런 글이 나올때 그럴수도 있겠다 싶었는데 그 주인공이 내가 될줄은 몰랐고 타인들이 웃거나 행복해 하는 모습이 그렇게 부러울수가 없었다",726,15,자기서사,지식|자기서사|자기참조,137,2025-09-02
나이들수록 오히려 혼자가 되면 편합니다. 친구 없어도 잘사는 사람의 특징 (최명기 원장 1부),지식인사이드,@샤론의꽃-n5q,"100%공감합니다.혼자가 제일 편해요, 사람이 가장 피곤해요. 먼저 안부를 물어주면 응해주는 편이고, 먼저 연락은,일체 안합니다. 누구를 막론하고, 적당한 거리감, 적당한 선을 긋고,가까이 하지 않습니다.★",720,13,정체성확인,정체성확인,115,2023-09-18
혼자가 편한 사람 특징,픽고 PICKGO,@bangtanjimin1995,"ㅇㅇ대학생때 나도 이러고 다니는게 편했음 과에서 뭐 하라는거 있으면 다 무시한채 누가 다가와도 거부아닌 거부를 하고 혼자가 편하다보니 에너지를 안쓰게되니 공부에 더 집중할수있게되고 너무편하고 자유롭게 다녔지 그렇게 졸업했는데 결국 졸업사진 같이 찍을 사람없고 취업했는데 축하해주는 사람 한명없더라 생일때 카톡 선물은 당연하고. 그래서 회사 다니면서는 다 밝게 대해주고 말도 먼저 걸고 밥도 최대한 같이 먹으면서 잘 지내고 있음. 그랬더니 생일때 10명넘게 축하한다고 카톡이 오고 좋은말도 많이 해주고 밥도 사주고 서로 거리감없이 잘 지내고 있음. 지금 생각해보면 나만 에너지를 쓴다고 생각한게 오산이었던거지 분명 나한테 말걸어주고 친하게지내려 해주는 사람들도 용기내서 에너지를 써준걸텐데. 인생은 혼자라는말, 혼자가 편하다는말 어느정도는 공감하지만 그렇게할거면 거기에 맞는 댓가도 스스로 치뤄야된다고봄. 결혼식때나 돌잔치때 오는 친구나 직장동료 아무도없고 늙어서도 결국 친구없이 혼자 외톨이로 늙어가겠지",716,23,자기서사,지식|정체성확인|자기서사|자기참조,505,2023-04-22
나이들수록 오히려 혼자가 되면 편합니다. 친구 없어도 잘사는 사람의 특징 (최명기 원장 1부),지식인사이드,@speedchange4355,"인생의 황혼기에 접어든 제가 젊은 분들에게 충고 한마디 하겠습니다. 이 세상에 진정한 친구는 없습니다. 학창 시절 어릴땐 싸움잘하는 친구들이 주변에서 너도나도 친해질려는 친구였고, 어른이 되어서 사회에 나가서는 돈 많은 친구들이 주변에서 너도나도 친해질려는 친구였습니다. 그러나, 친구뿐만이 아닌 나이가 다른 지인이나 인간성 좋아 보이는 이웃이나 직장동료나 아무리 좋은 인맥이라도, 한결같은 공통점은 남 잘되는거 좋아하는 사람은 없습니다. 남 잘되는거 좋아하는 사람은 오직 내 가족뿐입니다. 그러므로, 내 가족이 아닌 친구,지인,이웃, 동료 뿐만이 아닌 모든 아는 사람과는 내 가족과 구분할수 있는 분명한 선을 지켜야 하고 절대 넘지 말아야 합니다. 이런 간단한 인간 관계의 진리를 한살이라도 젊을때 깨달아야 합니다.",713,30,자기서사,지식|정체성확인|자기서사|자기참조,401,2023-09-18
"[#유퀴즈온더블럭] 혼자가 제일 편하다는 내향인💦 그 행복, 진짜일까?🤔 행복 심리학자가 말하는 내향인의 진실👀",디글 :Diggle,@tweety0878,인간관계는 항상 적당한 거리를 둬야 함 너무 멀지도 가깝지도 않게 추운 겨울 난로에서 너무 멀어지면 춥지만 그렇다고 너무 가까이 다가가면 화상 위험이 있기에 적당한 거리 유지 필수 인간관계도 마찬가지,708,3,기타,,111,2025-07-11
혼자 있을 때 가장 행복한 사람 특징,놀면서 배우는 심리학,@적당한일주일,나 자신과 친한지는 잘 모르겠음.. 그러나 남의 일에는 관심이 전혀 안생긴다는 것 하나는 확실함,697,5,자기서사,자기서사|자기참조,53,2024-06-18
똑똑한 사람일수록 친구 적고 외로움 덜 타는 이유ㅣ인간설명서 EP.6,지식인사이드,@green-cy6lk,전 제가 즐기는 운동하면서 혼자일때가 제일좋고 혼자 잘놀고 즐깁니다,688,13,자기서사,자기서사|자기참조,37,2024-12-06
친구가 없어도 '혼자 잘 지내는' 사람 특징,멘탈케어::힐링 심리학 채널::,@심쿵두루,무례하고 선 넘는 사람들이 싫어서 여러 사람들에게 둘러 쌓인 환경은 스트레스예요 혼자 고요하고 평온하게 있는게 힐링이에요 혼자서도 잘 지낸답니다,684,13,기타,,80,2022-08-01
인간관계에 지쳐서 혼자가 편한 사람들의 특징,놀면서 배우는 심리학,@좋음-h5g,"맞습니다. 저는 상대방한테 피해준게 없는데 싫은장난,무시하는말 지속적으로 들으면 진짜 정 떨어져서 그사람 존재만으로도 꼴도 보기싫고, 같은공간에 숨쉬는것도 싫어요ㅠ 그런사람이 제게 질문하면 단답만 하게되는것 같아요😊",683,16,자기서사,자기서사|자기참조,121,2025-09-02
점점 혼자가 편한 이유,픽고 PICKGO,@최고응가,혼자 다니는거 어느 순간 맛들려서 도장깨기 하듯이 혼자 다님 진짜 너무 편함. 사실 물어보려다가도 시간 조율하고 어쩌구 저쩌구 하는거 생각 확 들면서 귀찮아서 혼자 다니는거 선택할때가 많음. 얼마전에는 애슐리도 혼자 갔다옴,675,20,자기참조,자기참조,124,2024-02-01
"""친구 한 명도 없는 것, 오히려 좋다"" 혼자 있는 시간이 많을수록 점점 똑똑해지는 이유 (이헌주 교수 통합본)",책과삶,@승원-p7u,똑똑한사람 확실히 혼자를 즐김ㆍ여럿 우르르 싫어함ㆍ,674,6,기타,,28,2025-12-23
혼자 있을 때 가장 행복한 사람 특징,놀면서 배우는 심리학,@eschoi924,제 자신이 제일 좋은 친구지요. 혼자집에서 놀고 맛난거 먹고 너무 편하고 즐거워요.,668,2,자기참조,자기참조,46,2024-06-18
인간관계에 지쳐서 혼자가 편한 사람들의 특징,놀면서 배우는 심리학,@cdab8691,사람 여럿 손절한 뒤 발견한 공통점 몇 가지 1. 나는 그들에게 진심이었고 최선을 다 했다. 2. 헌신하면 헌신짝된다고 버릇들 나빠져서 슬슬 나를 열 받게 만드는 행동들을 하기 시작한다. 3. 결국 개빡쳐서 손절쳤다. 4. 손절당한 뒤 나를 그리워한다. 타인이 내게 베푸는 호의는 당연한 것이 아님을 항상 기억하며 있을때 잘들 합시다.,657,20,자기서사,자기서사|자기참조,187,2025-09-04
혼자 있을 때 가장 행복한 사람 특징,놀면서 배우는 심리학,@불꽃지현,난 혼자가 진짜 편해요❤,648,3,기타,,13,2024-06-18
혼자가 편한 사람 특징,픽고 PICKGO,@duck5006,자발적아싸가 나쁜건 아닌데 정작 인싸들이 가장 뒷담화 하기 좋은케이스이기도 하지요 인싸들이 가장 이해안가는부류 이거든요 그래서 온갖 험담과 자기들기준으로 뒷담화도 많이하죠 그리고 오히려 자발적 아싸가 잘못하거나 나쁜짓을 한것도 아닌데도 악의적으로 싫어한다거나 아예 인간으로서 무시해버리죠 그래서 뭐 좋은인싸는 상관없는데 인간성 안좋은 인싸의경우 자발적아싸와 사이 굉장히 안좋음.,647,12,반박,반박,211,2023-04-22
"진정한 친구가 없어도, 잘사는 사람들의 특징 '3가지' (양창순 박사 2부)",지식인사이드,@석화권-e5y,"나이들어 동창,모임다 끊었다,,시기,질투,구설,,나혼자 행복하게 살아보니 잡음없어 좋다~내가 사는 나의집이 천국😊",647,6,자기서사,자기서사|자기참조,64,2023-12-17
나이들수록 오히려 혼자가 되면 편합니다. 친구 없어도 잘사는 사람의 특징 (최명기 원장 1부),지식인사이드,@벅이뚜-d6h,"진짜 살면서 믿을사람 1도 없습니다. 어릴때는 친구가 많은듯 했지만 중년이 된 지금은 친구가 1도 없네요. 직장생활 하면서 만났던 친구 모임을 통해서 만났던 친구 처음에는 잘 통해서 평생친구로 갈수 있을거라 생각해서 간,쓸개 다 빼줬는데 아무소용 없네요. 인생은 어차피 혼자라는 사실을 절대 잊어서는 안될것 같습니다.",646,12,자기서사,자기서사,177,2023-09-30
"""친구 한 명도 없는 것, 오히려 좋다"" 혼자 있는 시간이 많을수록 점점 똑똑해지는 이유 (이헌주 교수 통합본)",책과삶,@맛도리참외,혼자 내 할일 하는 내가 너무 멋져,646,9,자기참조,자기참조,19,2025-12-22
혼자 살다가 행복하게 죽는 5가지 방법 #삶의지혜 #행복한노후 #100세시대,골든가이드,@user-ckdrb99,나이들어 이사람 저사람 만나는 것 보다 혼자 일상을 즐기며 즐겁게 사는게 답입니다ᆢ,642,18,자기서사,자기서사|자기참조,46,2025-08-02
혼자가 편한 사람 특징,픽고 PICKGO,@유튜버준용,근데 카톡 답장은 해줘야지...이건 예의가 없는거임,629,8,자기참조,자기참조,28,2023-04-25
나이들수록 혼자가 행복한 이유 | 온전한 나로써 행복해지는 법 | 쇼펜하우어의 인생론 행복론 | 처세술 | 명언 | 인생의 지혜 | 인간관계,만인의 현인,@브레인빛,저는 불교 경해석 공부를 오랫동안 했더니 외로움 자체가 없고 행복 하답니다.오히려 사람을 만나는 것이 귀찬고 노동을 한 느낌이라 혼자가 행복 하고 좋아요.나이들고 나서 저가 먼저 전화를 하는일이 없고 상대들이 전화가 와서 있을때 챙기라고 하는데...혼자가 더 행복 하고 자유롭고 좋아요.,627,51,자기서사,위안|지식|자기서사|자기참조,160,2023-08-26
나이들수록 오히려 혼자가 되면 편합니다. 친구 없어도 잘사는 사람의 특징 (최명기 원장 1부),지식인사이드,@BackVans,친구란 편해야합니다. 근데 만나서 스트레스받고 감정소비하고 진짜 왠수만도 못해요. 특히 성질안좋거나 돈안쓰는 친구는 미련없이 인연끊어야해요.,627,7,기타,,78,2023-11-05
나이들수록 오히려 혼자가 되면 편합니다. 친구 없어도 잘사는 사람의 특징 (최명기 원장 1부),지식인사이드,@세자빈-y3b,"진정한 친구는 진짜 드라마 영화나 나오는 허상입니다. 환상같은거죠. 힘들때 진심으로 위로해주고 도움주고, 좋은일 생겼을때 질투하나없이 진정으로 축하해주고, 내일처럼 발벗고 나서고, 함께있으면 마냥 행복한?ㅎㅎ 다 파랑새같은 환상이에요. 진짜 그런 친구가 있고 본인도 같은 마음이라면 진짜 행운을 얻으신거에요. 세상 다 내 마음같지 않답니다. 아무리 죽고 못살던 친구라도 결혼하고 아이생기고 가정 상황이 달라지고 벌이가 달라지고 바뀌면 유지할수가 없습니다. 친구한테 너무 바라지말고 너무 주지도말고 그냥 적당한 선을 그어두세요 흘러가는대로. 그래야 나중에 상황 관계가 변했을때 덜 힘듭니다. 영원한 친구는 없어요. 다 스쳐지나가기 마련입니다",615,9,자기서사,위안|자기서사|자기참조,357,2023-09-20
혼자 살다가 행복하게 죽는 5가지 방법 #삶의지혜 #행복한노후 #100세시대,골든가이드,@최지원-f4c,외로울때는 .산책.걷기운동하세요 마음 이 편안하고.희망 이 생깁니다.,614,14,위안,위안,38,2025-07-30
혼자 있는 게 더 편한 사람 외향인도 내향인도 아닌 '이 유형' 입니다 ㅣ Ep. 책과사람 70 (김경일 교수님 1부),책과삶,@sera-gj1zt,특히 돌잔치!!는 가족끼리해라,613,12,자기서사,자기서사,16,2026-04-04
"친구 한 명 없어도 혼자 잘 지내는 사람들의 '3가지' 장점 (최명기 원장, 한석준 아나운서, 이헌주 교수, 김아라 소장)",지식인사이드,@Putdown056,혼자 즐기고 혼자 가고싶은데로 가고 먹고싶은거 맘대로 먹고 혼자인게 너무 편하다. 돈을 많이 못벌어도 인간관계 극단적으로 줄이고 혼자 할 수 있는걸 늘여놓으니 맘이 편해도 너무 편하다. 예전으로 돌아가고 싶지도 않고 지금이 너무 좋다. 평온한 일상에 감사 하면서 살아가려고 합니다.,612,7,기타,,157,2024-05-04
"혼자 있을 때 더 편안한 사람, 알고보니 '이 유형' 입니다 (김경일 교수님 통합본)",책과삶,@해바라기-s7r,월 바라는 마음을 버리니 생일을 안 챙겨 줘도 서운한 맘이 없다 그냥그냥 혼자 있을 때가 더 좋다 나만의 시간~,609,3,기타,,62,2026-05-04
혼자 있는 게 더 편한 사람 외향인도 내향인도 아닌 '이 유형' 입니다 ㅣ Ep. 책과사람 70 (김경일 교수님 1부),책과삶,@jse5217,선물 받으면 또 나중에 줘야할거 생각하고 신경쓰기가 스트레스 받아서 챙기기 싫어요. 챙김 받기도 싫고,605,1,기타,,56,2026-04-04
똑똑한 사람일수록 친구 적고 외로움 덜 타는 이유ㅣ인간설명서 EP.6,지식인사이드,@호랑이곶감-l8v,"우정을 가장 중요하게 여기며 살아 온 50대 입니다 나이드니 자식 자랑,남편 흉 대화도 지겹고 뻔한 이야기에 시간이 아깝다 생각이 드네요 친구들과 어울린 그 시간에 돌어가신 부모님께 더 잘 할걸 하는 후회도 들고 외롭다고 사람 찾지 말고 내 스스로 내적 힘을 키워야 겠구나 싶어 일 , 운동 .독서 등 에 집중하니 삶의 만족도가 더욱 높아지네요 통장 잔고 만큼 시간과 에너지를 아껴서 자신을 위해 살아야 해요",604,17,자기서사,자기서사|자기참조,228,2024-12-06
혼자 있는 게 편하다는 사람들의 진짜 속마음ㅣ지식인초대석 EP.65 (박재연 소장 2부),지식인사이드,@바라보기-n9g,껍질을 깨고 진짜 자기 극복을 해 보신 분이라면 진짜 슬픔과 외로움에서 벗어나 사랑을 알고 행복해보신 분이라면 이분의 말이 성숙한 해답임을 깨닫습니다.,603,11,위안,위안,84,2025-09-21
나이들수록 오히려 혼자가 되면 편합니다. 친구 없어도 잘사는 사람의 특징 (최명기 원장 1부),지식인사이드,@권성은-s2t,친구가없으면 큰일이날것같아도. 막상 큰일은 친구 때문에 많이 일어난다,603,15,자기서사,자기서사,38,2024-03-12
나이들수록 오히려 혼자가 되면 편합니다. 친구 없어도 잘사는 사람의 특징 (최명기 원장 1부),지식인사이드,@user-pop202,나이 40먹고 동네 맘들이랑 진정한친구를 꿈꾸며 맘쓰고 돈쓰고 시간쓰고 노력을 해봤는데 한달정도 재밌고 그뒤로 각자 조금씩 맘에 안드는게 생기기시작하고 시들하게 가식적으로 유지되더니 일년뒤엔 길가다 마주치면 눈피하게 되더라구요. 😂,602,15,기타,,130,2023-09-19
‼️혼자일 때 (이때가) 진짜 삶을 바꿀 기회다.ㅣ'이혼숙려캠프 상담가' 이호선 숭실사이버대학교 교수ㅣ인생강의,하와이 대저택,@자유인-c4e,고독을 즐겨야한다 인생은 고독한것이다,594,1,기타,,20,2025-04-11
함께 있어도 혼자 겉도는 사람의 2가지 특징,비치키,@Hoya18,"제목만 봐도 완전 나임ㅋㅋ 내가 아무리 많은 사람들이랑 같이 있어도 진정한 나는 내 안 어딘가에 항상 숨어있거든... 몸만 같이 있을 뿐, 같이 있어도 같이 있는 게 아님ㅋㅋ",591,4,정체성확인,정체성확인|자기서사|자기참조,97,2026-01-17
혼자 있는게 더 행복한 사람의 특징,놀면서 배우는 심리학,@zeen6017,가끔 외롭긴 한데 사람들 만나면 후회함.. 대부분 술 마시자 아니면 수다떨기 인데 다음날 기억도 제대로 못할 얘기 하는것도 무의미 하고 지인 뒷담화 연예인 얘기 누가 어쨌고 블라블라 잠을 자든 집 청소를 하든 뭘 해도 그것보단 낫겠다 싶음,590,6,자기참조,자기참조,133,2024-05-23
"진정한 친구가 없어도, 잘사는 사람들의 특징 '3가지' (양창순 박사 2부)",지식인사이드,@오명근-o3m,저의 진정한 친구는 제 자신입니다!,590,10,자기참조,자기참조,19,2023-12-14
혼자 있는게 더 행복한 사람의 특징,놀면서 배우는 심리학,@mj-gn4qi,혼자 있으면서 에너지 충전합니다..ㅎㅎ 저도 몰입하는거 좋아합니다.,589,1,정체성확인,정체성확인|자기참조,37,2024-05-08
나이들수록 오히려 혼자가 되면 편합니다. 친구 없어도 잘사는 사람의 특징 (최명기 원장 1부),지식인사이드,@김자갈돌,60세 정년퇴직자입니다. 친구는 내가 필요 할 때만 같이하면 됩니다. 그 친구도 역으로 똑같습니다. 친구가 최고다고 외치는 사람들 대부분 부부관계가 원만하지 않거나 과시욕이 센 사람들이라고 봅니다. 나이 들어도 혼자 잘 노는 사람이 행복할 수 있습니다.,588,10,자기서사,정체성확인|자기서사|자기참조,141,2024-01-03
혼자가 더 편한 회피형 특징,놀면서 배우는 심리학,@tatazumair3116,"정답 정답 대정답 내 할일 남한테 도와달라고 하기 싫고, 나도 누구 도와주기 싫음. 선넘는짓 하면 내가 끝냄",583,2,정체성확인,정체성확인|자기참조,60,2024-07-31
"진정한 친구가 없어도, 잘사는 사람들의 특징 '3가지' (양창순 박사 2부)",지식인사이드,@이나무-k8z,아는 사람은 많아도 친한 사람은 별로 없어요. 그게 좋아요.사람만나면 말을 해야되지만 저녁에 생각해보면 90%는 안해도 될말들! 덜 만나면 말로 죄를 만들지도 않고. 50넘어서는 혼자서 단단해지는거 더더욱 중요하더라구요.,578,2,기타,,123,2023-12-13
"혼자 있을 때 더 편안한 사람, 알고보니 '이 유형' 입니다 (김경일 교수님 통합본)",책과삶,@sang79us,선물 주는건 상관없는데 선물받는 상황이 싫답니다. 괜히 빚지는 기분이 들어요,576,12,기타,,42,2026-05-05
은지원 명언 l 결혼을 신중하게 해야하는 이유.,멘탈케어::힐링 심리학 채널::,@카오스이론,혼자 사는게 더 맞는 사람이 분명히 있다고 생각해요. 존중합니다.,574,6,기타,,36,2024-06-11
혼자서 잘 사는 사람 특징,놀면서 배우는 심리학,@rlagus57,타인은 지옥이다,574,3,기타,,8,2024-12-19
나이들수록 오히려 혼자가 되면 편합니다. 친구 없어도 잘사는 사람의 특징 (최명기 원장 1부),지식인사이드,@모난돌-x3i,내가 안정이 되야 진정한 친구도 많다라고 하시는 말씀이 와닿네요. 감사합니다.,573,6,위안,위안|자기참조,43,2023-09-18
똑똑한 사람일수록 친구 적고 외로움 덜 타는 이유ㅣ인간설명서 EP.6,지식인사이드,@고래친구12,친구 많아 봐야 아무 의미 없음 10번 잘해도 1번 잘못하면 손절하는게 친구임,570,13,자기참조,자기참조,43,2024-12-28
"""친구 한 명도 없는 것, 오히려 좋다"" 혼자 있는 시간이 많을수록 점점 똑똑해지는 이유 (이헌주 교수 통합본)",책과삶,@임영영-e3y,최고의 취미는 혼자서 하는 산책이다. 온 세상을 오롯이 혼자 느낄 수 있다.,566,10,기타,,42,2026-01-16
은지원 명언 l 결혼을 신중하게 해야하는 이유.,멘탈케어::힐링 심리학 채널::,@NaughtyRobin,인생에 정답은 없고 선택 뿐이다. 응원 할 것도 없고 비난 할 것도 없다,562,5,기타,,40,2024-04-08
"[#유퀴즈온더블럭] 혼자가 제일 편하다는 내향인💦 그 행복, 진짜일까?🤔 행복 심리학자가 말하는 내향인의 진실👀",디글 :Diggle,@대한민국-s7q,"1.운동후 샤워할때 행복함 2.목욕탕 온탕에 들어갔을때 행복함 3.열심히공부해서 자격증취득할때 행복함 4.작업할때 막힘 없이 해결했을때 행복함 5.건강검진후 건강했을때 행복함 6.사고싶은 제품 싸게 샀을때 행복함 7.월급날 행복함 8.빚없이 집샀을 때 행복했음 9.첫차샀을때 행복했음 10.재밌는 영화나 드라마볼때 행복함 11.추운겨울날 이불속에 들어 갈때 행복함 12.퇴근하고 빚없이 산 내 집에 갈때 행복함 13.응원하는 팀이 이겼을때 행복함 14.원하던 아이템먹을때 행복함 15.새로운 전자기기 나왔을때 사기전 비교할때 행복함 내가 가지지 못한걸 과감히 포기했을때 (결혼, 아이, 비싼집, 비싼차, 연애, 고연봉의 직업, 투자 등) 마음이 평안해지면서 작은 것에 감사하게 되고 일상의 작은 것에도 행복을 느낌 ❤",557,9,자기서사,지식|자기서사|자기참조,401,2025-11-23
혼자가 더 편한 내향적인 사람의 특징,놀면서 배우는 심리학,@alexe8097,혼자서 잘 지내지 못하는 사람은 보통 외로움을 많이 타는 사람인 경우가 많은듯. 항상 어울려야 함.,556,5,위안,위안,55,2023-10-17
혼자 있는게 더 행복한 사람의 특징,놀면서 배우는 심리학,@냥글바글,선지키며 지내는건 좋아함,555,2,기타,,13,2024-05-08
은지원 명언 l 결혼을 신중하게 해야하는 이유.,멘탈케어::힐링 심리학 채널::,@wjdjstk,결혼은 안하면 외롭고 하면 괴롭다고 하죠. 괴로움도 그나마 긍정적인 편이지 정말 사랑도 의리도 없고 마음도 안맞는 사람과 살아간다면 괴로움과 외로움을 동시에 맞이 할껍니다,554,33,위안,위안|자기서사,95,2024-04-07
"혼자 시간을 보내는 사람이 매력 있는 이유, 외로움을 다루는 방법 (feat.오은영)[인스타그램, 인스타중독, SNS, 오은영, 외로움, 자존감, 우울증]",도서관 오목눈이,@BlueDeepSKyinTheOCEAN,학창 시절부터 가장 친한 한 명이라는 게 없었음. 집단 내에선 잘 속하는데 세명이랑 있으면 그 중 둘은 나름 알고 지낸 사이고 난 이방인인 느낌임. 부모님도 크면서 느낀건데 두 분은 서로 잘 아시지만 대화도 내가 하면 지적대상이 되어버려서 셋이 있어도 대화에도 못끼고 소외되는 기분..늘 그랬던것 같음. 자꾸 고치고 개선해도 내가 제일 가까운 친구나 사람인 누군가를 사귄 적이 없음. 솔직히 분노나 슬픔은 몸의 반응으로 알겠는데 기쁨이나 놀람 등 다른 감정은 내가 정말 느끼고 있는게 맞는지 아니면 사회화로 숙달된 반사적인 행동인지도 구분이 안감. 항상 놀라는 반응을 하면서도 남들 눈치보고 속으로는 이게 놀랍나 싶은 생각이 듦. 다른 사람들 감정도 공감 못하겠어서 항상 나만 뭔가 따로 노는 기분임.,550,17,자기서사,정체성확인|자기서사|자기참조,392,2023-03-04
"""혼자가 가장 행복하다."" 사람이 굳이 외향적일 필요 없는 이유 (남인숙 작가 통합본)",지식인사이드,@lokoko1262,난 코로나 터지고나서 혼자 있는거 좋아하는 사람들 많아지고 개인주의 성향에 대한 인식이 조금 달라진게 너무 좋음. 주변에서 어울리기 싫은데 억지로 끙끙 관계 유지하면서 징징대는 사람들보면서 이해안갔는데 요즘은 그냥 다 연락 끊고 잘 지내는 사람들 많음 ㅋ,544,13,반박,반박,142,2024-09-28
"혼자 있을 때 더 편안한 사람, 알고보니 '이 유형' 입니다 (김경일 교수님 통합본)",책과삶,@소나무-n8v,혼자서도 잘지내고 조용한것 좋아하고 외롭지도 우울하지도 않고 좋음,539,13,기타,,36,2026-05-12
혼자가 더 편한 내향적인 사람의 특징,놀면서 배우는 심리학,@기부천사-r9q,진짜 한달동안 한번도 안나가고 생활 가능함 ㅋㅋㅋ 찐 내향인,539,10,자기참조,자기참조,33,2024-05-01
"혼자 시간을 보내는 사람이 매력 있는 이유, 외로움을 다루는 방법 (feat.오은영)[인스타그램, 인스타중독, SNS, 오은영, 외로움, 자존감, 우울증]",도서관 오목눈이,@승환백-v2k,혼자 있는 게 외로워 연애를 했습니다. 외로움이 해소되는 듯했습니다. 함께 있으니 너무나 행복했습니다. 그렇지만 외로움 때문에 시작한 연애와 그 사람이 정말 좋아서 시작한 연애의 차이점은 바로 그 관계에서 문제가 발생했을 때 나타나는 것 같습니다. 나와 다른 부분을 발견했을 때 저는 그 관계가 무너지는 게 두려워 겉으로 드러내지 않았습니다. 괜찮은 척 맞춰주는 척 했습니다. 그러다 보니 알게 모르게 제 마음의 앙금은 점점 쌓여만 갔고 나중에는 연애를 하고 있으면서도 외로움을 느꼈습니다. 그리고 그 외로움의 이유를 애인에게서 찾았습니다. 그러다보니 결국 그 사람과의 좋지 못한 결말을 초래했습니다. 그 사람과 헤어지고 나니 외로움은 더욱더 커져있었습니다. 그 사람이 채우고있던 자리까지 매우기 위해 저는 빠르게 다음 사람을 찾으려 했습니다. 그러나 어느순간 외로움의 악순환에 빠져 잘못된 행동을 하고 있다고 느꼈습니다. 다음 사람을 만나더라도 외로움이 해소되는 건 순간일 뿐. 다시 같은 상황이 반복될 확률이 높다고 느꼈습니다. 그래서 문제의 초점을 나 자신에게서 찾아 보고자 영상을 켰는데 저에게 너무나 도움이 되는 영상이었습니다. 덕분에 현재 제 상태를 진단할 수 있었고 어떻게 해결해야 할지 갈피를 잡을 수 있을 것 같습니다. 안정적이고 상처를 주지 않을 것 같은 사람을 만나는 게 중요한 게 아닙니다. 자신이 먼저 그런 사람이 되어야 어떤 상황에도 쉽게 흔들리지 않고 또 그런 안정적인 사람도 쉽게 만날 수 있다고 생각합니다. 불안형은 불안형에게서 매력을 느낀다고 합니다. 이제 스스로를 돌아보는 시간을 가지면서 홀로 서는 법을 익히고 싶습니다. 그리고 홀로 서는 법은 연인관계 뿐 아니라 여러 인간관계에서도 적용이 되리라 생각합니다. 외로움의 형태는 다양하기 때문에 전 애인과의 상황이 친구나 가족에게서도 비슷한 패턴으로 나타났던 것 같습니다. 스스로 일어설 줄 알아야 타인에게 과도한 의존를 하지 않게 됩니다. 그렇게 된다면 타인의 말한마디 행동하나에 더 이상 휘둘리지 않게 될 수 있다고 생각합니다,538,20,자기서사,위안|자기서사|자기참조,1015,2024-05-07
혼자 있는 게 더 편한 사람 외향인도 내향인도 아닌 '이 유형' 입니다 ㅣ Ep. 책과사람 70 (김경일 교수님 1부),책과삶,@정숙희-r9j,"아,나네,생일의미안두는데. 매일 만족한 삶을 사려고 노력하고,타인에 의해 행복 즐거움 안찾는 타입.",536,8,기타,,55,2026-04-03
혼자가 더 편한 내향적인 사람의 특징,놀면서 배우는 심리학,@gjairwlwh,사람이 싫다기보단 행복을 위해 굳이 타인이 필요하지 않은것 뿐,533,3,기타,,34,2023-11-05
함께 있어도 혼자 겉도는 사람의 2가지 특징,비치키,@정-iwe,근데 사람 겉돌게 만드는 애들이 있음 기본적인 배려가 부족해서 셋이 같이 걷고 있는데도 둘이서 대화하느라 정신 팔려서 막 뛰놀고 내 말은 다 튕겨져 나오고... 작년에 겪어봄 그런 느낌 처음이었음,524,2,자기참조,자기참조,109,2026-01-31
혼자서 잘 사는 사람 특징,놀면서 배우는 심리학,@scalet-h4r,홀로 있을 줄 알아야 자신에 대한 철학이 가능합니다. 고립이 아닌 자발적 고독을 즐길 줄 알아야합니다...🎉🎉🎉,518,7,기타,,65,2024-12-19
나이들수록 혼자가 편해지는 이유. 친구 없이 혼자서 행복해지는 방법 ㅣ Ep. 26 책과사람 (서경석 개그맨 1부),책과삶,@슬픈개굴01,인간관계는 필요없다. 내가 잘나가면 붙는게 사람이고 내가 망할때 떠나가는것도 사람이지.,514,5,자기참조,자기참조,48,2025-08-25
"[#유퀴즈온더블럭] 혼자가 제일 편하다는 내향인💦 그 행복, 진짜일까?🤔 행복 심리학자가 말하는 내향인의 진실👀",디글 :Diggle,@b.b9623,연구를 많이 하셔서 피곤해 보이시지만 위트를 보면 행복한분이 맞는거 같습니다^^,511,0,기타,,44,2025-07-11
"""친구 한 명도 없는 것, 오히려 좋다"" 혼자 있는 시간이 많을수록 점점 똑똑해지는 이유 (이헌주 교수 통합본)",책과삶,@정란서-x6y,쇼핑도 혼자가 편해요.,509,8,기타,,12,2025-12-24
똑똑한 사람일수록 친구 적고 외로움 덜 타는 이유ㅣ인간설명서 EP.6,지식인사이드,@유튜버-l4h,"진정한 친구는 있으면 좋고, 스트레스 주는 친구는 없는게 낫고",507,5,기타,,34,2024-12-31
"[#유퀴즈온더블럭] 혼자가 제일 편하다는 내향인💦 그 행복, 진짜일까?🤔 행복 심리학자가 말하는 내향인의 진실👀",디글 :Diggle,@hyejinjo3664,"알바하러갈때 차안에서 사과를 먹으며 경치를 구경하는게 너무 행복해요 정말 소소한 행복이고, 매일보는 길이지만 갈때마다 행복해요 이런행복을 자주 제 인생에서 찾으면 좋겠어요",505,5,자기참조,자기참조,95,2025-07-14
점점 혼자가 편한 이유,픽고 PICKGO,@요시-f3c,아직 대학교 안가봤지만 대학생들도 혼자가 편하다고 생각하는 사람 많을듯해..,505,6,기타,,42,2023-12-01
나이들수록 혼자가 편해지는 이유. 친구 없이 혼자서 행복해지는 방법 ㅣ Ep. 26 책과사람 (서경석 개그맨 1부),책과삶,@이형주-g7k,퇴직하면 인간관계의 90프로가 곧바로 정리됨ㅜ,505,7,자기참조,자기참조,25,2025-08-24
혼자 있는게 더 행복한 사람의 특징,놀면서 배우는 심리학,@Anho_1144,"혼자 있는 것을 좋아하는 사람들 중에서는, 사교성이 떨어져서가 아니라 본인과 수준이 맞는 사람이 많지 않아 고독하고 값진 시간을 선택하는 자들도 있을 듯. 쇼펜하우어도 그에 속하고… 쇼펜하우어만큼 명석하진 않더라도 자기 환경에서 명석한 경우 고독이 필연적인 듯. 고독할 때 더 인풋이 많기에(독서와 연구에 심취라느라 바쁨)…",504,5,기타,,181,2024-05-19
"친구 한 명 없어도 혼자 잘 지내는 사람들의 '3가지' 장점 (최명기 원장, 한석준 아나운서, 이헌주 교수, 김아라 소장)",지식인사이드,@りーちゃん-w9s,중년이 되니까 신선한 이야기가 적고 건설적인 이야기가 적어서 만나도 재미가 없다😢나는 요즘 유튜브로 멋진 강의를 들을 때 즐겁다...가는 사람 붙잡지 말고 오는 사람 중에서 고른다...😂,501,11,정체성확인,정체성확인|자기서사|자기참조,106,2024-05-04
은지원 명언 l 결혼을 신중하게 해야하는 이유.,멘탈케어::힐링 심리학 채널::,@장재원-q4c,집이 편해야하는데란 말이 너무 공감된다,500,6,정체성확인,정체성확인,21,2024-04-08
나이들수록 혼자가 행복한 이유 | 온전한 나로써 행복해지는 법 | 쇼펜하우어의 인생론 행복론 | 처세술 | 명언 | 인생의 지혜 | 인간관계,만인의 현인,@최악을상상하라,인간관계라는게 술하고 똑같다...마시고 난후에는 숙취만 남고 허무하다...외로워서 만나보지만 결국 인생은 혼자다...,498,8,위안,위안|정체성확인,65,2024-10-15
혼자 살다가 행복하게 죽는 5가지 방법 #삶의지혜 #행복한노후 #100세시대,골든가이드,@Y.마가렛,나이들면 외롭지 안아요. 혼자가 편하고 좋아요. 거기다 돈만 넉넉히 잇으면 금상첨화네요.ㅎㅎ,498,9,기타,,51,2025-07-31
"나이 들수록 혼자가 되어야 하는 이유ㅣ노후에는 혼자가 행복하다ㅣ평생친구는 없다ㅣ인간관계ㅣ쇼펜하우어, 니체, 알베르 카뮈, 루소 명언 인생조언",책사람,@KkamiSamdol,아무리 좋은친구도 살짝 거리를 두는게 서로서로 좋은거 같습니다,495,18,기타,,34,2023-06-21
"친구 한 명 없어도 혼자 잘 지내는 사람들의 '3가지' 장점 (최명기 원장, 한석준 아나운서, 이헌주 교수, 김아라 소장)",지식인사이드,@하루-l5l8m,누구라도 옆에 있다면 신경써야되고 분위기를 맞춰야하고..사람이 너무 피곤해요.혼자 집에 있을때 나는 가장 행복함.,492,2,자기서사,자기서사|자기참조,63,2024-07-17
똑똑한 사람일수록 친구 적고 외로움 덜 타는 이유ㅣ인간설명서 EP.6,지식인사이드,@Iceland_Siglufjordur,반려자도 자식도 친구도 0 아무도 없어요. 혼자 아프면 곤란할 것이 걱정된다는 것 빼고는 잘 지내요.,486,39,기타,,56,2024-12-06
‼️혼자일 때 (이때가) 진짜 삶을 바꿀 기회다.ㅣ'이혼숙려캠프 상담가' 이호선 숭실사이버대학교 교수ㅣ인생강의,하와이 대저택,@martinlee867,자발적 고립주의 실천하고 있습니다 카톡부터 안해요 주변사람 정리하고나니 나에게 집중하게 되면서 진정한 인생을 살게 됩니다 고독에서 충만함을 보게 됩니다,485,0,기타,,84,2025-04-11
"[#유퀴즈온더블럭] 혼자가 제일 편하다는 내향인💦 그 행복, 진짜일까?🤔 행복 심리학자가 말하는 내향인의 진실👀",디글 :Diggle,@또봄-m8s,영업직으로 10년이상을 살다보니 혼자만의 시간이얼마나 소중하다는걸 깨우치게되었음,484,5,기타,,44,2025-07-11
나이들수록 혼자가 편해지는 이유. 친구 없이 혼자서 행복해지는 방법 ㅣ Ep. 26 책과사람 (서경석 개그맨 1부),책과삶,@Catherine-q4w,집앞 노래방에서 우연히 뵌적이 있었는데 저희 아파트에 사시더라구요. 너무 반가워서 나올때 서경석씨 노래방비 결제해드렸는데 그분도 얼마후 저희집 현관문 손잡이에 일본에서 사온 오미야게와 짧막한 손편지를 걸고 가셨더라구요... 연예인이 이럴일인가?싶었는데 그냥 세상 따뜻한 남자구나 ~~ 인사못드렸는데 감사합니다 ^^,482,18,위안,위안,175,2025-08-25
"혼자 시간을 보내는 사람이 매력 있는 이유, 외로움을 다루는 방법 (feat.오은영)[인스타그램, 인스타중독, SNS, 오은영, 외로움, 자존감, 우울증]",도서관 오목눈이,@박은지-y6q5o,저는 친구가 적은 편이라 인간관계가 넓은 사람들을 보면 부럽기도 했는데 천시록으로 사주 봐보니 저는 원래 깊은 관계를 선호한다고 나오네요. 억지로 사람을 늘릴 필요는 없겠다는 생각이 들었어요 ㅎ 인스타나 SNS 할때는 더 외로웠던거 같은데 그런거 다 끊으니 마음은 편하네요.,479,2,자기서사,위안|자기서사|자기참조|반박,153,2026-08-13
혼자 있는 게 더 편한 사람 외향인도 내향인도 아닌 '이 유형' 입니다 ㅣ Ep. 책과사람 70 (김경일 교수님 1부),책과삶,@banyajeong9576,평온한 일생을 깨는 기념일들 난 싫음 난 명절도 싫다 일상을 평온하게 사는게 제일 편하고 좋음,479,9,기타,,52,2026-04-04
똑똑한 사람일수록 친구 적고 외로움 덜 타는 이유ㅣ인간설명서 EP.6,지식인사이드,@hohoyang4303,오래된 친구 필요없음 취미생활하러 가면 많습니다 좋은 사람들 깊은 이야기는 가족하고만 하세요.,464,12,자기서사,자기서사,52,2024-12-06
"[#유퀴즈온더블럭] 혼자가 제일 편하다는 내향인💦 그 행복, 진짜일까?🤔 행복 심리학자가 말하는 내향인의 진실👀",디글 :Diggle,@임형진-x3j,혼자 지내면 외롭지만 같이 있으면 괴롭다.,463,11,기타,,23,2025-07-15
혼자 있는게 더 행복한 사람의 특징,놀면서 배우는 심리학,@neversayneveragain3748,언제부터인가 사람 자체가 너무 빤해서 상대하는것도 관심없고 귀찮아졌다. 그래서 그냥 혼자 노는게 훨씬 편하고 좋기 시작함,458,12,자기참조,자기참조,67,2024-05-12
혼자 있는 게 더 편한 사람 외향인도 내향인도 아닌 '이 유형' 입니다 ㅣ Ep. 책과사람 70 (김경일 교수님 1부),책과삶,@난황금시계,나네. 생일이 왜 축하를 해야하는지 모르는 사람. 내가 이상한 줄 알았는데 비슷한 사람들이 많네. 감사합니다 👍,458,1,위안,위안|자기참조,63,2026-04-03
혼자 살다가 행복하게 죽는 5가지 방법 #삶의지혜 #행복한노후 #100세시대,골든가이드,@TV-pc9ri,혼자 사는게 이상한게 아닙니다. 심심할순 있지만 외롭지는 않아요. 사람들 사이에서 외로움 느끼기보다 자신에게 더 충실하고 충만하게 살게 되요. 노력해야 할 건 아무없어요. 지금이 완벽한 삶입니다.,456,10,위안,위안,109,2025-08-10
혼자가 더 편한 회피형 특징,놀면서 배우는 심리학,@핑킹-f5j,그 전에 이것저것 다 해보고 오히려 해탈한 사람들이 이 방법을 쓰는거예요 회피라기보단 하나의 수단이 된거죠,455,49,기타,,59,2024-07-31
함께 있어도 혼자 겉도는 사람의 2가지 특징,비치키,@계-f3w,대학다니면서 무리에따라 인싸일때도 있고 겉돌때도 있었는데 그때 깨달은게 그냥 성격잘맞는 무리가 있으면 좋은거고 아니면 그냥 바쁘게 지내면 되는거임,453,2,지식,지식|자기참조,81,2026-01-17
"""친구 한 명도 없는 것, 오히려 좋다"" 혼자 있는 시간이 많을수록 점점 똑똑해지는 이유 (이헌주 교수 통합본)",책과삶,@물의호흡-f5x,외롭지않이?라고 묻는 사람이 진짜 외로움 타는 사람.,450,4,위안,위안,29,2025-12-28
혼자 있는게 더 행복한 사람의 특징,놀면서 배우는 심리학,@aptfac,혼자 잘사는사람이 지능이 높다,450,5,기타,,16,2024-05-14
똑똑한 사람일수록 친구 적고 외로움 덜 타는 이유ㅣ인간설명서 EP.6,지식인사이드,@신지지-x3v,저도 친구가 적은 편이라서 주변 사람들과 비교하면서 조급해질 때가 많았는데 천시록 보니까 천천히 제 페이스대로 가야 결실을 맺는 타입이라 하더라고요. 마음 비우고 할 일에 집중하며 저를 성장시키려고 합니다!,448,2,정체성확인,정체성확인|자기서사|자기참조,115,2026-08-13
똑똑한 사람일수록 친구 적고 외로움 덜 타는 이유ㅣ인간설명서 EP.6,지식인사이드,@박지영-b5o7b,사람들 만나면 쓸데없는 말하게 되고 거짓 호응해주다 보면 내가 지금 뭐하고 있지?란 생각이 들더라구요 가식떠드는것도 하루이틀이죠 ㅜ,448,4,자기참조,자기참조,73,2024-12-06
혼자가 더 편한 회피형 특징,놀면서 배우는 심리학,@user-zu3tm5wm9e,어릴 적에 부모로 부터 거절의 경험이 많고 특히 도움을 요청했을 때 거부당하거나 부정적인 반응을 많이 경험하면 남에게도 도움을 바라는 게 어려워진다. 부모에게 사랑과 수용을 충분히 받은 사람은 남에게 도움을 요청하는 걸 전혀 꺼리낌없이 잘 한다. 반대로 부모로부터 과잉보호 받으며 말하기도 전에 원하는 게 다 충족되는 삶을 살면 남에게 도움 청하거나 받는 거레는 꺼리낌이 없는데 본인이 주는 것엔 매우 인색해 진다. 본인이 줘 본 적이 없어서 왜 줘야하는지조차 모르는 거다.,447,2,기타,,265,2024-07-31
"""친구 한 명도 없는 것, 오히려 좋다"" 혼자 있는 시간이 많을수록 점점 똑똑해지는 이유 (이헌주 교수 통합본)",책과삶,@uriari7692,그래서 고독사라는 명칭을 바꿔야 한다. 그들은 고독하게 죽은 게 아니다. 그냥 혼자 죽은 혼자사다.,444,23,기타,,55,2025-12-23
혼자가 더 편한 내향적인 사람의 특징,놀면서 배우는 심리학,@claymapper,혼자 있는 거 좋아하는 사람들 속마음 인간들이 귀찮음,440,14,기타,,29,2023-11-03
똑똑한 사람일수록 친구 적고 외로움 덜 타는 이유ㅣ인간설명서 EP.6,지식인사이드,@Mylittlestar-b8j,인생에 남는건 내가 잘살아가는것.,438,5,자기참조,자기참조,18,2024-12-06
혼자가 편한 사람 특징,픽고 PICKGO,@박소정-b2x,연희같이 별로 접점도 없고 친하지도 않은데 팔짱끼고 엄청 밝게 친하게 하면 부담스럽고 싫은데 안받아주기도 애매함… 근데 내가 또 다른사람한테 그런 포지션이 돼서 상대가 부담스러울까봐 다가가는 것도 조금 조심스러움,433,1,자기참조,자기참조,118,2023-04-22
가족과 사는 게 즐겁다고? '행복한 사람'은 절대 무작정 결혼하지 않습니다! | 김경일 심리학과 교수 1부,"꿈을 찾는 사람들 강연,강의,강사,꿈찾사",@Halopo88,혼자 삽니다. 가족이랑 살았던거보다 훨씬 행복해요. 가족들과 맨날 싸우고 서로 힘들었던 과거보다 지금이 훨씬 돈독하고 자유가 주어진 지금이 너무 소중합니다.,433,8,자기서사,자기서사,87,2023-09-26
혼자서 잘 사는 사람 특징,놀면서 배우는 심리학,@홍태경-o1y,이해관계가 엮인 직장동료의 경우 불편하지 않을 정도의 예의만 차리면 되고 그런 관계가 아니라면 집착 하지 마세요 어차피 본인이 매력이 있으면 알아서 붙습니다,433,2,자기서사,자기서사,87,2024-12-19
나이들수록 혼자가 행복한 이유 | 온전한 나로써 행복해지는 법 | 쇼펜하우어의 인생론 행복론 | 처세술 | 명언 | 인생의 지혜 | 인간관계,만인의 현인,@ColeenMoore-s5n,인간관계 어렵다.. 시월모바일 알뜰폰 요금제 드뎌 해냈네 이렇게 최저가로 요금제 사용할수있고 짱 빠르다ㅋㅋㅋ,432,0,자기참조,자기참조,60,2025-01-03
"""친구 한 명도 없는 것, 오히려 좋다"" 혼자 있는 시간이 많을수록 점점 똑똑해지는 이유 (이헌주 교수 통합본)",책과삶,@굴러들온복,나 똑똑한가...혼술 혼밥이 좋다 ㅋㅋㅋㅋㅋ,429,12,기타,,24,2025-12-22
"""친구 한 명도 없는 것, 오히려 좋다"" 혼자 있는 시간이 많을수록 점점 똑똑해지는 이유 (이헌주 교수 통합본)",책과삶,@라라방,살수록 혼자있는시간이 편합니다,429,5,기타,,16,2025-12-22
혼자가 편한 사람 특징,픽고 PICKGO,@리이키,공감...서로 뒷담하고 또 다음날 꺄르르 웃고 떠드는 거 보고 핵소름이었음ㅋㅋㅋ게다가 동물의 왕국이라서 서로 현남친의 전여친이었음ㅋㅋㅋ아 진짜 다시 생각해도 골때려,428,0,정체성확인,정체성확인,91,2023-04-23
나이들수록 혼자가 행복한 이유 | 온전한 나로써 행복해지는 법 | 쇼펜하우어의 인생론 행복론 | 처세술 | 명언 | 인생의 지혜 | 인간관계,만인의 현인,@홍명석-d8i,사람 많이 만나지마라...부질없는 일이다. 적절한 거리를 둬라...공부하라...,427,10,지식,지식,44,2024-11-10
은지원 명언 l 결혼을 신중하게 해야하는 이유.,멘탈케어::힐링 심리학 채널::,@kidaripapa188,최근 미우새 영상 보니까 그렇게 행복해보일수 없더라.. 본인 돈으로 본인이 하고 싶은거 다하면서.....,425,6,자기참조,자기참조,58,2024-04-08
혼자 살다가 행복하게 죽는 5가지 방법 #삶의지혜 #행복한노후 #100세시대,골든가이드,@beautysunnyhand,외로움을 받아들일수록 행복해집니다😊,425,7,위안,위안,20,2025-08-01
혼자 있는게 더 행복한 사람의 특징,놀면서 배우는 심리학,@노을-m9s,사회적 성취없어도 다른 사람과 연락 안하고 문제없이 잘사는 사람도 많음 단정 짓지마세요 인간관계 피곤함 혼자가 편함,421,5,자기참조,자기참조,64,2024-05-24
가족과 사는 게 즐겁다고? '행복한 사람'은 절대 무작정 결혼하지 않습니다! | 김경일 심리학과 교수 1부,"꿈을 찾는 사람들 강연,강의,강사,꿈찾사",@goldbird5613,비혼주의자인데 불행하지 않은 이유가 작은 일에 감사하기 때문인데 가정생활 불행한 여자 상사가 이유없이 저에게 태클걸고 무시하는 것 때매 힘든 적 있어요. 지금 교수님 강의들으니 정말 불쌍한 종자들이었다는걸 깨닫습니다.,419,10,기타,,121,2023-04-07
"혼자 있을 때 더 편안한 사람, 알고보니 '이 유형' 입니다 (김경일 교수님 통합본)",책과삶,@브레인빛,저는 내향형 입니다. 혼자가 힐링되고 좋아요. 사람을 만나는게 피곤 하고 혼자가 충전이된답니다.일을 하고 있으니 늘 고객 상대를 하니 더 조용한걸 좋아 하는것 같기도 합니다.,419,11,자기서사,자기서사|자기참조,97,2026-05-04
은지원 명언 l 결혼을 신중하게 해야하는 이유.,멘탈케어::힐링 심리학 채널::,@하늘나무땅,외로운게 싫어 결혼하면 괴로워진다,417,2,위안,위안|자기서사,18,2024-04-08
혼자가 더 편한 내향적인 사람의 특징,놀면서 배우는 심리학,@bono820108,쇼핑도 혼자다니는게 편하다 이것저것 신경 써줘야하는게 에너지소모도 크고: .ㅎㅎ,411,1,기타,,44,2024-03-08
‼️혼자일 때 (이때가) 진짜 삶을 바꿀 기회다.ㅣ'이혼숙려캠프 상담가' 이호선 숭실사이버대학교 교수ㅣ인생강의,하와이 대저택,@chorokdo3440,맞아요 50쯤 살아보니 인생이 바꼈던 순간은 진정으로 혼자였던 순간이었습니다. 공감합니다. 타인은 잘된 나를 댓가 없이 나눌 수 있을때만 내게도 타인에게도 의미가 있더군요,410,4,정체성확인,정체성확인|자기서사,95,2025-04-08
은지원 명언 l 결혼을 신중하게 해야하는 이유.,멘탈케어::힐링 심리학 채널::,@kkabury-bori,혼자가 너무 좋아요. 맘편하고 자유롭고,409,16,기타,,21,2024-04-09
"진정한 친구가 없어도, 잘사는 사람들의 특징 '3가지' (양창순 박사 2부)",지식인사이드,@실크로드-t4l,인생은 혼자왔다 혼자가는겁니다 혼자서 단단해지지 못하면 삶이 점점 고달파집니다,404,2,기타,,43,2023-12-14
점점 혼자가 편한 이유,픽고 PICKGO,@esr7354,같이 노는것도 좋지만 혼자서 놀줄도 알아야해요 나 혼자 스스로를 위해 부지런히 시간과 정성을 쓰는것도 사회생활만큼 중요해요,402,0,기타,,68,2024-02-15
인간관계에 지쳐서 혼자가 편한 사람들의 특징,놀면서 배우는 심리학,@guiozinga6039,혼자 사는 사람들은 성격에 문제가 있는게 아니다. 현명한 것이다.,402,5,자기서사,자기서사|자기참조,36,2025-09-30
친구가 없어도 '혼자 잘 지내는' 사람 특징,멘탈케어::힐링 심리학 채널::,@senalee9501,곁에 사람이 있는게 더 외롭다고 느껴졌을때 사람을 끊었어요 쓸대없는 술자리에 가는 대신에 집에서 책읽고 명상하고 공부하고 운동하고 심지어 담배도끊고 술도 자연스럽게 안마시게 되더라고요. 점점 지식이 풍부해지고 몸은 건강해지고 사람으로 받는 스트레스도 줄게되고 자존감고 높아졌어요 사람들에게 의지했던 세월보다 지금 제자신에게 만족합니다. 뭐 가끔 외로울때도 있지만 인간은 본래 공허하고 외로움이 가득한 생물체라고 생각하니 마음이 편해요 여러분 인맥에 너무 집중하지마세요 그시간에 본인에게 집중해보세요. 발전된 내모습을 알아보고 좋은사람이 다가옵니다!,398,6,위안,위안|지식,306,2022-08-05
가족과 사는 게 즐겁다고? '행복한 사람'은 절대 무작정 결혼하지 않습니다! | 김경일 심리학과 교수 1부,"꿈을 찾는 사람들 강연,강의,강사,꿈찾사",@roopretelcham_a,가족이 아니더라도 나에게 안정감을 줄 수 있는 사람을 모두 만나셨으면 좋겠습니다😊,397,7,자기서사,자기서사,46,2023-04-10
나이들수록 혼자가 편해지는 이유. 친구 없이 혼자서 행복해지는 방법 ㅣ Ep. 26 책과사람 (서경석 개그맨 1부),책과삶,@sokyungsuk,재원이형 덕에 용기가^^ 조만간 혼자 밥먹고 올게요^^ 구독자 여러분 건강하세요~,395,11,기타,,45,2025-08-24
"혼자 시간을 보내는 사람이 매력 있는 이유, 외로움을 다루는 방법 (feat.오은영)[인스타그램, 인스타중독, SNS, 오은영, 외로움, 자존감, 우울증]",도서관 오목눈이,@CL-fw3vy,"영상에서 인용된 책들 1:51 '우울할 땐 뇌과학' - 앨릭스 커브 3:12 '오은영의 화해' - 오은영 5:08, 10:13 '건강의 뇌과학' - 제임스 굿 윈 6:00 '인스타브레인' - 안데르스 한센 7:44 '자기신뢰의 힘' - 랄프 왈도 에머슨",394,1,기타,,141,2023-02-24
나이들수록 혼자가 행복한 이유 | 온전한 나로써 행복해지는 법 | 쇼펜하우어의 인생론 행복론 | 처세술 | 명언 | 인생의 지혜 | 인간관계,만인의 현인,@th-tn-c3o,10년넘게 내가사고 힘들때 쫓아가 위로해주고 밥사주고 힘든일 나한테 다 말하며 스트레스 풀더니 고마운줄 일도 모르더라~이젠 지겨워서 절교했다 ᆢ시~~원하다,393,19,위안,위안|자기참조,86,2024-05-13
점점 혼자가 편한 이유,픽고 PICKGO,@피리-s8q,믿었던 사람한테 사소한 서운함에서 점점 경멸감을 느끼는 순간이 많아질수록 혼자가 편하게 됨. 억울해도 변명조차 구차해 길게 말하기도.. 들어주기도.. 얼굴 마주하기도 힘들어 혼자인게 맘편한 1인이네요.. 그렇게 사람 좋아해 혼자 있는게 젤 싫었던 나였는데....,391,3,기타,,146,2024-02-05
나이들수록 오히려 혼자가 되면 편합니다. 친구 없어도 잘사는 사람의 특징 (최명기 원장 1부),지식인사이드,@백옥당-x1t,만나면 피곤하드라 조용히 삽시다,383,4,기타,,17,2023-11-03
혼자가 편한 사람 특징,픽고 PICKGO,@any3622,와 이번 편 너무 공감된다 ㅋㅋㅋ 제발 그냥 혼자 조용히 노래나 들으면서 가고 싶어 얘기하고 싶지 않아 리액션하기 힘들어 관심 없는 얘기에 관심있는 척 하기 힘들어...,382,0,정체성확인,정체성확인,94,2023-04-22
"나이 들수록 혼자가 되어야 하는 이유ㅣ노후에는 혼자가 행복하다ㅣ평생친구는 없다ㅣ인간관계ㅣ쇼펜하우어, 니체, 알베르 카뮈, 루소 명언 인생조언",책사람,@미란이-q5i,주변에 얽메이지 않고 사는것도 사실 나쁘지않음 짝쿵하고만 잘살면됨 자식도 주변사람도. 돈쓸때만 좋은관계가 유지됨,382,8,자기참조,자기참조,62,2023-07-12
똑똑한 사람일수록 친구 적고 외로움 덜 타는 이유ㅣ인간설명서 EP.6,지식인사이드,@julia8525ful,"20대엔 혼자는 무서워서 친구가 필요한거고, 50대엔 스스로도 강하기 때문에 혼자여도 충분하다는 강연을 보고 무릎을 쳤었음",380,9,자기서사,자기서사,68,2025-01-03
똑똑한 사람일수록 친구 적고 외로움 덜 타는 이유ㅣ인간설명서 EP.6,지식인사이드,@김토마토-q8n,저는 혼자 잘 지내고 있습니다. 혼자 있어도 할 일이 참 많습니다. 혼자가 맘 편하고 참 좋습니다.,380,6,자기서사,자기서사|자기참조,55,2024-12-06
혼자 있는게 더 행복한 사람의 특징,놀면서 배우는 심리학,@샛별로이,"혼자 지내도, 친구없어도, 직장일 잘하고 사람들하고 잘지내면 문제없네요.",380,8,자기서사,자기서사,40,2024-05-13
"""친구 한 명도 없는 것, 오히려 좋다"" 혼자 있는 시간이 많을수록 점점 똑똑해지는 이유 (이헌주 교수 통합본)",책과삶,@희뭉이-l5j8v,혼자 있으면서 지적능력에 몰두하는 경우가 많아서 그런거 같아요,380,6,기타,,34,2025-12-22
함께 있어도 혼자 겉도는 사람의 2가지 특징,비치키,@google_Alphabet,꼭 어울려야됨? 존나피곤함,380,11,기타,,14,2026-01-17
"진정한 친구가 없어도, 잘사는 사람들의 특징 '3가지' (양창순 박사 2부)",지식인사이드,@정다원-w4d,백번 맞는말씀입니다. 가족들만있어도 잘살아갑니다. 혼자있을때 가장 행복하고 편안합니다. 저는 젊을때부터 그게 맞다고 생각하고 지금껏 잘살아오고있습니다. 인간관계에서 상처받지않고 너무 좋습니다.,376,6,자기서사,자기서사|자기참조,107,2023-12-14
"친구 한 명 없어도 혼자 잘 지내는 사람들의 '3가지' 장점 (최명기 원장, 한석준 아나운서, 이헌주 교수, 김아라 소장)",지식인사이드,@study7-f6i,정리 <인간관계에 집착하는이유> 사회적민감성이 높아서(타고난 기질탓) 생후초기에 형성된 불안정한애착 때문에 인간관계에 대한 상처 때문 <곁에 둬야하는친구> 속마음 깊게 나눌수있는 분 다른사람의 장점 잘 보는 분 나의기쁜일을 같이 기뻐해주는 분 아무이유없이 날 좋아해주는 분 멘탈강한사람은 루틴이 잘 안 무너지고 회복탄력성 큼 남과 비교말고 나의어제와 나의 오늘을 비교할것 자녀에게 스스로 선택하고 책임지게하면 자녀멘탈이 강해짐 <자존감의 생성> 어렸을때부터 성공경험을 통해 자존감이 누적적으로 성장함,375,2,자기참조,자기참조,279,2024-05-04
나이들수록 오히려 혼자가 되면 편합니다. 친구 없어도 잘사는 사람의 특징 (최명기 원장 1부),지식인사이드,@에픽하이-w6y,인간관계에 집착하는것 만큼 멍청한것도 없다고 생각합니다. 최명기원장님말씀처럼 내가 삶의 위기와 곤경이 없다면 친구가 있건 없건 상관없거든여. 진정한 친구?? 어쩜 허상인지도 모르겠습니다.,375,1,자기서사,자기서사|자기참조,104,2023-09-18
"혼자 있을 때 더 편안한 사람, 알고보니 '이 유형' 입니다 (김경일 교수님 통합본)",책과삶,@hyunmipark8663,항상 주인공이 되면 불편한 제 자신이 문제가 있는 걸로 생가하고 살았어요. 오늘 나같은 사람도 정상이구나 나를 사랑하게 됐습니다,373,4,자기서사,자기서사|자기참조,71,2026-05-01
똑똑한 사람일수록 친구 적고 외로움 덜 타는 이유ㅣ인간설명서 EP.6,지식인사이드,@윤영숙-l4c,혼자인게 편하다 이사람은 이래서 안 맞고 저사람은 저래서 안 맞고 그러다 보니 혼자 놀기에 익숙하게 되는것 같다,371,1,기타,,62,2024-12-08
혼자가 더 편한 회피형 특징,놀면서 배우는 심리학,@바른길은좁다,근데 그게 맞지않나 살아보니 도와달라는건 결국 더 댓가가 필요 개 피곤해짐,371,2,자기서사,자기서사,41,2024-07-31
혼자 있는 게 더 편한 사람 외향인도 내향인도 아닌 '이 유형' 입니다 ㅣ Ep. 책과사람 70 (김경일 교수님 1부),책과삶,@rodblanx,저와 제 아내가 딱 저렇습니다 생일 거하게 챙길 필요 없다고 서로 생각하구요 기념일 같은 것도 딱히 안 챙깁니다 그냥 혹시나 기록해 뒀다면 알려주고 서로 축하해 주는 정도구요 저는 이런 방식이 서로 편한거 같습니다,370,11,정체성확인,정체성확인|자기서사|자기참조,119,2026-04-03
‼️혼자일 때 (이때가) 진짜 삶을 바꿀 기회다.ㅣ'이혼숙려캠프 상담가' 이호선 숭실사이버대학교 교수ㅣ인생강의,하와이 대저택,@김영철-x5l8g,혼자 있음을 즐길줄 아는 사람이 고급인생을 사는거라고 생각해요 어울리지 못하면 힘들어하는 사람들은 그 반대겠지요 전 참 행복합니다 혼자여서,370,6,기타,,77,2025-04-10
혼자가 더 편한 내향적인 사람의 특징,놀면서 배우는 심리학,@Wowdfficult,"난 혼자면 혼자도 엄청 즐기고, 여럿이면 여럿도 엄청 즐김. 결론은 누가 부르면 나가서 노는데 안불러도 재밌게 놈ㅋㅋ",365,0,기타,,65,2023-10-17
"""친구 한 명도 없는 것, 오히려 좋다"" 혼자 있는 시간이 많을수록 점점 똑똑해지는 이유 (이헌주 교수 통합본)",책과삶,@이바닥뜨자,똑똑이고 뭐고 인정안해줘도 아무상관없고...걍 귀찮다...어울리는삶이.. 인터넷으로 이렇게 댓글달고..유트브보고...이러니..이것으로 이미 사회적 관계에 만족이 되는거 아닌가싶다. 피곤하게 현실세계에서 타인과 엮이지않아도....혼자서도 충분하다 느끼는듯.,363,4,정체성확인,정체성확인,142,2025-12-22
"나이 들수록 혼자가 되어야 하는 이유ㅣ노후에는 혼자가 행복하다ㅣ평생친구는 없다ㅣ인간관계ㅣ쇼펜하우어, 니체, 알베르 카뮈, 루소 명언 인생조언",책사람,@이은규-d5s,"외로움을 이겨내려면 ""고독력""이 있어야 합니다. 혼자서도 하루를 잘 보내는 습관이 고독력의 주춧돌 입니다. 의식주 스스로 해결하고 건강을 챙기며 사는 삶도 좋습니다!",361,9,위안,위안,92,2023-06-22
"나이 들수록 혼자가 되어야 하는 이유ㅣ노후에는 혼자가 행복하다ㅣ평생친구는 없다ㅣ인간관계ㅣ쇼펜하우어, 니체, 알베르 카뮈, 루소 명언 인생조언",책사람,@user-혼자야,친구고나발이고 다필요없어 그때그때 곁에있는 마음맞는사람이 최고인거다. 사람에 미련두고살지마라~,361,8,기타,,52,2023-07-30
나이들수록 혼자가 행복한 이유 | 온전한 나로써 행복해지는 법 | 쇼펜하우어의 인생론 행복론 | 처세술 | 명언 | 인생의 지혜 | 인간관계,만인의 현인,@보리-m3m,잘해주지마라 잘해줄주록배신당한다 가족에게도~ 친척에게도~ 형제에게도~ 친구에게도~ 배후자에게도~ 잘해준만큼배신~ 적당한거리~ 지기자신을더챙기고 이끼고보살피고자신을더많이사랑하고즐기며살아야한다 70십이되어이제깨달았네요~다들행복하세요~♡,360,24,지식,지식|자기서사,129,2024-01-10
혼자 있을 때 가장 행복한 사람 특징,놀면서 배우는 심리학,@YOUNG00419,"정말 나 혼자, 혼자있는게 제일 편하고 좋음👍👍",359,7,기타,,28,2024-06-21
"진정한 친구가 없어도, 잘사는 사람들의 특징 '3가지' (양창순 박사 2부)",지식인사이드,@찌니-e2m,30 대후반 애엄마입니다 팔자에 인간덕이 없어서 늘 주고도 욕먹고 잘해주고 당하고 하는수없이 다끊고 혼자사는연습을 하고있네요 가장 좋은친구는 남편이예요^^ 이젠 그 소중한 친구인 내남편이 오래오래 제곁에 있어주는게 젤큰 소원이 되었네요 친구? 없어도 잘 삽니다^^,358,17,자기서사,자기서사,147,2023-12-15
나이들수록 혼자가 행복한 이유 | 온전한 나로써 행복해지는 법 | 쇼펜하우어의 인생론 행복론 | 처세술 | 명언 | 인생의 지혜 | 인간관계,만인의 현인,@도훈이-t9l,나이 50대 중반에 살아오면서 느낀 점 1. 주변사람에게 잘 보이려고 애 쓰지마라. 잘 해주면 나중엔 당연한지 알더라. 다~~ 소용없더라. 2. 인간관계는 넓이보다 깊이다. 한때는 인간관계가 넓어서 약속 많은 사람들을 부러워했었다. 다~~ 소용없더라. 3. 갈 사람은 가고 올 사람은 오더라.,356,6,자기서사,자기서사|자기참조,163,2024-01-16
나이들수록 혼자가 편해지는 이유. 친구 없이 혼자서 행복해지는 방법 ㅣ Ep. 26 책과사람 (서경석 개그맨 1부),책과삶,@mellisapark438,남에게 필요이상 친절 금전적 도움주면 돌아오는건 배신과 원망뿐임 인간은 호의가 계속 되면 권리 인줄 알더라구요 절대 필요이상 친절 베품 하지 말아야해요 반백살 넘어 뼈저리게 깨달았음^;;,356,11,지식,지식|자기참조,104,2025-08-23
"""혼자가 가장 행복하다."" 사람이 굳이 외향적일 필요 없는 이유 (남인숙 작가 통합본)",지식인사이드,@user-zu3tm5wm9e,모든 관계가 지나치게 가까우면 독이 됨. 예의도 없어지고 바라는 거 많아지고 감정 쓰레기통 되기 쉽다. 다양한 그룹에 다양한 나잇대의 사람들과 느슨한 인간관계를 많이 만드는 게 오히려 스트레스가 덜하고 그 관계가 오래 유지된다.,354,4,기타,,127,2024-09-29
똑똑한 사람일수록 친구 적고 외로움 덜 타는 이유ㅣ인간설명서 EP.6,지식인사이드,@신나는파이어,저는 정말 별종이다 하고 살았는데 이런거 보면 너무 보통사람인듯. 나같은 사람이 이렇게 많음❤,354,5,자기서사,자기서사|자기참조,52,2024-12-06
똑똑한 사람일수록 친구 적고 외로움 덜 타는 이유ㅣ인간설명서 EP.6,지식인사이드,@콕콕콕98,"저는 한때 유치원부터 대학까지 동창친구들 동네친구들 동호회모임활발했는데..배우자와의 관계가 틀어지기시작하며 이혼위기까지 갔었지만 깨달은바있어 아이들중고딩되면서 인간관계 딱 끊고 십여년 가정만 생각하고 살았어요..근데,부부사이가 엄청 좋아지고 아이들과 유대관계가 깊어져..집안에 웃음소리가 끊이지않아요.오히려 인간관계 활발할때보다 훨씬 지속적이고 실속있는 행복감을 느낍니다...본인 가족들과 함께하는 추억많이만들며 와이프아이들이나 챙기세요.힘들게 번돈 남과의 재미위해쓰지말고 가족위해쓰는게 그게 찐입니다.",351,7,자기서사,지식|자기서사|자기참조,281,2024-12-12
"친구 한 명 없어도 혼자 잘 지내는 사람들의 '3가지' 장점 (최명기 원장, 한석준 아나운서, 이헌주 교수, 김아라 소장)",지식인사이드,@mineral-w2f,가까워지면 그때부터 에너지가 필요하다!,351,1,기타,,21,2024-05-04
은지원 명언 l 결혼을 신중하게 해야하는 이유.,멘탈케어::힐링 심리학 채널::,@이상-u6v,외로와서 결혼하면 외로움은 배가되고 서비스로 괴로움도 주는거 같아요..,350,3,위안,위안|자기서사,39,2024-04-08
나이들수록 혼자가 편해지는 이유. 친구 없이 혼자서 행복해지는 방법 ㅣ Ep. 26 책과사람 (서경석 개그맨 1부),책과삶,@초코라떼-k2j,서경석씨 같은 사람만 있어도 현대사회가 참 건강할텐데요 참 좋은사람~지적으로도 훌륭하시고 인성도 베스트,349,3,기타,,57,2025-08-23
혼자 있는 게 더 편한 사람 외향인도 내향인도 아닌 '이 유형' 입니다 ㅣ Ep. 책과사람 70 (김경일 교수님 1부),책과삶,@빠르르강-h2j,SNS아예 안하고 생일 신경안쓰고 인간관계 매우 좁다 하지만 지금 넘 행복해,349,3,기타,,42,2026-04-05
혼자가 더 편한 내향적인 사람의 특징,놀면서 배우는 심리학,@breeze2773,외향형 사람들은 타인에게서 에너지를 충전하기때문에 내향인은 기가 빨린다. 내향형끼리 만나 속닥속닥 얘기하면 기가 덜 빨림,347,6,자기서사,자기서사,67,2023-10-26
나이들수록 혼자가 행복한 이유 | 온전한 나로써 행복해지는 법 | 쇼펜하우어의 인생론 행복론 | 처세술 | 명언 | 인생의 지혜 | 인간관계,만인의 현인,@이마리아-n9e,68세 할머니예요 이사하고 아는사람도없고 시간이넘많아 심심했어요 1년 지난현재 헬스 댄스 독서 넘 행복하네요 여지껏 몰려다니며 밥먹고 차마시고 수다떨고 시간낭비하고 허송세월마이보냈네요 혼자만의시간이 맘을살찌게하네요 눈치 체면 볼필요없고 좋아유~~~,345,18,기타,,138,2024-07-18
혼자 있는게 더 행복한 사람의 특징,놀면서 배우는 심리학,@여니여니-c7g,업적까지는. . 모르겠는데 인간이 싫어진지는 오래됐. .,344,1,기타,,31,2024-05-08
똑똑한 사람일수록 친구 적고 외로움 덜 타는 이유ㅣ인간설명서 EP.6,지식인사이드,@dongnelog,시절인연이죠. 쓸데없이 에너지 낭비 할 필요 없습니다,343,5,기타,,29,2025-08-24
"진정한 친구가 없어도, 잘사는 사람들의 특징 '3가지' (양창순 박사 2부)",지식인사이드,@TV-yl9pn,저도 혼자있을때 제일 행복합니다 공유합니다 ❤,343,0,정체성확인,정체성확인|자기참조,25,2023-12-14
나이들수록 혼자가 편해지는 이유. 친구 없이 혼자서 행복해지는 방법 ㅣ Ep. 26 책과사람 (서경석 개그맨 1부),책과삶,@동방마라난타,인생은 혼자 왔다가 혼자 가는것,340,0,기타,,17,2025-08-23
"혼자 있을 때 더 편안한 사람, 알고보니 '이 유형' 입니다 (김경일 교수님 통합본)",책과삶,@HeakKweon,안 받고 안 주고 맘이편합니다,336,9,기타,,16,2026-05-05
인간관계에 지쳐서 혼자가 편한 사람들의 특징,놀면서 배우는 심리학,@ghgff4412,"""호의가 계속되면 그게 권리인줄 알아요"" 그냥 밑바닥 심연까지 들여다보면 질려버리게 되어있음.그게 가족이든 친구든 동료든",334,1,자기서사,자기서사|자기참조,67,2025-10-12
똑똑한 사람일수록 친구 적고 외로움 덜 타는 이유ㅣ인간설명서 EP.6,지식인사이드,@릴렉스쪼꼬,혼자가 되니 통장에 돈이 모이고 스트레스없고 세상 행복함,334,5,자기참조,자기참조,31,2024-12-07
가족과 사는 게 즐겁다고? '행복한 사람'은 절대 무작정 결혼하지 않습니다! | 김경일 심리학과 교수 1부,"꿈을 찾는 사람들 강연,강의,강사,꿈찾사",@heihi-v7v,저도 혼자살았어야 되는 타입인가봅니다. 옆에 사람들이 있는게 부담스러워요. 혼자서 뭔가에 집중하고 릴랙스하고 뭔가를 배우러다니고 운동하는 시간들이 너무나 소중합니다. 끊임없이 챙겨줘야하고 뭔가를 요구하는 가족들이 늘 버겁네요.,332,3,자기서사,정체성확인|자기서사|자기참조,126,2023-09-24
혼자 있는 게 더 편한 사람 외향인도 내향인도 아닌 '이 유형' 입니다 ㅣ Ep. 책과사람 70 (김경일 교수님 1부),책과삶,@enz1590,왕사남 유행하면 우루루 몰려보고 두쫀쿠 탕후루 우루루~~~ 이런것도 안함.,332,32,자기참조,자기참조,41,2026-04-03
"[#유퀴즈온더블럭] 혼자가 제일 편하다는 내향인💦 그 행복, 진짜일까?🤔 행복 심리학자가 말하는 내향인의 진실👀",디글 :Diggle,@가든님,가끔은 지인들과 함께 할때도 있지만 카페나 식당도 나혼자 다닐때가 편하다 오로시 나만을 위할때 행복함을 많이 느낀다,330,0,기타,,64,2025-07-14
함께 있어도 혼자 겉도는 사람의 2가지 특징,비치키,@nugu5555,"말을 하고는 싶은데... 은근히 꼽주는 사람, 은근히 내가 하던 말 돌려서 자기 얘기만 하는 사람, 내 얘기 안듣고 딴짓하다가 결론만 들으려는 사람, 내내 그 사람 얘기 들어주다가 이제 막 첫마디 해보려는데 모임 파하자(모임 끝내자)는 사람...다 겪어보니 ㄹㅇ말하기 싫더라..",328,3,자기서사,정체성확인|자기서사|자기참조,155,2026-01-17
‼️혼자일 때 (이때가) 진짜 삶을 바꿀 기회다.ㅣ'이혼숙려캠프 상담가' 이호선 숭실사이버대학교 교수ㅣ인생강의,하와이 대저택,@gogoartsQ,그래서 혼자 있을 때 행복한 사람이 진짜 행복한 사람이라는 말이 있죠 🎉,327,0,기타,,41,2025-04-10
인간관계에 지쳐서 혼자가 편한 사람들의 특징,놀면서 배우는 심리학,@GraceLee-cg2vi,혼자가 편하다.....나 자신과의 관계가 제일 중요.,326,1,기타,,29,2025-09-02
나이들수록 혼자가 행복한 이유 | 온전한 나로써 행복해지는 법 | 쇼펜하우어의 인생론 행복론 | 처세술 | 명언 | 인생의 지혜 | 인간관계,만인의 현인,@권성은-s2t,관계가 주는 피로감,324,1,기타,,10,2023-11-09
은지원 명언 l 결혼을 신중하게 해야하는 이유.,멘탈케어::힐링 심리학 채널::,@dui8155,상어표현 지렸다 진짜 ㅋㅋㅋㅋㅋㅋㅋㅋ,323,5,기타,,20,2024-04-08
혼자 있을 때 가장 행복한 사람 특징,놀면서 배우는 심리학,@mm-tv3vq,음악감상.독서.산책..까페들르기...꽃나무 쇼핑하기 등등..혼자서 이러한 것들을 할 때 정말 행복합니다..,322,0,기타,,59,2024-06-23
은지원 명언 l 결혼을 신중하게 해야하는 이유.,멘탈케어::힐링 심리학 채널::,@HappyMoney3077,성격이 안맞으면 연애때확실히 정리하고 연애때부터 자주 싸우면 절대 결혼하지마. 그 싸움 평생가니까.,321,10,자기서사,자기서사,55,2024-07-25
"진정한 친구가 없어도, 잘사는 사람들의 특징 '3가지' (양창순 박사 2부)",지식인사이드,@나목-o4z,저는 올해 60살입니다. 더 나이들기 전에 앞으로 딱 10년동안 하고 싶은 것들의 버킷 리스트를 작성해서 실천 중입니다. 한달에 2권씩 고전문학 읽기 한달에 한번 박물관 다니기 등등 나 혼자 할 수 있는것들 위주로 하니 너무 행복하고 즐겁습니다.,317,13,자기서사,자기서사|자기참조,137,2024-01-21
"""친구 한 명도 없는 것, 오히려 좋다"" 혼자 있는 시간이 많을수록 점점 똑똑해지는 이유 (이헌주 교수 통합본)",책과삶,@나무와나무사이,백퍼 공감합니다. 사람들 만나다보면 氣가 빨립니다 😢😢함께있으면 에너지가 싹 달아납니다) 성격 문제인것 같아요.,316,0,정체성확인,정체성확인,64,2025-12-22
은지원 명언 l 결혼을 신중하게 해야하는 이유.,멘탈케어::힐링 심리학 채널::,@야옹-b6f,은지언이 47살이라는게 제일 쇼킹이네,313,13,기타,,20,2024-04-08
"""친구 한 명도 없는 것, 오히려 좋다"" 혼자 있는 시간이 많을수록 점점 똑똑해지는 이유 (이헌주 교수 통합본)",책과삶,@Knomadlife,도서관에서 책을 읽으니 위대한 사람을 만나는 기쁨이 절로 생기고 산을 홀로 걸으니 몸도 건강해지고 가슴이 트입니다. 자전거도 홀로 타니 남과 경쟁할 필요가 없네요. 다녀온 후 글을 쓰니 보람도 느끼고 바라본 세상이 더욱 아름답게 보입니다.,307,2,자기서사,자기서사|자기참조,133,2026-01-23
혼자서 잘 사는 사람 특징,놀면서 배우는 심리학,@랄라-o4s,친구많으면 피곤해요 유지하려면 연락해야되고 만나야되고~ 관리해야하니까요 또 친구한테 상처받게될수도 있구요 혼자가 제일 편해요,307,0,기타,,69,2024-12-19
혼자가 편한 사람 특징,픽고 PICKGO,@PICKGO,인스타그램 픽고 PICKGO https://www.instagram.com/pick_go_/ 지수(조수연 배우) https://www.instagram.com/_chocean/ 보경(정태령 배우) https://www.instagram.com/taeryeong_oo/ 우택(도명 배우) https://www.instagram.com/dooolight/ 연희(이의연 배우) https://www.instagram.com/eui_q0/ 시우(박동욱 배우) https://www.instagram.com/uoook_s/,306,4,기타,,287,2023-04-22
인간관계에 지쳐서 혼자가 편한 사람들의 특징,놀면서 배우는 심리학,@aidma0589,지금 혼자인 게 좋은 사람들은.. 평소에 나 자신보다 상대를 더 챙겨주거나 신경을 써줬던 배려심 깊은 사람일 가능성이 크다. 그런데 당연하게 여기며 더 바라거나 함부로 가볍게 대하는 사람때문에 지치거나 피곤해지다보니 인간 관계를 안하는 게 손해가 아니라 스스로에게 이익이 되기때문에. 애써 타인을 생각할 필요가 없다고 여기다보면 혼자인 게 더 편하다. 분명한 것은 정말 좋은 사람이었다는 사실..,304,7,기타,,221,2025-10-18
혼자가 편한 사람 특징,픽고 PICKGO,@마케팅강의,"내가 저 포지션으로 살아봐서 아는데 시간, 에너지 아낄 수 있다는 장점은 있지만 까딱 잘못하면 집단에서 은근 따돌림 당하기 쉽고, 관계가 긴밀하지 못하다보니 사회성이 부족해질 수 있음. 일, 공부 잘해서 인정받는 다고 사회성이 좋다는 착각에 빠지기도 했음. 사회성이 부족하다 보니 취업 후에 직장 내 적응하기 어려울 수 있고 어디에도 소속되는 걸 부담스러워하다 보니 나보다 일 못하는데도 사회성이 겁나게 좋은 사람들이 줄타기 신공으로 점점 치고 나가는 걸 경험하게 됨.",302,3,자기서사,지식|정체성확인|자기서사|자기참조,262,2023-04-22
은지원 명언 l 결혼을 신중하게 해야하는 이유.,멘탈케어::힐링 심리학 채널::,@yo844,저도 예전에 밖에서 기분좋게 놀다가 집에 들어가려고 현관문 앞에 서자 기분이 확 다운되는걸 느꼈음...곰곰히 생각해보니 엄마의 잔소리에 맨날 스트레스를 받다보니 집이 싫은거였음... 결혼하면 잔소리하는 사람이 엄마에서 아내로 바뀌는듯..그래서 서로 스트레스를 받음...결혼하면 아내에 대한 성욕이 뚝 끊어지는 이유도 이떄문인듯... 스트레스를 주는 사람에겐 성욕이 절대 느껴지지 않음..그냥 피하고 싶은 존재일뿐....,302,20,자기서사,정체성확인|자기서사|자기참조,234,2024-04-08
혼자가 편한 사람 특징,픽고 PICKGO,@dainro9696,이건 진짜 혼자가 편한 사람이 아니라 인간관계가 힘에 부치는 사람 얘기에 더 가까운 거 같다. 혼자가 편한 거랑 혼자인 게 좋은 거랑 다르다고 해야 하나,302,4,기타,,85,2023-04-29
혼자 살다가 행복하게 죽는 5가지 방법 #삶의지혜 #행복한노후 #100세시대,골든가이드,@EUNJUKIM-x6g,전 이미하고 있어요 집착하고 소유하던것을 과감히 버리니 편하네요 인연도 연연안하게 되니 정말 너무 좋음 오로지 나만 보임,302,6,자기참조,자기참조,67,2025-08-10
"친구 한 명 없어도 혼자 잘 지내는 사람들의 '3가지' 장점 (최명기 원장, 한석준 아나운서, 이헌주 교수, 김아라 소장)",지식인사이드,@0무무,동네아줌마들 사이에서 아이 친구엄마들이라며 친목관리할때 너무 힘들엇어요. 내 슬픔은 약점이 되고 기쁨은 시기질투거리가 되더라구요. 그래서 지금은 다 끊어내고 살아요. 정기적인 저녁술자리도 없고 그동안 못하던 운동도 꾸준히하고 취미생활도 하고 넘 편해요^^,299,8,자기서사,자기서사|자기참조,142,2024-05-06
나이들수록 혼자가 편해지는 이유. 친구 없이 혼자서 행복해지는 방법 ㅣ Ep. 26 책과사람 (서경석 개그맨 1부),책과삶,@디퍼아-i,"김재원 아나운서님, 어쩜 이리 편안하게 진행을 잘하시는지요, 말씀 한 마디 한 마디 하실때마다 진심과 상대방에 대한 존중과 배려의 마음이 느껴집니다. 책과삶 채널은 김재원 아나운서님을 위해 만들어진 채널처럼 느껴질정도 입니다. 오래도록 책과삶 채널에서 김재원 아나운서님 뵈었으면 좋겠습니다. 약속의 소중함을 다시한번 깨닫게 해주신 서경석님께도 감사합니다😊",298,0,위안,위안,199,2025-08-23
나이들수록 혼자가 행복한 이유 | 온전한 나로써 행복해지는 법 | 쇼펜하우어의 인생론 행복론 | 처세술 | 명언 | 인생의 지혜 | 인간관계,만인의 현인,@신윤아-o3r,인간들이랑 굳이 어울릴 필요가 없다 혼자서 살아가고 혼자 일상을 즐겨라,297,4,기타,,39,2024-08-16
혼자 살다가 행복하게 죽는 5가지 방법 #삶의지혜 #행복한노후 #100세시대,골든가이드,@배시시-o7q,혼자라도 바르게 살다 가면 됩니다,296,10,기타,,18,2025-08-15
은지원 명언 l 결혼을 신중하게 해야하는 이유.,멘탈케어::힐링 심리학 채널::,@박연숙-i5p,은지원팬입니다 잘생기고 솔직하고 위트있고 좋은사람 같아요,295,8,기타,,31,2024-04-17
‼️혼자일 때 (이때가) 진짜 삶을 바꿀 기회다.ㅣ'이혼숙려캠프 상담가' 이호선 숭실사이버대학교 교수ㅣ인생강의,하와이 대저택,@워니챌린지,고독을 즐기는 1인입니다. 혼자서 책을 읽거나 일기를 쓰거나 뭔가 좋아하는 것을 할 때 심리적 포만감을 느낍니다. 사람을 만나서 얘기하는 건 별로 좋아하지 않아요~^^,294,2,기타,,93,2025-04-13
"나이 들수록 혼자가 되어야 하는 이유ㅣ노후에는 혼자가 행복하다ㅣ평생친구는 없다ㅣ인간관계ㅣ쇼펜하우어, 니체, 알베르 카뮈, 루소 명언 인생조언",책사람,@Richard-w2y1k,혼자왔다가 혼자가는게 인생입니다,291,8,기타,,17,2023-07-01
가족과 사는 게 즐겁다고? '행복한 사람'은 절대 무작정 결혼하지 않습니다! | 김경일 심리학과 교수 1부,"꿈을 찾는 사람들 강연,강의,강사,꿈찾사",@신준호-u9u,행복은 수단일뿐이라는 말이 정말 깊은 의미가 있는 것 같아요. 결국 생존이 우선이고 행복은 도구일뿐이라는 관점은 생각도 해본 적이 없는데 덕분에 많은 생각을 하게 됩니다.,289,2,위안,위안|지식,95,2023-04-10
혼자 있는 게 편하다는 사람들의 진짜 속마음ㅣ지식인초대석 EP.65 (박재연 소장 2부),지식인사이드,@현지인-m1m,나 좋다는 사람 챙기기도 바쁜데 굳이 아닌 사람 챙길 필요를 못 느끼죠,287,6,기타,,39,2025-09-21
혼자가 편한 사람 특징,픽고 PICKGO,@davidnam5319,IxTX인 사람이 특히 저럼. 혼자가 편한데다 다른사람 신경쓰고 감정소모 하는 거 가장 싫어하고.,286,9,기타,,54,2023-04-22
함께 있어도 혼자 겉도는 사람의 2가지 특징,비치키,@Werb193_12,1:13 잘못낄때 누가 저러면 솔직히 짜증 엄청남.... 의도가 좋든 안좋든,286,2,기타,,42,2026-01-17
"혼자 있을 때 더 편안한 사람, 알고보니 '이 유형' 입니다 (김경일 교수님 통합본)",책과삶,@정선우-g2x,챙겨주면 고맙지..돌려 줄 자신이 없으니 미안하고. 그냥 안 받고.편하게 살고 싶음.,284,0,기타,,47,2026-05-04
"나이 들수록 혼자가 되어야 하는 이유ㅣ노후에는 혼자가 행복하다ㅣ평생친구는 없다ㅣ인간관계ㅣ쇼펜하우어, 니체, 알베르 카뮈, 루소 명언 인생조언",책사람,@장옥자-w4m,70이 되고보니 친구들이 허물없이 툭툭 내뱉는 말조차도 싫어 지네요. 그런것을 느끼면서 조금씩 멀리해보니 지금은 오히려 내맘이 너무 편해져서 생각한것보다 좋습니다. 적당한 거리가 내가 상처받지않아서 좋다고 생각합니다. 이제는 오롯이 내가 편한게 제일인것 같아요.,283,7,자기서사,자기서사|자기참조,146,2023-07-19
혼자 있을 때 가장 행복한 사람 특징,놀면서 배우는 심리학,@그린로즈-v4v,저도 백퍼 공감합니다 책읽고 음악듣고 그 순간들이 가장 해피합니다. ^^,283,0,정체성확인,정체성확인|자기참조,40,2024-06-20
혼자가 편한 사람 특징,픽고 PICKGO,@한유화-q4e,인간관계 결국 정치질이더라. 내가 잘못한게 없어도 서열싸움에서 밀리면 내가 잘못한게 되어버림. 보통 무리에 속하는 애들은 혼자 다니는 애들을 이기적이라고 욕하던데 대체 뭐가 이기적인거임? 무리지어서 다니는 본인조차 모두와 잘 어울릴 생각은 안하고 다른 무리끼리 정치질하고 힘싸움하면서 혼자 다니는 애들 만만해보이니까 괜히 시비걸고 욕하고 따시키는거 아님?,282,5,자기서사,자기서사|자기참조,198,2023-04-23
나이들수록 혼자가 편해지는 이유. 친구 없이 혼자서 행복해지는 방법 ㅣ Ep. 26 책과사람 (서경석 개그맨 1부),책과삶,@업살,주변에 베풀고 그러지 마세요. 그렇게 행동하면 보상심리 때문에 나중에 나한테 똑같이 안하면 내가 서운해 합니다.그런 서운함들이 쌓여서 마음에 상처가 되는겁니다. 애초에 베풀지 않으면 서운해 할 일도 안 생기게됩니다.. 싹을 미리 짤라버리는.. 그러니까 꼭 필요한거 아닌 이상 인간관계를 하지 마시길. 혼자가 외로우면 취미생활을 하세요.,282,7,자기서사,위안|정체성확인|자기서사|자기참조,187,2025-08-24
점점 혼자가 편한 이유,픽고 PICKGO,@awd5030,왜 면접도 같이 보고 취업도 같은데로 하자 하지,282,0,기타,,26,2023-12-12
나이들수록 오히려 혼자가 되면 편합니다. 친구 없어도 잘사는 사람의 특징 (최명기 원장 1부),지식인사이드,@DBK-o9w,50인데 공감합니다. 대인관계에 피로를 느낍니다. 젊은시절엔 에너지가 많아서 함께 어울리는게 좋았지만 이제 급피로합니다. 대인관계에선 좋은 관계를 위한 노력이 많이 필요한데 힘과 돈이 많이 쓰이니 냥 혼자 보내는 시간이 좋아요,281,0,자기서사,정체성확인|자기서사|자기참조,126,2023-09-18
나이들수록 오히려 혼자가 되면 편합니다. 친구 없어도 잘사는 사람의 특징 (최명기 원장 1부),지식인사이드,@시나브로-b1m,올때 혼자 왔잖아요 친한 사이일수록 질투와 시기는 더생깁니다.,281,5,기타,,34,2023-09-23
"""혼자가 가장 행복하다."" 사람이 굳이 외향적일 필요 없는 이유 (남인숙 작가 통합본)",지식인사이드,@Digital_Nomad_1004,_인간관계를 잘하려고 애쓰지 않는 사람일수록 오히려 인간관계가 조을 수 있다는 연구 결과..._,276,2,기타,,53,2024-09-28
"나이 들수록 혼자가 되어야 하는 이유ㅣ노후에는 혼자가 행복하다ㅣ평생친구는 없다ㅣ인간관계ㅣ쇼펜하우어, 니체, 알베르 카뮈, 루소 명언 인생조언",책사람,@starrrrrrrrrrrrrrrrrrrrrrrrr,자식들 다 키우고 나면 혼자 사는게 진리죠. 남은 인생 혼자 자유롭게 살다가 가는게 복받은 인생이죠.,274,8,기타,,56,2023-07-16
함께 있어도 혼자 겉도는 사람의 2가지 특징,비치키,@NewOne-l4g,여행 버스 뒷자석은 인싸석 아닌가ㅋㅋㅋ,273,3,기타,,21,2026-01-17
똑똑한 사람일수록 친구 적고 외로움 덜 타는 이유ㅣ인간설명서 EP.6,지식인사이드,@jijikim407,이상한인간들 꼬일바에 제대로된 한두명만 있는게 상책이긴하다ㅋㅋ나이들수록 발넓어봤자 피곤해질뿐이다,270,1,기타,,53,2024-12-06
‼️혼자일 때 (이때가) 진짜 삶을 바꿀 기회다.ㅣ'이혼숙려캠프 상담가' 이호선 숭실사이버대학교 교수ㅣ인생강의,하와이 대저택,@인연-o9s,항상 혼자여서 외롭다고 생각하고 살았는데 따스한 봄날 차안에서 공부를 하다 밖에 산책을 하는데 저도 모르는 순간 혼자서 이런 따스한 햇살을 받으며 제가 하고 싶은거 하면서 누구의 방해도 받지않고 오롯이 저만이 느낄 수 있는 자유에 혼자라는게 너무도 행복하다고 진실로 느꺼지더라고요 그 후론 혼자인게 외로운게 아니라 자유로운 행복이다고 생각이 듭니다. 교수님 말씀에 오늘도 성숙해집니다,269,2,자기서사,위안|지식|정체성확인|자기서사|자기참조,214,2025-04-11
인간관계에 지쳐서 혼자가 편한 사람들의 특징,놀면서 배우는 심리학,@슈팅스타-t8e,사람과의 관계가 넘 지치고 힘들어서 점점 피하게 되고 또 혼자가 편해지는거 같아여!😢,269,0,기타,,48,2025-09-02
"[#유퀴즈온더블럭] 혼자가 제일 편하다는 내향인💦 그 행복, 진짜일까?🤔 행복 심리학자가 말하는 내향인의 진실👀",디글 :Diggle,@tweety0878,혼자 있을 때 느끼는 외로움? 당연한 것 혼자 있으니까 하지만 같이(가족 친구등) 있는데 외롭다는 건 비참한 것 익숙해지면 뭐든 익숙한 것에 편해지는 것 같아요 어릴때부터 병원다녀서 혼자 있는 시간이 많았음 중학교 입학과 동시에 아파서 친구 사귀기 전에 병원부터 그래서 아는 사람이 대부분 대학병원에 있음 혼자에 익숙해서 혼자 음악들으며 쇼핑하는 거 제일 좋아하고 (옆에 사람이 있으면 신경 쓰여서 쇼핑못함) 그러다 만나는 사람마다 친구 없냐 어쩌구 해서 사귀어 보려고 했는데 익숙하지 않다 보니 믿는 도끼에 발등 몇번 찍히고 그 후론 그냥 혼자 제일 편함 뭐든 억지로 하는 것에는 역효과가 있다는 걸 알게 됐음 만약 나보다 나을 것이 없고 내게 알맞은 벗이 없거든 차라리 홀로 걸어가는 편이 낫다 어리석은 사람의 길동무가 되지 마라 살아가면서 진정한 인간관계를 맺기 위해서는 관계를 맺을 뿐만 아니라 관계를 끊는 능력도 있어야 한다,267,0,자기서사,위안|지식|자기서사|자기참조|반박,466,2025-07-11
"[#유퀴즈온더블럭] 혼자가 제일 편하다는 내향인💦 그 행복, 진짜일까?🤔 행복 심리학자가 말하는 내향인의 진실👀",디글 :Diggle,@most_em8559,행복도 중요하지만 살아보니 맘편한게 좋드라,264,4,자기서사,자기서사,23,2025-07-11
"""친구 한 명도 없는 것, 오히려 좋다"" 혼자 있는 시간이 많을수록 점점 똑똑해지는 이유 (이헌주 교수 통합본)",책과삶,@꼬꼬밍-m8s,젋을때는 사람 많은게 좋았고 매일 만나게 즐거웠는데 나이 먹으니 이젠 시간..돈 낭비 오롯이 혼자 밥 먹고 차 마시고 쇼핑하고 필사도 하고 독서도 하고 하루 하루가 빨리가고 알참,261,4,기타,,99,2025-12-22
"혼자 시간을 보내는 사람이 매력 있는 이유, 외로움을 다루는 방법 (feat.오은영)[인스타그램, 인스타중독, SNS, 오은영, 외로움, 자존감, 우울증]",도서관 오목눈이,@Rhxoxxxo,저는 타지에 와서 자격증을 준비하면서 혼자 살게된지 8개월 째 입니다. 처음엔 되게 외롭고 인간관계 현타도 느꼈지만 이제서야 깨닫는게 나에게만 오롯이 집중할 수 있는 환경이 조성되고 시간이 생겼다는게 축복이고 오히려 행복합니다,260,1,자기서사,자기서사|자기참조,126,2023-10-19
혼자가 더 편한 회피형 특징,놀면서 배우는 심리학,@heailleelee3671,회피형이 아니라 건강한것 아닌가요? 질척거리는것도 아니고 가스라이팅하려는것도 아니고 그냥 자기가 판단해서 깔끔하게 정리하는건 오히려 정신건강에 좋을듯,259,5,기타,,83,2024-09-01
"[#유퀴즈온더블럭] 혼자가 제일 편하다는 내향인💦 그 행복, 진짜일까?🤔 행복 심리학자가 말하는 내향인의 진실👀",디글 :Diggle,@blissofgreen,10:06 오 ㅇㄱㄹㅇ 학생때 극극극 내향인이라 거의 도서관 좋아하고 친구들도 다 얌전한 친구들이었는데 사회생활 하면서 내가 은근히 회식같은걸 즐긴다는걸 깨달았음 생각보다 내가 사람을 좋아하네? 느낀 뒤로 무대공포증 같은게 많이 줄어듦. 선을 넘지 않는 적당한 감정 스트로크가 생각보다 무던한 일상의 기둥이 되는것 같음. 퇴근길 지하철이 힘들지만 그래도 각자의 자리에서 최선을 다한 성실한 사람들 사이에 껴 있는 것이 나름 행복함.,258,5,자기서사,지식|자기서사|자기참조,241,2025-07-12
"나이 들수록 혼자가 되어야 하는 이유ㅣ노후에는 혼자가 행복하다ㅣ평생친구는 없다ㅣ인간관계ㅣ쇼펜하우어, 니체, 알베르 카뮈, 루소 명언 인생조언",책사람,@Bitcoin77722,인생의 진정한 친구는 돈입니다. 돈있으면 평생 죽기직전까지 내곁에서 나를 지켜줄수있는 친구죠,258,11,자기서사,자기서사,51,2023-07-14
인간관계에 지쳐서 혼자가 편한 사람들의 특징,놀면서 배우는 심리학,@광진구돌주먹,남에게 피해 주기도 싫고 피해 받기도 싫고,256,0,기타,,23,2025-09-04
"""혼자가 가장 행복하다."" 사람이 굳이 외향적일 필요 없는 이유 (남인숙 작가 통합본)",지식인사이드,@seainocean7,인간관계 그냥 시절인연이더라구요 저는 지금혼자가 편해요 이젠 사람한테 의지안해요,255,0,자기서사,자기서사|자기참조,44,2024-10-04
똑똑한 사람일수록 친구 적고 외로움 덜 타는 이유ㅣ인간설명서 EP.6,지식인사이드,@m김재원,이세상에 가장 외로운사람은 혼자있는 사람이아니고 혼자있을수 없는사람이다,255,5,위안,위안,39,2025-09-13
나이들수록 혼자가 행복한 이유 | 온전한 나로써 행복해지는 법 | 쇼펜하우어의 인생론 행복론 | 처세술 | 명언 | 인생의 지혜 | 인간관계,만인의 현인,@느림의미학-u9i,모든지 적당한게 최고다. 차갑지도 뜨겁지도 않는 적당한게 최고이다.,255,4,기타,,37,2024-02-04
친구가 없어도 '혼자 잘 지내는' 사람 특징,멘탈케어::힐링 심리학 채널::,@27sh12,와 계속 혼자있으면서 공허함이 끝없이 느껴졌지만 방금 올라온 이 영상을보고 제 자신에 대해 확신감이 깨달아졌습니다. 앞으로도 멘탈을 더욱 더 키우면서 차분해지고 잘 나아가도록 노력해야겠어요!~ 좋은영상 감사합니다>_<,254,1,자기서사,위안|지식|자기서사|자기참조,121,2022-07-31
혼자 있는게 더 행복한 사람의 특징,놀면서 배우는 심리학,@marine073,"혼자가 좋고 집순이지만, 밖에서 활보하는것도 좋아함 문제는 나가기까지의 실행이 어려움ㅠㅠ",254,2,자기서사,자기서사|자기참조,49,2024-05-08
나이들수록 오히려 혼자가 되면 편합니다. 친구 없어도 잘사는 사람의 특징 (최명기 원장 1부),지식인사이드,@건강365연구소,평생 친구는 없다라는 말에 공감합니다..,253,0,정체성확인,정체성확인|자기서사,22,2024-11-23
함께 있어도 혼자 겉도는 사람의 2가지 특징,비치키,@lu_xira,3:37 구냥 신나버려가지구,253,1,기타,,15,2026-01-18
나이들수록 오히려 혼자가 되면 편합니다. 친구 없어도 잘사는 사람의 특징 (최명기 원장 1부),지식인사이드,@유니-c1o,60대 중반 성격자체가 내성적이고 바깥활동별로 안하고 집안일 혼자 산책 목욕등 이렇게만해도 하루가 금방지나가요 나이들어 친구들 만나서 수다 떨어라고해서 억지로 친구 만나고 밥먹고 유대관계 맺을려고 하는것 자체가 스트레스 받았는데 원장님 말씀 들으니 친구없다고 고민할 필요가 없네요,252,0,자기서사,자기서사|반박,156,2023-09-22
나이들수록 오히려 혼자가 되면 편합니다. 친구 없어도 잘사는 사람의 특징 (최명기 원장 1부),지식인사이드,@YY-fj7or,"내 친구는 강아지, 책, 스마트폰, 음악, 산책길에 핀 꽃들, 나무들이다.",250,8,자기참조,자기참조,41,2025-07-14
혼자서 잘 사는 사람 특징,놀면서 배우는 심리학,@전인숙-e4k,혼자일때 가장 자유롭다,250,0,기타,,12,2025-01-01
나이들수록 혼자가 편해지는 이유. 친구 없이 혼자서 행복해지는 방법 ㅣ Ep. 26 책과사람 (서경석 개그맨 1부),책과삶,@멍멍-e7w,옛날에 인생에 진정한 친구 한명만 있어도 성공한 삶이라고 합니다 나이를 먹을수록 불필요한 인간관계를 정리하고 나를 성찰하는 시간을가질려면 혼자 있는 시간을 즐기세요 괴로운거 보다 외로운게 낫습니다,249,5,위안,위안,109,2025-08-24
혼자 있는게 더 행복한 사람의 특징,놀면서 배우는 심리학,@thorj7395,혼자 있는 밤시간이 제일 행복합니다,249,1,기타,,19,2024-05-15
나이들수록 오히려 혼자가 되면 편합니다. 친구 없어도 잘사는 사람의 특징 (최명기 원장 1부),지식인사이드,@khs3213,혼자가 너무 편함.. 누군가와 엮기는 것 자체가 스트레스고 일상 자체가 스트레의 연속임. 돈벌어야해서 어쩔 수 없이 사람 만나고 웃고 떠드는 척 하지만 사실 불편함. 밥도 혼자 먹는게 편하고 혼자서 할 수 있는 것들이 너무 많음.,246,1,자기참조,자기참조,128,2023-10-09
‼️혼자일 때 (이때가) 진짜 삶을 바꿀 기회다.ㅣ'이혼숙려캠프 상담가' 이호선 숭실사이버대학교 교수ㅣ인생강의,하와이 대저택,@Lovegogo1,여기 댓글 다는사람들은 모두 성공합니다 그걸 원했기때문이죠 ❤,246,11,기타,,34,2025-04-08
나이들수록 오히려 혼자가 되면 편합니다. 친구 없어도 잘사는 사람의 특징 (최명기 원장 1부),지식인사이드,@TV-zi9wh,모든 관계는 적정 거리를 유지하는게 좋습니다. 친하다고해서 올인하면 항상 뒷탈이 있더군요. 대인관계에서 오는 모든 피로감을 다 끊어냈습니다 심심하기도 하지만 스트레스 받지 않으니 좋습니다. 남이 나를 어떻게 생각할까 라는 불필요한 에너지 소비도 없습니다.,245,1,기타,,142,2023-09-18
똑똑한 사람일수록 친구 적고 외로움 덜 타는 이유ㅣ인간설명서 EP.6,지식인사이드,@박물관고양이고양이박,얼마나 할 일이 많고 바쁜데 인간 관계에 집착을 하나. 집착은 병이다. 친구가 밥 먹여주냐 집안 식구들한테나 우선 잘하자. 친구 없다고 해도 외로울 틈도 없다. 만나자고 연락이 와도 싫은 사람은 일부러 전화 안받는다. 대화도 안되고 피곤함,245,3,위안,위안|자기서사|자기참조,133,2024-12-06
혼자가 편한 사람 특징,픽고 PICKGO,@bonto9230,근데 이게 다 생각이 다른게 듣고 가만히 전해주지 않으면 뭔가 그 뒷담에 동조하는 것같고 그 친구에게 기만하고 있는 것같아서 전해주는 것같아요 나중에 그 친구를 만났을 때 싱황이 그 친구만 모르게 진행되고 있는 것같고 그 순간 제가 그 친구를 볼 염치가 없어지는..,244,4,자기서사,자기서사|자기참조,148,2023-04-22
"혼자 있을 때 더 편안한 사람, 알고보니 '이 유형' 입니다 (김경일 교수님 통합본)",책과삶,@mp-ho2bt,생일 유난스럽게 챙기고 싶어하고 안 챙겨주면 서운해하는 사람도 싫음 가족이라도.,244,6,자기서사,자기서사,44,2026-05-07
혼자가 더 편한 내향적인 사람의 특징,놀면서 배우는 심리학,@Eng_1234,혼자 집에 있으면 아무것도 신경쓸 것도 없고 속이 편해서 좋음 밖에 있을 때 무의식적으로 긴장을 하게 되서 그런듯,242,1,기타,,63,2023-10-19
혼자 있는게 더 행복한 사람의 특징,놀면서 배우는 심리학,@lovendo8760,일단 사람한테 상처를 안 받으니 그게 제일 매력 포인트.. 가끔 외롭긴 하지만,242,2,기타,,43,2024-05-18
똑똑한 사람일수록 친구 적고 외로움 덜 타는 이유ㅣ인간설명서 EP.6,지식인사이드,@불꽃남자_함개미,친구가 있어도 속내를 털어놓을수가 없어요. 시기하는 친구들이 많아서. 가족먼저 챙기세요,241,6,자기서사,자기서사,48,2025-10-21
은지원 명언 l 결혼을 신중하게 해야하는 이유.,멘탈케어::힐링 심리학 채널::,@nalmucking,잘한결혼 >>> 독신 >>>>>>>> 망한결혼,238,18,자기서사,자기서사,25,2025-08-15
혼자 있는 게 편하다는 사람들의 진짜 속마음ㅣ지식인초대석 EP.65 (박재연 소장 2부),지식인사이드,@맘마-w3y,같은 사람으로부터 수차례 같은 상처 경험을 겪다보면 어느순간 끊어내야 되겠다는 강한 마음이 생깁니다,237,1,기타,,55,2025-09-21
"[#유퀴즈온더블럭] 혼자가 제일 편하다는 내향인💦 그 행복, 진짜일까?🤔 행복 심리학자가 말하는 내향인의 진실👀",디글 :Diggle,@김지성-g7y,행복은 잠깐씩 느끼는 감정으로 인생에 있어 행복보다는 심리적으로 평안한 상태가 더 중요한듯 합니다.,235,2,기타,,55,2025-07-15
"""혼자가 가장 행복하다."" 사람이 굳이 외향적일 필요 없는 이유 (남인숙 작가 통합본)",지식인사이드,@duckjang7775,"적극 공감 합니다, 세상 70년 가까이 살아보니 확실히 알겠더라구요, 젊은시절 소위 말하는 친구 많은아이들 말년 보면 대부분 외로움 엄청 타더라구요, 자살까지 생각 하는 아이들도 많구요, 그중 일부는 실제로 자살 하기도 하더라구요, 혼자 살면서 인생을 즐길줄 아는 법을 터득 하는게 훨씬 유익 합니다, 내성적이면서 자기표현을 해야 할때에는 확실히 하는 사람, 이런 사람이 최곱니다",234,5,자기서사,위안|지식|정체성확인|자기서사,212,2024-09-28
나이들수록 혼자가 편해지는 이유. 친구 없이 혼자서 행복해지는 방법 ㅣ Ep. 26 책과사람 (서경석 개그맨 1부),책과삶,@후회없는인생,김재원 아나운서님 아침마당에서 안보이시니 넘 허전하던데 이렇게 볼수 있으니 넘 반갑네요😊,231,0,기타,,50,2025-08-24
혼자 있는 게 더 편한 사람 외향인도 내향인도 아닌 '이 유형' 입니다 ㅣ Ep. 책과사람 70 (김경일 교수님 1부),책과삶,@정주호-n9j,내가.태어난 생일에는.부모님들한테 전화 한다 낳아주셔서 감사하고 고생 하셨다고 태어난건 나지만 어쨋든.그날 고생 하신건 나의.어머님♡,230,4,자기참조,자기참조,74,2026-04-03
"진정한 친구가 없어도, 잘사는 사람들의 특징 '3가지' (양창순 박사 2부)",지식인사이드,@tangle4764,간단합니다. 사람은 혼자서도 괜찮아야 손절도 잘하고 끌어올 사람은 잘 끌어오고 하는 겁니다,230,3,기타,,50,2023-12-11
은지원 명언 l 결혼을 신중하게 해야하는 이유.,멘탈케어::힐링 심리학 채널::,@전지적얼굴시점,그래서 결혼은 사랑하는 사람이랑 하는게 아니라 살아가는 방식이 같은 사람이랑 하는거,230,8,자기서사,자기서사,46,2024-04-08
‼️혼자일 때 (이때가) 진짜 삶을 바꿀 기회다.ㅣ'이혼숙려캠프 상담가' 이호선 숭실사이버대학교 교수ㅣ인생강의,하와이 대저택,@0605-HappyAndPositive,"""인생 최고에 친구는 혼자드라!",230,1,기타,,17,2025-11-03
혼자가 더 편한 회피형 특징,놀면서 배우는 심리학,@햄버거-e5d,회피가 아니라 상대방수준을 포기하고 절연하는거죠,229,7,기타,,26,2024-09-01
가족과 사는 게 즐겁다고? '행복한 사람'은 절대 무작정 결혼하지 않습니다! | 김경일 심리학과 교수 1부,"꿈을 찾는 사람들 강연,강의,강사,꿈찾사",@eunkim3025,부모 자식간은 따로 살아야되고 가끔 만나야 애틋하고 반가움 만나서 한두시간 밥 먹고 빠이 해야 가장 이상적인듯 특히 형제만났을땐 더욱 그래야함 정말 부모가 아쉬운듯하면 딱 하룻밤만 자고 바로 나와야함 같이 있는 시간이 길면 길수록 좋은감정이 옅어지고 서운한 감정이 올라옴,228,13,자기참조,자기참조,151,2023-09-27
나이들수록 오히려 혼자가 되면 편합니다. 친구 없어도 잘사는 사람의 특징 (최명기 원장 1부),지식인사이드,@쑥숙이이이이,친구만나는거보단 혼자드라마보고 좋아하는거하는게 행복,228,1,자기서사,자기서사|자기참조,28,2024-12-24
"""친구 한 명도 없는 것, 오히려 좋다"" 혼자 있는 시간이 많을수록 점점 똑똑해지는 이유 (이헌주 교수 통합본)",책과삶,@myung-q6q,난 혼자 있을때 가장 나답고 행복함 아 혼자라기보다 고양이들이랑 강아지들랑 집에 같이 있는 이순간이 젤 행복해,227,10,자기참조,자기참조,61,2025-12-22
"친구 한 명 없어도 혼자 잘 지내는 사람들의 '3가지' 장점 (최명기 원장, 한석준 아나운서, 이헌주 교수, 김아라 소장)",지식인사이드,@junilpark4364,열심히 저금하고 자산을 모아서 남들에게 아쉬운 소리 하지 않고 살아갈 수 있을만큼의 부가 쌓이면 그때부터 누군가에게 매달리지않고 집착하지않고 필요없는 사람은 쳐낼 수 있는 적당한 거리감을 만들 수 있습니다. 누군가를 만나는데 계산할 필요없어지면 그제서야 함께 하고픈 사람인지 아닌지 명확하게 보이죠,226,2,자기서사,자기서사|자기참조,166,2024-05-04
혼자가 더 편한 내향적인 사람의 특징,놀면서 배우는 심리학,@cathylee1533,"내향형이라고 밖에서 땅만보고 조용하지 않아요. 집에서 혼자 잘 충전하고 사람들만나서 좋은 에너지 나누려고 노력해요~ 잘 웃어주고 긍정적인, 행복한 에너지를 뿜으려고 노력해요. 저만 그런지는 몰라도 다들 힘든 세상에서 좀 더 긍정적인 기운 나누려고 잘 쉽니다.",225,2,자기서사,자기서사,144,2023-10-18
나이들수록 오히려 혼자가 되면 편합니다. 친구 없어도 잘사는 사람의 특징 (최명기 원장 1부),지식인사이드,@니라사랑,친구 없어도 된다 공감 내 배우자가 유일한 친구다,224,3,정체성확인,정체성확인|자기참조,27,2023-11-10
"[#유퀴즈온더블럭] 혼자가 제일 편하다는 내향인💦 그 행복, 진짜일까?🤔 행복 심리학자가 말하는 내향인의 진실👀",디글 :Diggle,@박경자-g1m,결국에는 혼자 있는게 편하답니다 왁자지껄 모임이나 사람 만나고 와도 혼자''있어면 누가 날 간섭하는 사람없고 자유롭고 좋아요 반드시 혼자만의 시간이 필요하다 봅니다,223,0,기타,,91,2025-07-12
나이들수록 오히려 혼자가 되면 편합니다. 친구 없어도 잘사는 사람의 특징 (최명기 원장 1부),지식인사이드,@oyi8104,제 친구는 스마트폰입니다.,222,12,기타,,14,2024-04-04
"""혼자가 가장 행복하다."" 사람이 굳이 외향적일 필요 없는 이유 (남인숙 작가 통합본)",지식인사이드,@Digital_Nomad_1004,타인은 지옥이다..,222,1,기타,,10,2024-09-28
나이들수록 혼자가 편해지는 이유. 친구 없이 혼자서 행복해지는 방법 ㅣ Ep. 26 책과사람 (서경석 개그맨 1부),책과삶,@오창민-o7p,"유년시절부터 고독한 삶이였습니다. 혼자서 생활하고 해결하고 친구 1명 없습니다. 오히려 이게 마음 편하고 자유롭네요. 여럿히 모이는것도 불편하고 모여봤자 험담, 자기자랑, 끼리끼리 형성, 부정적인 측면이 더 강한 거 같아요. 혼자서 밥 먹고, 운동하고 (헬스), 책 읽고, 공부하고, 집안일 하다보면 시간이 빨리 갑니다. 외로운건 한 순간이고, 현재는 가족들에게 충실하고 있네요. 그래도 제 자신이 제일 소중합니다.",221,10,자기서사,위안|지식|자기서사|자기참조,232,2025-09-08
나이들수록 혼자가 행복한 이유 | 온전한 나로써 행복해지는 법 | 쇼펜하우어의 인생론 행복론 | 처세술 | 명언 | 인생의 지혜 | 인간관계,만인의 현인,@박경선-r7e,절교한 친구와 화해할필요없다는 말씀 이제와 깨달았네요 20대때 친구잃을까봐 상대방이 잘못했는데도 내가먼저 항상손내밀었네요..만날때마다 거지근성있는지 받아만 처먹던 수원살았던 친구!지금생각함 진짜 재섭고 늦게라도 절교한게 다행이다 싶음,219,7,자기서사,지식|자기서사|자기참조,130,2023-11-17
친구가 없어도 '혼자 잘 지내는' 사람 특징,멘탈케어::힐링 심리학 채널::,@koyukiny,난 혼자 있을때가 제일 행복함. 타인이 날 어떻게 평기하던지 별로 신경 안 씀. 내가 나를 어떻게 평가하는지가 제일 중요함. 그리고 타인의 평가에 별로 상처도 안 받음.,219,3,자기참조,자기참조,94,2022-08-09
혼자가 편한 사람 특징,픽고 PICKGO,@knu7-t9h,본인이 그렇게 캐물어놓고 왜 그걸 전했냐고 묻고 그거에 동의해서 전하는 거라고 생각한다는 게 참.. 사람은 역시 생각하고 싶은 대로 생각하고 경향대로 사는 듯,219,7,기타,,88,2023-04-22
나이들수록 혼자가 행복한 이유 | 온전한 나로써 행복해지는 법 | 쇼펜하우어의 인생론 행복론 | 처세술 | 명언 | 인생의 지혜 | 인간관계,만인의 현인,@이름없음-b2c6h,나는 무리 지어 다니는 사람들 중 제대로 된 인생을 사는 사람을 본 적이 없다. - 니체 -,219,10,자기서사,자기서사|자기참조,51,2025-05-21
똑똑한 사람일수록 친구 적고 외로움 덜 타는 이유ㅣ인간설명서 EP.6,지식인사이드,@Liftingnerd247,"저는 요즘 외로울때마다 운동,공부,글쓰기를 하고있어요. 자랑하려는게 아니라 발전한다고 느끼면 신기하게도 외롭지 않더라고요. 친구들과 술마시고 놀고하는것들은 끝나고 나면 더 큰 외로움이 찾아오더라고요.",218,7,위안,위안|지식|자기서사|자기참조,111,2024-12-06
"[#유퀴즈온더블럭] 혼자가 제일 편하다는 내향인💦 그 행복, 진짜일까?🤔 행복 심리학자가 말하는 내향인의 진실👀",디글 :Diggle,@형아-m7y,"경험해보니 인간은 갈등, 고통, 스트레스의 원인이 되더라고요 그래서 업무 중에만 관계를 갖고 그 외에는 인간을 멀리하고 혼자만의 시간을 가지고 취미생활을 하였더니 너무 좋습니다.",218,2,기타,,99,2025-07-13
혼자 있는 게 더 편한 사람 외향인도 내향인도 아닌 '이 유형' 입니다 ㅣ Ep. 책과사람 70 (김경일 교수님 1부),책과삶,@야생초-z3c,진짜 딱 나다 생일 진짜 왜해야하는지 모르겠다ㅎ,218,1,정체성확인,정체성확인,26,2026-04-03
함께 있어도 혼자 겉도는 사람의 2가지 특징,비치키,@문하나둘셋넷,제목보고 찔려서 들어옴;;,218,1,기타,,14,2026-01-17
"친구 한 명 없어도 혼자 잘 지내는 사람들의 '3가지' 장점 (최명기 원장, 한석준 아나운서, 이헌주 교수, 김아라 소장)",지식인사이드,@VLOG-Hailey,"1. 자신의 루틴이 무너지지 않는다. (내가 좋아하고 즐거운 것을 유지할 수 있다) - 잠, 맛있는 음식, 즐거운 유튜브 2. 위기와 절망이 올 때 멘탈이 강한지 알 수 있다 - 회복탄력성 3. 불안한 모습을 보이지 않는다 (얼굴표정, 몸) - 잘 된다는 경험이 많아짐, 잘 할 수 있는 것들이 늘어남 4. 나라는 사람 자체에 비난을 하지 않는다. 남들과 비교를 하지 않는다. 나를 보며 간다. (나의 어제-오늘-내일) 5. 1)겁이 없어야 한다, 2)'나는 맞아'라고 생각하기 3)인내력,노력(근면/성실,끈기,일을 끝내려는 동기_인내력) 6. 환경(청소,잠,햇빛,질서있고 정돈된 세계), 사람_집착하지 않고 조금씩 버려야해 7. 당근과 채찍 : ""강화""(장기적 행동 변화)와 처벌 1)일상에서 사소한 즐거움 2)성취감을 줄 수 있는 활동(목표를 아주아주 낮춰서) 3)보상 8. 1) 긴장되는 순간 (면접,발표) : 연습 2) 인간관계에서 ""너도 나 때문에 화가 많이 났을거야"" ""내가 이사람을 왜 무서워 할까? 무서워 할 이유가 없잖아!"" 9. 부모 - 아이에게 선택지&인정하고 책임지게 한다. (자율성, 내가 내 삶의 운전대를 잡고있는가) / 부모가 좋은 롤모델이 되어준다.",215,3,자기서사,정체성확인|자기서사|자기참조,603,2024-05-04
혼자가 더 편한 내향적인 사람의 특징,놀면서 배우는 심리학,@관악산-j4b,맞는 말이다 밖에 나갈려면 정말 큰 맘 먹고 간다 엄청난 에너지 소비,215,0,기타,,38,2024-03-12
‼️혼자일 때 (이때가) 진짜 삶을 바꿀 기회다.ㅣ'이혼숙려캠프 상담가' 이호선 숭실사이버대학교 교수ㅣ인생강의,하와이 대저택,@hawaiidjt,"📔발타자르 그라시안 [무례한 세상에서 나를 지키는 법] 교보문고 : https://vo.la/lSY9PpX 예스24 : https://vo.la/5cOU7MZ 알라딘 : https://vo.la/GdnOIQ9 카카오 선물하기 : https://vo.la/WpoU4bK 하와이 인생강의 https://www.youtube.com/@hawaiilifelesson 🛋 인생강의 : 이호선 교수 - 숭실사이버대학교 교수 - 인성심리연구소장 - 저서 《이호선의 나이 들수록: 관계편》, 《오십의 기술》 등 ㅡ 📗 《이호선의 나이 들수록: 관계편》 이호선 교수 📌 교보문고 : https://vo.la/BdHgii 📌 예스24 : https://vo.la/YvXHYn 📌 알라딘 : https://vo.la/ItCdDY Q. 인간관계의 딜레마를 어떻게 해야 할까? Q. 외로움에 취약한 사람의 특징은? #이호선의나이들수록 #이호선 #인생강의",214,8,위안,위안,470,2025-04-08
나이들수록 혼자가 편해지는 이유. 친구 없이 혼자서 행복해지는 방법 ㅣ Ep. 26 책과사람 (서경석 개그맨 1부),책과삶,@켈리_13,"20년지기 모임이 있었다. 서운함을 토로했음에도 누구도 날 이해해주지 않았고, 후회할까 고민했지만 그 모임을 나왔다. 나오고 나니 이렇게 후련하고 마음이 편할 수 없다. 알고 지낸 20년의 세월을 후회하는 건 아니지만 깨달았다. 그들과 나는 달랐음을. 어딘가에 속하고 싶어 억지로 내 자신을 끼워맞추려 했던게 아니었을까. 그냥 좋다 지금이.",214,7,자기서사,위안|지식|자기서사|자기참조|반박,190,2025-08-28
‼️혼자일 때 (이때가) 진짜 삶을 바꿀 기회다.ㅣ'이혼숙려캠프 상담가' 이호선 숭실사이버대학교 교수ㅣ인생강의,하와이 대저택,@智加-o7q,젊었을땐 찬구랑모여서놀고 잡담하면서 외로움을 달랬지만 지금은 혼자있을땐 집안을 정리정돈도하고 십분동안 근육운동 정원의꽃나무에 물주고 바라보면서 커피한잔하는시간이 너무행복해서 외롭지않아요 너무공감입니다,214,0,위안,위안|정체성확인,111,2025-07-13
인간관계에 지쳐서 혼자가 편한 사람들의 특징,놀면서 배우는 심리학,@라라라라-w2x,결국 높은 기준치만큼 내맘에 드는 사람ㅇㅣ 없는것도 한몫함,214,2,자기참조,자기참조,32,2025-09-02
혼자 있을 때 가장 행복한 사람 특징,놀면서 배우는 심리학,@세린-z3j,심지어 난 밥도 혼자 먹는 게 제일 맛있음.,214,1,자기참조,자기참조,24,2024-07-05
혼자가 더 편한 내향적인 사람의 특징,놀면서 배우는 심리학,@jude2441,외출하면 기가 다 빨리는 느낌. 그땐 집에 와서 빨리 누워 아무것도 안해야 충전 됨.,212,3,기타,,47,2023-11-02
나이들수록 혼자가 편해지는 이유. 친구 없이 혼자서 행복해지는 방법 ㅣ Ep. 26 책과사람 (서경석 개그맨 1부),책과삶,@한경민-h4l,"김재원 아나운서님. 아침마당을 떠나셨는데,,,어느날 아침 마당을 보는데 그 빈자리가...크긴 크더군요. 유튜브로 다시 만나뵙게 돼서 반갑습니다. 계속 활동해 주시길.",211,0,기타,,92,2025-08-25
친구가 없어도 '혼자 잘 지내는' 사람 특징,멘탈케어::힐링 심리학 채널::,@병아리-e4p,인생은 혼자입니다. 남들은 거의 대부분 나한테 관심이 없어요 나를 가장 사랑해 줄수있는건 나 자신이 유일하죠,210,2,기타,,60,2022-08-10
혼자 있는 게 더 편한 사람 외향인도 내향인도 아닌 '이 유형' 입니다 ㅣ Ep. 책과사람 70 (김경일 교수님 1부),책과삶,@낭만제작연구소,전 77년생인데 단 한번도 생일 축하 받아 본 기억이 없네요. 부모가 없어서 어릴 때도 전혀 그런 기억이 없는 걸 보니 참 슬프기도 하고 이번 영상으로 위로 아닌 위로도 받고요ㅣ.,209,21,위안,위안|자기서사,100,2026-04-03
함께 있어도 혼자 겉도는 사람의 2가지 특징,비치키,@--ck8uj,나는 혼자가 편한데 학교는 혼자를 이상하게 보는것 같아 특히 중고등학교 그리고 이상하게 집이나 밖에서는 혼자면 외롭지도 않은데 학교에서는 옆에 빤히 무리가 있으니까 혼자있으면 외로운 느낌,208,2,위안,위안|자기서사|자기참조,104,2026-01-17
인간관계에 지쳐서 혼자가 편한 사람들의 특징,놀면서 배우는 심리학,@개꿀박,"내가 나한테 실망해서 빠진다기보단, 그냥 무리의 밑바닥을 봤는데 내 에너지 고갈되는게 아까워서 내가 피하는것일뿐..",208,1,자기참조,자기참조,64,2025-09-14
나이들수록 오히려 혼자가 되면 편합니다. 친구 없어도 잘사는 사람의 특징 (최명기 원장 1부),지식인사이드,@문제청년,할 일이많은 50대입니다. 친구는 편하게 볼 수있는 1~2명이면 충분하고 가족과 같이 있는 시간이 대부분입니다.,208,1,자기서사,자기서사,62,2023-09-18
"혼자 있을 때 더 편안한 사람, 알고보니 '이 유형' 입니다 (김경일 교수님 통합본)",책과삶,@makerchu,1살 더 늙어가는 걸 챙기고 싶지 않아서 고생하셨을 부모님과 밥 한끼 함께하고 넘깁니다 😊,208,2,기타,,51,2026-05-02
똑똑한 사람일수록 친구 적고 외로움 덜 타는 이유ㅣ인간설명서 EP.6,지식인사이드,@복사꽃78,전 혼자가 편해요. 누구 만나면 정신적 육체적으로 피곤하고 기 빨려요. 잠시잠깐은 즐거운데 계속 가끔씩 봐야 된다는게 버거워요. 연락오면 한두번은 괜찮아도 계속 거절 할 수가 없으니.,207,2,기타,,102,2024-12-06
혼자 있을 때 가장 행복한 사람 특징,놀면서 배우는 심리학,@주영잌,가지각색의 사람들과의 관계 속의 염증.. 그냥 그 에너지를 이유없이 소모하거나 낭비하고 싶지 않은 것 뿐,206,0,기타,,58,2024-06-18
"친구 한 명 없어도 혼자 잘 지내는 사람들의 '3가지' 장점 (최명기 원장, 한석준 아나운서, 이헌주 교수, 김아라 소장)",지식인사이드,@heejukpark,불안하고 힘들때는 오히려 혼자 있는 시간을 본능적으로 확보하게 되는 것 같아요,206,0,기타,,43,2024-05-04
혼자가 더 편한 회피형 특징,놀면서 배우는 심리학,@daheypark403,"답답하다고 느끼는건 그만큼 존중과 배려가 부족해서 눈치가 없기 때문임.회피형은 인간에게 바라는게 없기 때문에 애초에 그 손절점이 높지 않음.성자 이런거 바라는게 아니라 보편적으로 받아들여지는 예의 없음과 존중과 배려 없을 느낄때 손절 때려버리는거임.왜? 사람은 안변함.그리고 그게 그 사람이 악의를 가진게 아니더라도 결이 안맞기 때문에 그런건데 그걸 노력할 가치가 없기 때문에 손절 때려버리는거임.나의 감정의 영역,나를 지켜야하는 것보다 중요한 타인은 없음.그리고 제일 웃긴건 뭔지 앎? 내가 진짜 바닥을 쳤을때 도와주는건 내 자신과 구렇게 친하지 않은 타인들이라는 것.그러니 인간관계에 연연 안함.나는 오히려 왜 자신을 잃어가면서까지 나를 갉아먹는 관계를 손에 쥐고 있는지 이해가 안감.",205,7,자기서사,지식|자기서사|자기참조,385,2024-08-10
"혼자 있을 때 더 편안한 사람, 알고보니 '이 유형' 입니다 (김경일 교수님 통합본)",책과삶,@oliviajini9279,인간들은 자기 태어난날을 기념일로 정해서 매년 죽을때까지 축하받아야하고 축하해줘야하고 그러는 자체가 이해가 안되고 피곤합니다.,205,1,지식,지식,70,2026-05-06
똑똑한 사람일수록 친구 적고 외로움 덜 타는 이유ㅣ인간설명서 EP.6,지식인사이드,@Justness180,46 배우자자식친구없지만 혼자가 편하고 외롭지않아요 다만 늙어 건강히살다 자다 하늘나라돌아가길바랍니다,205,1,기타,,56,2024-12-06
똑똑한 사람일수록 친구 적고 외로움 덜 타는 이유ㅣ인간설명서 EP.6,지식인사이드,@inannayallacha2243,외롭지 않음 그게 뭐임? 사람들 만나고 옴 기 빨림 집에 혼자 있을 때 안식과 평화 고요를 사랑한다,205,7,자기참조,자기참조,55,2024-12-06
‼️혼자일 때 (이때가) 진짜 삶을 바꿀 기회다.ㅣ'이혼숙려캠프 상담가' 이호선 숭실사이버대학교 교수ㅣ인생강의,하와이 대저택,@G어부-e1y,독서를 통한 심리적 포만감이라는 말씀에 너무 공감합니다 혼자있을 수 있는 힘이 길러지는 느낌이에요,204,4,정체성확인,정체성확인,54,2025-04-11
"나이 들수록 혼자가 되어야 하는 이유ㅣ노후에는 혼자가 행복하다ㅣ평생친구는 없다ㅣ인간관계ㅣ쇼펜하우어, 니체, 알베르 카뮈, 루소 명언 인생조언",책사람,@원지희-h1n,난 어렸을때 부터 착하다 활발하다 라는소리를 듣고 살았다 그런데 어느순간부터 친구들과 만나고 집에오면 스트레스가 계속 쌓이는것이다 그래서 혼자가되었다! 친구를 만나러간다고 하루전부터 스트레스받으며 잠못자고 했던것이 없어지면서$ 너무 자유스러웠다! 혼자라고 외롭지않다! 오히려 스트레스없고 좋다! 혼자서 편히자고 혼자서 편히 하루를 보내고 먹고싶을때 먹고 그렇게 살다보니 제일 행복한일은 혼자서 스트레스없이 살다가 혼자서 살던집에서 혼자 죽는것이다! 행복한 삶이고 행복한 죽음이다!,203,9,기타,,268,2023-06-24
똑똑한 사람일수록 친구 적고 외로움 덜 타는 이유ㅣ인간설명서 EP.6,지식인사이드,@백미숙-x3z,한사람만이라도 나랑 맞는사람있으면 딱 좋아요 사람 욕심내지 마세요 내건강 내가발전하는 일에 관심두세요 최고입니다 사람들 다똑같아요,203,5,정체성확인,정체성확인|자기참조,72,2024-12-06
나이들수록 혼자가 행복한 이유 | 온전한 나로써 행복해지는 법 | 쇼펜하우어의 인생론 행복론 | 처세술 | 명언 | 인생의 지혜 | 인간관계,만인의 현인,@카야-z9e,전 평생 친구하나 없이 살았습니다 이 나이가 되고서야 비로소 외로움에 달인이 됐습니다,203,13,위안,위안|자기서사,47,2024-06-04
똑똑한 사람일수록 친구 적고 외로움 덜 타는 이유ㅣ인간설명서 EP.6,지식인사이드,@in.out.,친구 인간관계 다 필요 없습니다. 일 안해도 먹고 살수 있는 구조를 만들고 유유자적으로 편하게 사는게 최고입니다. 주변에 보면 소시오패스 너무 많아요. 정신이 건강한 사람은 혼자서 잘 지낸다.,202,5,기타,,107,2024-12-27
"진정한 친구가 없어도, 잘사는 사람들의 특징 '3가지' (양창순 박사 2부)",지식인사이드,@thebookforest7998,친구없이지내라는 말씀이라니라 혼자지낼수 있고 혼자있는 시간을 지낼수 있어야 인간관계도 잘해낼수 있다는 말씀이네여.,202,1,기타,,63,2023-12-12
"[#유퀴즈온더블럭] 혼자가 제일 편하다는 내향인💦 그 행복, 진짜일까?🤔 행복 심리학자가 말하는 내향인의 진실👀",디글 :Diggle,@와룡산와룡-s4i,인간은 본래 혼자입니다.내면에서 정서적인 행복을 찾아보세요.,199,0,기타,,33,2025-07-12
"진정한 친구가 없어도, 잘사는 사람들의 특징 '3가지' (양창순 박사 2부)",지식인사이드,@렉슬-g9b,친구없이 혼자 지내도 하루가 짧다. 왜이리 즐거운 일도 많고 할일도 많은지.,197,0,기타,,42,2024-01-21
나이들수록 혼자가 행복한 이유 | 온전한 나로써 행복해지는 법 | 쇼펜하우어의 인생론 행복론 | 처세술 | 명언 | 인생의 지혜 | 인간관계,만인의 현인,@쿠왁스이,매달리지말고 미움받을용기가있을때 행복하다라는거 회사생활하면서 와닿음. 고과받겠다고 상사한테 딸랑거리고 신경안거슬리게 한다고 나를 숙이고 상사가 하는말에 벌벌떠니까 스트레스받더라고. 그렇게한다고 고과받는다는 보장도없는데. 그걸 깨닫고 나 편한데로 사니 고과못받아도 내 행복과 바꿨다고 생각하니 정신건강이 좋아짐,196,9,자기서사,자기서사|자기참조,172,2023-09-03
"혼자 있을 때 더 편안한 사람, 알고보니 '이 유형' 입니다 (김경일 교수님 통합본)",책과삶,@김정수-i4k,기념일 신경 안쓰는 내가 좀 이상한가? 했는데 댓글보니 많네요,196,0,자기참조,자기참조,34,2026-05-05
점점 혼자가 편한 이유,픽고 PICKGO,@hahasefula,"그냥 처음에 “나 카페 좀” 이러면 “응 다녀와” 하거나 “나도 따라가도 됨?”이렇게 물어보면 되지 그냥 지금 말하는 건 갈라치기 하려는 느낌이잖아…뒤에 E냐 I냐 묻는 것만 봐도 그렇고 그냥 너랑 우리는 안맞다라고 말하고 싶은거 아니냐고ㅠㅠ 주인공이 갠플 좋아하는 것도 맞지만 저렇게까지 톡 보낼거 고민하게 만드는거면 일단 친구는 아니다…백퍼 주인공이 저렇게 생각하고 혼자다니는거 보면 역시 주인공은 우리랑 안놀고 싶었나봐, 아니 싫으면 싫다고 하던가 등등 이렇게 말하고 둘이서 다닐 듯. 주인공은 자기만의 시간이 중요해서 혼자가 편한게 아니라 타인이랑 있는 시간이 불편해서 혼자가 편해진 느낌이여…",195,3,자기서사,정체성확인|자기서사|자기참조,336,2024-02-08
혼자가 편한 사람 특징,픽고 PICKGO,@KakaoVX,혼자 다니는 거 장단점이 너무 뚜렷한 거 같음 근데 인간은 결국 사회적 동물이라 사람들과 어울려 지내야 하긴 함,195,0,자기참조,자기참조,62,2023-04-22
혼자가 편한 사람 특징,픽고 PICKGO,@성이름-x3t1u,뒷담을전하는게 왜 동의해서 전하는거지..? 나만등신처럼 모르는것보단 차라리 알려주는게 낫던데... 공감안되네요,195,3,정체성확인,정체성확인,61,2023-04-22
"""친구 한 명도 없는 것, 오히려 좋다"" 혼자 있는 시간이 많을수록 점점 똑똑해지는 이유 (이헌주 교수 통합본)",책과삶,@동네보안관-m6p,혼자가 편한 요즘....,195,0,기타,,13,2025-12-22
"""친구 한 명도 없는 것, 오히려 좋다"" 혼자 있는 시간이 많을수록 점점 똑똑해지는 이유 (이헌주 교수 통합본)",책과삶,@Moon7511,"혼자가 좋으려면 건강해야 함. 자존감도 친절함도 몸의 건강에서 나옴. 근력과 유산소를 병행해 꾸준히 운동하면 잔병과 만성질환이 없고, 근력이 좋으면 활기차고 자신감이 생김. 건강한 몸으로 독서까지 하면 지적수준까지 올리게 됨. 책을 많이 읽을수록 부족함을 깨닫고 더읽고 싶음. 여기에 재미를 들이면 운동안하고 영양제만 한주먹씩 먹으며 골골대는 사람들과 할일없이 앉아서 수다나 떠는 모임이 시간낭비 에너지낭비가 되어 더는 나가기 싫음. 적당한 경제력까지 갖추게 되고 몸과 마음이 건강하니 혼자가 최고로 좋음",194,2,기타,,282,2025-12-29
친구가 없어도 '혼자 잘 지내는' 사람 특징,멘탈케어::힐링 심리학 채널::,@q5551326,"나이를 먹을수록 점점 혼자가 되는 것 같은데 혼자가 편해서 그런거 같아요, 하지만 모든 것이 장단점이 있듯 무조건 혼자일 필요도 없습니다. 혼자서도 잘지는 게 중요한거죠",194,1,기타,,94,2022-08-04
함께 있어도 혼자 겉도는 사람의 2가지 특징,비치키,@sinnadie0,"뭔가 나는 무리 전체랑은 안친하고 몇명만 친한데, 그 몇명이 무리 모두랑 친하면 그때부터 혼자 고립된 느낌이 심하게 듬..",194,0,자기서사,자기서사|자기참조,68,2026-01-17
혼자 살다가 행복하게 죽는 5가지 방법 #삶의지혜 #행복한노후 #100세시대,골든가이드,@carmi-r2e,"살아 온 길 뒤돌아 보고 감사하고, 하루를 의미있게 지내고, 더불어 아직 하지 않았다면 곧 떠날 준비를 하고, 지금이 가장 소중한 시간임을 , , ,",193,0,기타,,83,2025-08-07
혼자가 더 편한 회피형 특징,놀면서 배우는 심리학,@고진감래-b8c,회피형은 어떤 문제나 사건이 생겼을때 피하고 도망가는게 회피형 입니다 인간관계에서 아닌 사람을 손절 하는게 회피는 아니죠~,192,1,기타,,68,2025-02-04
혼자가 더 편한 내향적인 사람의 특징,놀면서 배우는 심리학,@mumuk2988,내향형인 사람한테 잦은 연락 강요하지 말고 주말에 뭐하냐 쓸데없는거 묻지 마세요. 제발. 나 알아서 잘놀고 잘쉬고 있는데 뭔상관이야 진짜 눈치없이 그런거 계속 묻는 사람은 짜증나서 손절해버림..,191,3,자기서사,자기서사,108,2023-10-24
나이들수록 오히려 혼자가 되면 편합니다. 친구 없어도 잘사는 사람의 특징 (최명기 원장 1부),지식인사이드,@지식인사이드,"⭐9월 19일 ~ 9월 22일 추석 특가 행사⭐ 안녕하세요 구독자 여러분!! 저희가 이번 추석 명절을 맞이하며, 온라인&오프라인 통틀어 최저가로 특가 상품을 소개해드리려고 합니다! 정관장 홍삼 세트부터 마사지건까지 3일간 진행하는 특가이니 많은 관심 부탁드려요~~!! 아래 링크 상점에서 좋은 선물, 좋은 상품 챙기셔서 행복한 명절 되길 바라겠습니다^^🍁 상점 바로가기 ❤ https://insidemarket.store/ 1. 정관장x인사이드 2. 갓비움x인사이드 3. 야구르트 핏바이오틱스",190,16,기타,,276,2023-09-21
혼자가 편한 사람 특징,픽고 PICKGO,@Daisy_dlwlrma,"저런 생활 진짜 좋은 게 선물 돌려받기 위한 가식적인 생일 축하도 안 받고 형식적인 관계 유지하기 위한 술자리, 놀러가기 등등 불필요한 지출과 시간 줄일 수 있어서 진짜 좋음 다만 단점은 인맥이 필요한 상황일 때는 엄청 불리하게 작용함...근데 난 이것도 다 감수한다 생각하고 생활하니깐 다니기 편하더라 그리고 내 사람한테만 온전한 시간과 돈 쓸 수 있다는 점도 매우 좋음 친구가 아예 없는 것도 아니고 편한 친구 2명 있다는 것만으로도 난 이미 만족해서 더 이상의 친구 욕심은 없음ㅋㅋ",190,5,자기서사,자기서사|자기참조,272,2023-04-22
혼자가 편한 사람 특징,픽고 PICKGO,@이방원-b1j,가식떨면서 궁금하지도 않은거 듣고 대답하는게 너무 힘들어요. 정말 너무 싫어요. 혼자 되기로 결심하고 실행한 후 광명 찾았습니다🤍🤍🤍🤍🤍,190,3,기타,,81,2024-04-14
나이들수록 혼자가 행복한 이유 | 온전한 나로써 행복해지는 법 | 쇼펜하우어의 인생론 행복론 | 처세술 | 명언 | 인생의 지혜 | 인간관계,만인의 현인,@Button-o7b,나이들수록 맞는 사람찾기는 진짜 어려운듯요...사람을 만나도 안즐거운듯... 미성숙한인간들이 넘많은듯.. 온갖 자랑질에다 끊임없이 셀카사진보내는 미친인간들이 한둘이 아닌듯,189,9,정체성확인,정체성확인|자기참조,95,2024-02-12
"친구 한 명 없어도 혼자 잘 지내는 사람들의 '3가지' 장점 (최명기 원장, 한석준 아나운서, 이헌주 교수, 김아라 소장)",지식인사이드,@오영숙-s7d,친한줄알고 속내 알리고 지냈는데 나중 화살되어 돌아 왔어요 적당히 가벼운 관계가 편해요,188,1,자기참조,자기참조,48,2024-06-20
가족과 사는 게 즐겁다고? '행복한 사람'은 절대 무작정 결혼하지 않습니다! | 김경일 심리학과 교수 1부,"꿈을 찾는 사람들 강연,강의,강사,꿈찾사",@소여-p3n,분명 집에 있는데 '집'에 가고 싶다는 생각이 자꾸 들어요..,188,5,기타,,34,2023-04-09
혼자서 잘 사는 사람 특징,놀면서 배우는 심리학,@옴마니반메훔-d5q,연락하는 사람 1명도 없음,188,13,기타,,14,2024-12-19
혼자 있는 게 편하다는 사람들의 진짜 속마음ㅣ지식인초대석 EP.65 (박재연 소장 2부),지식인사이드,@김정훈-f8t5r,혼자가 외로워서 그렇지 편한건 사실입니다. 사람 + 사람 = 문제 가 생깁니다. 좋은 문제든 나쁜 문제든 생기지만 시간이 지날수록 노화로 인한 자연히 나쁜 문제가 더 많이 생기는데 나약한 사람은 이겨내기 힘들어하죠 결국 외로움만 이겨낼수 있으면 사람 + 나 = 행복 입니다.,187,6,자기서사,위안|자기서사|자기참조,153,2025-09-21
나이들수록 혼자가 행복한 이유 | 온전한 나로써 행복해지는 법 | 쇼펜하우어의 인생론 행복론 | 처세술 | 명언 | 인생의 지혜 | 인간관계,만인의 현인,@yoon-xy4kd,호의가 권리가 된다.. 저건 찐임... 귀에 쏙쏙 들어오네요!!,187,0,자기참조,자기참조,35,2023-08-29
함께 있어도 혼자 겉도는 사람의 2가지 특징,비치키,@은호-y1u,2:43 그냥 외향형 찐따 잖아요 ㅠㅠ,186,0,자기서사,자기서사,21,2026-01-17
"""혼자가 가장 행복하다."" 사람이 굳이 외향적일 필요 없는 이유 (남인숙 작가 통합본)",지식인사이드,@user-leewanyea1,내성적이었습니다. 직업상 많은 사람을 만나느라 20대~40대 정말 힘들었죠 오십대 이제야 혼자가 진정한 나를 찾았고 지금. 혼자가 젤 행복해요 늙어서도 인간관계는 안하려구요,185,0,자기서사,자기서사,96,2024-09-28
나이들수록 혼자가 행복한 이유 | 온전한 나로써 행복해지는 법 | 쇼펜하우어의 인생론 행복론 | 처세술 | 명언 | 인생의 지혜 | 인간관계,만인의 현인,@차경-i6f,나이들수록 혼자에 시간이 필요하다 혼자서 잘 지낼수 있는게 나이들어 필요조건이다,185,0,기타,,44,2023-10-13
나이들수록 혼자가 행복한 이유 | 온전한 나로써 행복해지는 법 | 쇼펜하우어의 인생론 행복론 | 처세술 | 명언 | 인생의 지혜 | 인간관계,만인의 현인,@딸기-h7r4i,똑똑한 사람은 용서하고 현명한 사람은 무시한다,185,0,기타,,25,2024-12-10
혼자 있을 때 가장 행복한 사람 특징,놀면서 배우는 심리학,@zfwsjqrg,"가장 가까운 사람들과 관계가 어그러지고, 사회속에서 인간관계에 지치고 염증만 늘다보니 자연스레 나 이외에 관계가 다 무의미 하더라.",184,1,자기참조,자기참조,73,2024-11-28
나이들수록 혼자가 편해지는 이유. 친구 없이 혼자서 행복해지는 방법 ㅣ Ep. 26 책과사람 (서경석 개그맨 1부),책과삶,@판식김-k6t,나이가 들수록 혼자 잘 노는 사람 혼자 즐기는 사람이 진정 삶의 프로입니다 혼자 즐기는 일과 취미를 많이 찾아보세요? 돈 들이지않고 즐기는 취미생활도 많습니다 소확행이 최고 인생을 즐기는 것입니다,180,0,기타,,109,2025-08-24
혼자 있을 때 가장 행복한 사람 특징,놀면서 배우는 심리학,@anais7297,나도 내가 좋고 혼자 잘 지내고 혼자가 더 행복하다,180,2,정체성확인,정체성확인|자기참조,28,2024-06-18
혼자가 편한 사람 특징,픽고 PICKGO,@rozenf359,저러는데도 계속 말걸어준다는건 인싸 아닐까,180,3,기타,,23,2023-04-22
인간관계에 지쳐서 혼자가 편한 사람들의 특징,놀면서 배우는 심리학,@푸르름-x7l,"인간관계에 현타가 온 1인입니다. 한국인들 화병 때문인지 상대방 이야기를 듣기 무척 힘들어 합니다. 궁금해 하지도 않구요.... 어느 순간 친구들이 만나자고 해서 만나게 되면 4시간 -5시간 이상 친구의 고민이나 친구와 관계된 주제로만 이야기를 듣게 됩니다... 저의 친구 절반은 나르시시스트인데 자신만 힘들다며 우울해 하면서도 저와 다른 타인을 깍아내리며 무척 행복해 합니다. 자신들의 결핍을 우월감으로 채우려고 합니다. 이러한 결핍 있는 친구를 위해 개그도 던지며 기분 풀리도록 노력하다 보니 이제는 지칩니다. 자신은 칭찬받아 마땅하고, 저는 깍아내리고 비난하기 좋아합니다. 이런 패턴 반복 입니다. 존경하는 친구들도 마찬가지 입니다. 자신들의 이야기를 들어주어야 행복을 느낍니다. 어떤 친구는 제가 하는 말 끝마다 평가를 하고 결론을 내리는 친구여서 대화하기 무척 피곤합니다. 이러한 평가와 결론이 늘 틀립니다. 그냥 자신이 생각해서 맞다는 방향으로 평가를 합니다. 그래서 이 친구를 만나거나 통화를 하려면 미리 대본을 짜서 대화를 나눠야합니다. 그래야 이 친구의 평가에 합격점을 받을 수 있고 , 또 만족해 하더라 구요... 그냥.. 이제는 지치고 힘들어요. 누군가에게 맞춰주는 것도 , 누군가에게 이유 없이 비난을 받으면서도 ..동시에 상대에게는 칭찬만 해주어야 하는 제 자신이 안타깝습니다. 한국인들 절반 이상 특징이 의사소통 하는 방법에 큰 문제가 많은 듯 보입니다. 나보다 타인이 잘나가면 깍아내려야 하고, 틀린 평가하고, 이를 비난하고... 이 패턴이 반복입니다. 또 상대가 힘들어 보이면 이를 약점 잡듯이 비난하기 바쁘구요. 학교교육의 부재인 거 같은데... 우리나라 학교교과과정에 타인을 공감하는 방법과 의사소통 하는 방법에 대해 전문적인 교육과정이 절실히 필요해 보입니다. 진짜 심각합니다. 대화할 때 비난하고 멋대로 평가하는 것만 아니면 좋겠습니다.",179,13,자기서사,정체성확인|자기서사|자기참조,936,2025-09-03
혼자가 더 편한 내향적인 사람의 특징,놀면서 배우는 심리학,@김아름-n9h,"저도 내향적입니다 혼자 캠핑 가고 불멍하거나.. 집에서 종일 누워있기도하다가 근처 공원 걸으며 사계절 변화에 놀라기도하죠 제 애길 나눌 몇명만있음되더라구요 자주 안바도되는... 자연이 더 좋습니다 치유가 되더라구요 사람은 줄수없는 집안 정리도 좋구.... 버릴것이 왤케 많은지 가끔 서랍정리 부엌정리 하다보면 시간 가는거 모르고 끝난 뒤 뿌듯함.,,,왠지 자존감 쑥~~ 직장에서 스트레스... 인간관계 스트레스를 전 혼자서 여러방법으로 힐링하며 충전합니다 충분히 행복합니다",177,3,자기서사,위안|정체성확인|자기서사|자기참조,264,2023-10-22
혼자가 더 편한 내향적인 사람의 특징,놀면서 배우는 심리학,@순수한그대,내향형=사람들과있는게싫고집에있는게제일좋은사람이 아님ㆍ밖에 잘다니지만혼자서 잘다니고 많은사람들하고 자주 안어울리고 다수보단소수와 깊이있게어울리는게 조은사람임,176,5,자기서사,자기서사|자기참조,86,2023-10-24
함께 있어도 혼자 겉도는 사람의 2가지 특징,비치키,@ElNino_Like_Bobobo,4:39 근데 중요한 게 공통에 관심사가 잘맞는 사람 알아본다거나 대화해보는것도 쉽지가 않은 세상이라... 그냥 쉽지 않다 ㅋㅋㅋㅋ,176,0,기타,,73,2026-01-17
"혼자 있을 때 더 편안한 사람, 알고보니 '이 유형' 입니다 (김경일 교수님 통합본)",책과삶,@verale3859,난 내나이도 안세는데.누가 나이 물어보면 순간 당황 하고있는 나를본다.,176,11,기타,,39,2026-05-02
혼자 있는 게 편하다는 사람들의 진짜 속마음ㅣ지식인초대석 EP.65 (박재연 소장 2부),지식인사이드,@user47982,"음 뭐 정말 사랑하는 사람이면 그 사람의 결핍까지 다 끌어안을 수 있겠죠 다만 지인들을 보다보면, 저의 공감능력 경청을 자신의 감정 쓰레기통의 도구로 배설하는 사람들이 있더라구요 이 사람들은 본인의 결핍에 대해 깨닫고 직면하지 못한 사람들인 게 보여요 자신 안에 채워지지 않은 부분을 의존욕구로 해소하려고 하는데 그걸 받아주다보면 제 자신이 소진되어 거리를 두게 되더라구요 제가 상담가는 아니잖아요 상담가는 돈이라도 많이 받지😂",175,6,자기서사,정체성확인|자기서사|자기참조,240,2025-09-21
은지원 명언 l 결혼을 신중하게 해야하는 이유.,멘탈케어::힐링 심리학 채널::,@버팔로맨,6살 동생인데 분명 내가 훨씬 젊어보였던 때가 있었는데 이 형은 시간이 멈췄네 ;;,175,2,자기참조,자기참조,46,2024-04-14
"진정한 친구가 없어도, 잘사는 사람들의 특징 '3가지' (양창순 박사 2부)",지식인사이드,@노을희-u1i,친구 귀찮다 홀로 운동하자 혼자 있어도 행복하다 난 혼자가 제일좋다,175,0,기타,,37,2023-12-23
"""친구 한 명도 없는 것, 오히려 좋다"" 혼자 있는 시간이 많을수록 점점 똑똑해지는 이유 (이헌주 교수 통합본)",책과삶,@박상아-v3d,"평일에는 회사생활에 치여서 엄두를 못내지만 주말 하루 정도 새벽에 일어나 1~2시간 정도 아무도 없는 조용한 거리를 걷다 돌아오는 것이 요즘 내 즐거움. 음악도 좋지만 철학사나 종교 심리학 관련 주제 강의, 토론 같은거 들으면서 걸으면 이게 또 은근히 생각할게 있고 재미있음. 그리고 집으로 돌아와서 가볍게 샤워하고 간단히 요리해서 소박하게 아침 차려 먹고 다시 이불속으로 들어가 쉬면 정말 좋음.",173,3,자기서사,자기서사|자기참조,222,2025-12-23
나이들수록 혼자가 편해지는 이유. 친구 없이 혼자서 행복해지는 방법 ㅣ Ep. 26 책과사람 (서경석 개그맨 1부),책과삶,@LVHI-2020,절친 인데 경조사에 늦게 라도 아무런 반응 없다는건 이미 끝난겁니다. 미련 가질 필요 없습니다.,173,2,기타,,53,2025-08-24
"진정한 친구가 없어도, 잘사는 사람들의 특징 '3가지' (양창순 박사 2부)",지식인사이드,@야야야-i3y,맞아요 머리커서 만난인연은 친구가 될수없어요 형제도 마찬가지! 적당한 거리두고 혼자 즐기면서 사는게 더 행복합니다😊,171,1,자기서사,자기서사,65,2024-03-31
나이들수록 오히려 혼자가 되면 편합니다. 친구 없어도 잘사는 사람의 특징 (최명기 원장 1부),지식인사이드,@never_land0228,저같은 분이 많네요 외롭긴한데. 음악.영화.책.글쓰기.강의..등등 취미도 할일도 많아서.. 혼자가 나은것 같아요. 현재 한명도 없어요 다 끊어서요 다 피해를 주고 매너가 없고 버릇이 없어서 끊었습니다..,170,3,자기서사,자기서사,113,2023-09-18
혼자가 더 편한 내향적인 사람의 특징,놀면서 배우는 심리학,@데구르르-t9o,누가 주말에 뭐해? 물으면 '아무것도 안하는데' 라고 대답함. 아무것도 안하는게 주말 스케줄임. E는 죽어도 이해못함.,170,1,자기참조,자기참조,66,2023-10-22
"""혼자가 가장 행복하다."" 사람이 굳이 외향적일 필요 없는 이유 (남인숙 작가 통합본)",지식인사이드,@seyun325,"난 나다, 넌 너고",170,0,기타,,10,2024-09-28
혼자 있는 게 편하다는 사람들의 진짜 속마음ㅣ지식인초대석 EP.65 (박재연 소장 2부),지식인사이드,@요튼튼이네,"누구에게나 깨달음과 변화의 기회가 오는 것 같아요. 나의 내면을 들여다보고 나란 사람에 대해 깨달아야 타인에게도 나를 이해시키고 타인도 이해할 수 있겠지요. 말씀 감사합니다, 박재연 소장님.",169,0,위안,위안|지식,106,2025-09-21
은지원 명언 l 결혼을 신중하게 해야하는 이유.,멘탈케어::힐링 심리학 채널::,@에어-s7,그냥 혼자 인생 즐기며 사는게 최고인듯,166,1,기타,,21,2024-04-18
친구가 없어도 '혼자 잘 지내는' 사람 특징,멘탈케어::힐링 심리학 채널::,@성이름-v2d8v,"너무 유익해요! 최근 며칠간 현실이 녹록지않다보니 오히려 과거에 받은 쓸데없는 상처,억울함에 매몰돼서 우울한 날을 보내고 있었는데 도움이 많이 되었어요.저도 타인의 평가에 그만 상처받고싶어요.역시 독서를 많이 하는게 참 중요한거같아요!",165,4,자기서사,지식|정체성확인|자기서사|자기참조,131,2022-08-01
은지원 명언 l 결혼을 신중하게 해야하는 이유.,멘탈케어::힐링 심리학 채널::,@wvwvw8,은지원 이혼하고나서도 몇년간 친구로 지내고 생일선물도 주고 그랬었음,164,0,자기서사,자기서사,37,2024-04-16
"[#유퀴즈온더블럭] 혼자가 제일 편하다는 내향인💦 그 행복, 진짜일까?🤔 행복 심리학자가 말하는 내향인의 진실👀",디글 :Diggle,@mindoong_mj,"학창시절 교수님 수업을 들은 뒤로 내가 행복해질 수 있는 방법이 뭔지 끊임없이 고민했습니다. ""내가 제일 좋아하는 게 뭐지?"", ""내가 진짜 원하는 건 뭘까?"" 행복이 뭔지 알지못하던 그시절과 달리 10년이상 지난 지금은 내 인생이 이렇게 행복해질 수 있다는 것에 놀라울정도입니다. 수업에서 가장 생각나는 부분은 ""사람들은 미래의 행복에 대해 오해를 하는 경향이 많다. 지금 생각하기에 내가 가장 좋아하는 것을 골랐을 때 미래에도 가장 큰 행복감을 느낀다."" 좋은 인사이트를 주신 교수님께 감사드립니다.",163,0,자기서사,지식|자기서사|자기참조,281,2025-07-12
"혼자 시간을 보내는 사람이 매력 있는 이유, 외로움을 다루는 방법 (feat.오은영)[인스타그램, 인스타중독, SNS, 오은영, 외로움, 자존감, 우울증]",도서관 오목눈이,@daily965,"뫼비우스의 띠다,,,사회에서 사람들이랑 있으면 대화중에 어떻게 반응하고 별별 상황에서 순간 딱 느끼는 감정들,, 퇴근하고 집에와서 보내는 평일은 외로워도 견딜만 하지만 주말에 아무약속이 없어 집에만 있을땐 반대로 외롭고,, 그치만 편하고 친한 사람만 만나게되는,,, 인스타의 장단점을 너무 잘알아서 최대한 현명하게 사용하려 하지만 부러움,시기를 아예 못느끼긴 어렵네요",163,0,위안,위안,205,2023-10-12
혼자가 더 편한 내향적인 사람의 특징,놀면서 배우는 심리학,@raybisweeet,애당초 타인에게 바라는 것도 없지만.. 친구든 지인이든 만나면 눈치보며 맞춰주고 불편한것 참아주며 말끊기면 어색할까 억텐올려 수다떨고 맞장구쳐주고 실컷 해주다 선넘는(예의없는) 말에 상처받고 헤어지면 감정소모 에너지소모.. ㅋㅋㅋㅋ 인간은 사회적 동물이니 아예 혼자 살 순 없겠지만 딱히 ‘친구’라는 존재는 없어도 괜찮을것같다.,163,10,기타,,183,2023-11-03
혼자가 편한 사람 특징,픽고 PICKGO,@달승-v4f,상처가 하나 둘 생겨서 많아질수록 사람한테 기대하는게 적어지고 그러면서 정을 안주게되고 점차 혼자있는 시간이 편해지는듯 저는 극 외향인임에도 불구하고 너무 공감가고 이해되는 내용임 사람은 많이 모일수록 피곤해지긴함,163,0,정체성확인,정체성확인|자기서사|자기참조,119,2023-05-12
점점 혼자가 편한 이유,픽고 PICKGO,@제이-g5b1z,나도 혼자가 편하고 혼자 다니는 것도 좋아하지만… 이게 너무 도를 지나치면 외로움이 극대화됨… 나만 혼자 있는 듯한 느낌 느껴본 사람만 알꺼야.. 마음 깊숙한 곳이 공허하고 혼자 뭘해도 재밌지 않다는걸,163,6,위안,위안|정체성확인|자기참조,112,2024-01-02
혼자 있는 게 편하다는 사람들의 진짜 속마음ㅣ지식인초대석 EP.65 (박재연 소장 2부),지식인사이드,@동키야-t2i,"이 분은 나의 아픈 곳을 콕콕 찌르는데, 기분이 나쁘지 않음. 나와 똑같은 경험을 겪었을 것 같은 사람이 해주는 조언 같음, 모르는 사이지만 내 편이 있다는 느낌.",163,1,정체성확인,정체성확인|자기참조,91,2025-09-21
"[#유퀴즈온더블럭] 혼자가 제일 편하다는 내향인💦 그 행복, 진짜일까?🤔 행복 심리학자가 말하는 내향인의 진실👀",디글 :Diggle,@사탕이네-w5h,교수님보니 위로가 됩니다. 행복은 거창한게 아닌 편안함이 행복이라고 생각하는1인입니다.🎉,163,0,위안,위안,50,2025-07-14
혼자서 잘 사는 사람 특징,놀면서 배우는 심리학,@우르릌가궁,그게 바로 접니다.. ㅋㅋ 친구 그냥 몇개월에 1번 만나도 아무렇지도 않아요 그냥 다 혼자 합니다 저혼자 놀때가 제일 편해요 친구들은 가끔 카톡으로만 연락해도 충분하더라고요,162,4,정체성확인,정체성확인|자기참조,96,2024-12-19
"""친구 한 명도 없는 것, 오히려 좋다"" 혼자 있는 시간이 많을수록 점점 똑똑해지는 이유 (이헌주 교수 통합본)",책과삶,@칸나-m8p,결혼후부터 아이가 잠드는 시간이 천국처럼 느껴지더니 가족들 뒷치닥꺼리에 지쳐 혼자만의 시간이 늘 행복하다!,162,7,자기서사,자기서사,59,2025-12-22
"[#유퀴즈온더블럭] 혼자가 제일 편하다는 내향인💦 그 행복, 진짜일까?🤔 행복 심리학자가 말하는 내향인의 진실👀",디글 :Diggle,@조나단-d7c,"결국 인간은 스스로 만족할줄알아야 행복해진다,남과 비교하고 타인으로부터 찾으려 애쓰지 말아라,남과 다름을 인정하고 자기를 찾을때 하루하루 삶이 행복해지면 인생 자체가 행복해진다.",161,2,정체성확인,정체성확인,99,2025-07-14
"""친구 한 명도 없는 것, 오히려 좋다"" 혼자 있는 시간이 많을수록 점점 똑똑해지는 이유 (이헌주 교수 통합본)",책과삶,@은선-t9s,나이가 들어가면서 오롯이 혼자있을때 시간을 가장 잘쓰는것같아 스스로에게 만족합니다. 젊은시절 많은 사람과의 인간관계가 시간낭비에 체력낭비였던것같애요.,161,2,기타,,83,2025-12-22
"진정한 친구가 없어도, 잘사는 사람들의 특징 '3가지' (양창순 박사 2부)",지식인사이드,@5boyfriend108,살면서 모임 사교 집착할수록 더 공허해짐 자존감은 어느정도 고독함과 쓸쓸해야 함 백번 공감 합니다,161,0,위안,위안|정체성확인|자기서사|자기참조,54,2023-12-11
은지원 명언 l 결혼을 신중하게 해야하는 이유.,멘탈케어::힐링 심리학 채널::,@maposinsun,잘맞는 사람이랑하면 훨씬행복해요~ 잘맞는 사람 만나기가 엄청힘들 뿐이죠,161,1,기타,,39,2024-04-08
가족과 사는 게 즐겁다고? '행복한 사람'은 절대 무작정 결혼하지 않습니다! | 김경일 심리학과 교수 1부,"꿈을 찾는 사람들 강연,강의,강사,꿈찾사",@이라라-d9z,"가족과 함께가 즐겁지않아 월세보증금 정도 모았을때 바로 나왔습니다. 잊을수없네요 그 평화롭고 조용했던 원룸 생활, 따스한햇빛이 창 안으로 들어와 그 햇빛을 등지고 마시던 일리드립백커피와 빵, 짜릿하기까지했던 그순간, 정말 죽을때까지 잊을수없을거에요😊",160,3,자기서사,자기서사,140,2023-09-28
친구가 없어도 '혼자 잘 지내는' 사람 특징,멘탈케어::힐링 심리학 채널::,@firstly2712,"나이 먹으니까 이꼴저꼴 보기싫고, 오래된 친구도 필요없고, 만나서 서로 예의 지킬 줄 아는 사람만 만나게 돼요. 주변에 있어서 참 다행이라고 생각돼요.",160,4,기타,,84,2022-08-05
"""친구 한 명도 없는 것, 오히려 좋다"" 혼자 있는 시간이 많을수록 점점 똑똑해지는 이유 (이헌주 교수 통합본)",책과삶,@jacobs1682,"내향적이지만, 돈 벌고 살아야 하니 사회 생활은 잘 합니다😊 집에서 혼자 뭘 하는게 재밌음😊",160,0,기타,,53,2025-12-22
"혼자 있을 때 더 편안한 사람, 알고보니 '이 유형' 입니다 (김경일 교수님 통합본)",책과삶,@모케모케-j3e,타인에 대해 기대를 하지 않으면 스트레스를 덜 받습니다,160,3,기타,,30,2026-06-05
점점 혼자가 편한 이유,픽고 PICKGO,@user-seojy0726,"다른 나라는 안살아봐서 모르겠는데 한국은 너무 공동체적인 습성이 있는 것 같아요ㅜㅠ 학생 때는 쉬는 시간에 화장실 안가고 싶어도 한명이 가면 다같이 가야하고 급식 먹을 때도 애들 속도 맞춰 주면서 먹어야 하고ㅠㅠㅠ 제일 이해 안되는 건 횡단보도 같이 기다려 주는거, 버스 기다려 주는거, 집 코앞인데 굳이 데려다 주는거… 기다려주는거 데려다주는거 바라지도 않았는데 혼자 해놓고 내가 안해주면 서운한티 팍팍 내는거…",159,4,자기서사,자기서사|자기참조,231,2023-12-23
"[#유퀴즈온더블럭] 혼자가 제일 편하다는 내향인💦 그 행복, 진짜일까?🤔 행복 심리학자가 말하는 내향인의 진실👀",디글 :Diggle,@정킹-y5w,안맞는사람들이랑 시간보내는것보다 혼자있는게 스트레스 안받으니 선택할뿐이지. 막상 나랑 잘 맞는사람들이랑 있으면 잘 만나게 됨. 그저 아직 못만났을뿐이지,159,0,기타,,84,2025-07-13
혼자서 잘 사는 사람 특징,놀면서 배우는 심리학,@jjs6256,진짜 혼자있어도 괜찮은사람은 혼자있을때 외로움이 거의없습니다. 그냥 잠시스쳐지나가는 감정정도. 외로움을 많이느낀다면 혼자못있는사람입니다.,158,0,위안,위안,76,2024-12-21
"진정한 친구가 없어도, 잘사는 사람들의 특징 '3가지' (양창순 박사 2부)",지식인사이드,@jjh-v5q,박사님 말에 적극 동감합니다. 어짜피 혼자 태어나서 혼자서 죽는 인생. 이렇게 좋은 말씀을 유투브에서 무료로 들을 수 있다니.. 채널 운영자님께도 감사드립니다.,157,0,기타,,89,2023-12-16
혼자가 편한 사람 특징,픽고 PICKGO,@HealeR-j4c,ㅋㅋㅋㅋ 그러면서 남사친이랑 속얘기 중 ㅋㅋㅋㅋㅋㅋㅋㅋ,156,4,기타,,30,2023-04-22
혼자 있을 때 가장 행복한 사람 특징,놀면서 배우는 심리학,@와카노-r1g,사람들과의 관계도 경험해보고 혼자도 경험해본봐. 결국 내린결론이 혼자가 더 좋더라는거.하지만 진짜 괜찬다고 생각되는 한두명의 진정한 친구는 필요한거 같습니다.,154,0,기타,,88,2024-06-20
"""혼자가 가장 행복하다."" 사람이 굳이 외향적일 필요 없는 이유 (남인숙 작가 통합본)",지식인사이드,@junellelee139,"저는 내성적이고 예민한 사람이라 어릴 때부터 친구가 많지 않았고 소수만 사귀었습니다. 마음 맞는 한두 명의 친구와 노는 게 좋고, 혼자 놀면 더 좋았죠. 고등학교 때는 저의 그런 성격이 싫다는 생각이 잠시 들면서, 무리 지어 재밌게 노는 친구들이 부러웠어요. 그러나 나이가 들면서 그 소수의 진짜 친구라고 생각했던 사람들과 멀어지고, 나 자신을 마주하는 시간을 많이 갖게 되다 보니 이제는 관계에 대한 부담감 혹은 부러움을 많이 내려 놓게 되었습니다. 외로움을 사람과의 소통을 통해서 풀어나갈 수 있지만, 하나를 얻으면 하나를 잃듯이 그에 따른 손실이 반드시 존재합니다. 예를 들어 만남에 돈이 들어간다던가, 나의 비밀이 노출된다던가, 혹은 내 외로움을 푸는 만큼 상대의 부정적인 감정도 받아들여야 하죠. 그런데 고독을 오롯이 스스로 감내하다 보면, 외로움이라는 풍랑에 견딜 수 있는 단단함이 생기면서 인간관계를 오히려 심플하고 군더더기 없이 가져갈 수 있게 되는 것 같아요.",153,2,자기서사,위안|자기서사|자기참조,490,2024-09-29
혼자가 더 편한 내향적인 사람의 특징,놀면서 배우는 심리학,@나는운이좋아요,"사람 만나면 피곤,기빨림~ 집에서 할게 얼마나 많은데~^^",153,0,기타,,32,2023-10-22
혼자가 편한 사람 특징,픽고 PICKGO,@zrc247,남을 배려하고 신경쓰는게 사실 사람에따라 상당히 에너지 소모가 심하면서 스트레스를 받을 수 있고 특히 자유롭지 못하다고 느끼는 사람들은 더 혼자를 좋아하는 경향이 있는것 같아요 제가 그런편이라 이런 사람들 심리가 좀 이해가 갑니다,152,0,자기서사,지식|자기서사|자기참조,128,2023-04-22
혼자가 더 편한 회피형 특징,놀면서 배우는 심리학,@678i9iier,회피형이 아니라 똑똑한 사람 특징아닌가??,152,2,기타,,23,2024-08-02
"진정한 친구가 없어도, 잘사는 사람들의 특징 '3가지' (양창순 박사 2부)",지식인사이드,@복사꽃78,혼자가 좋긴한데 어떤날은 또 외롭기도 합니다. 그래서 가끔 누군가 있어야 되겠구나 싶어 친구를 만나면 또 불편하고 스트레스로 다가옵니다. 결국 약간의 외로움 때문에 더 큰 불편을 참아야 하나 생각하다 외로움을 견디기로 했어요. 나이들어 혼자가 훨씬 편하고 좋습니다. 신경쓸일이 없어 좋아요.,149,5,위안,위안,162,2024-01-20
점점 혼자가 편한 이유,픽고 PICKGO,@hihee__hi__ho,카톡창 켜놓고 썼다가 다시 지우는건 같이 볼 사람을 구하려다가 마는건데 걍 저렇게까지 생각 안함.. 영화 개봉했네 보러갈까 내일 괜찮을듯 하고 가서 혼자 보고 옴 애초에 누군가랑 같이 간다는 선택지 자체가 걍 의식에 없음,149,3,자기참조,자기참조,123,2024-02-01
혼자가 편한 사람 특징,픽고 PICKGO,@rkskekfkakqktk00,이런 유형은 그냥 진짜 마음 잘 맞는 친구 1-2명만 있으면 됨.,149,0,기타,,36,2023-04-29
"""혼자가 가장 행복하다."" 사람이 굳이 외향적일 필요 없는 이유 (남인숙 작가 통합본)",지식인사이드,@cookiecreamCoco-pe1oq,한국에서는 입을 닫고 적당히 인간 관계 거리두어야함 ㅋㅋㅋ,149,3,자기참조,자기참조,32,2024-09-29
나이들수록 오히려 혼자가 되면 편합니다. 친구 없어도 잘사는 사람의 특징 (최명기 원장 1부),지식인사이드,@kyle-sangjinkim5571,나이가 들수록 한명씩 한명씩 멀어지게 되네요 젊었을때는 서로가 실수해도 친구니깐 품어 줬는데...이제는 반복되는 그런 모습들이 싫어서 안 보게 되네요 친구.....없어도 된다는 것에 동의합니다,148,0,기타,,107,2023-10-10
"""혼자가 가장 행복하다."" 사람이 굳이 외향적일 필요 없는 이유 (남인숙 작가 통합본)",지식인사이드,@popo-o4b,난 태생부터가 대문자E 외향적인 사람이었으나 사회생활과 나이먹어가면서 내성적으로 바뀌었는데 오히려 살기 좋음,148,4,기타,,60,2024-09-28
혼자서 잘 사는 사람 특징,놀면서 배우는 심리학,@쪼꼬미-p7u,난 이미 이 과정을 초등고학년때 느꼈다.집단적으로 괴롭힘을당하고 왕따를 당해본자는 자기방어능력이 생기고 혼자였을때 흔들리지 않는 강인함이 생겨난다.타인이 주체가 되지않고 내자신이 우선순위 1순위가된다.제일 불쌍한사람이 혼자 아무것도 못하는사람.혼자영화보고.혼자쇼핑하고. 혼밥 못하는사람. 그건 남의눈치.자신이 주체가되지 못해서이다.,147,7,기타,,185,2024-12-22
나이들수록 혼자가 편해지는 이유. 친구 없이 혼자서 행복해지는 방법 ㅣ Ep. 26 책과사람 (서경석 개그맨 1부),책과삶,@hery-t2d-p2b,저도 혼자서는 밥을 못먹었는데 나이가 해결해주더군요. 나이드니 주변의식 덜하고 삽니다ㅎㅎ,147,1,정체성확인,정체성확인|자기참조,49,2025-08-23
"""친구 한 명도 없는 것, 오히려 좋다"" 혼자 있는 시간이 많을수록 점점 똑똑해지는 이유 (이헌주 교수 통합본)",책과삶,@혜니-f7f,나도 혼자 있는게 편해요. 기 빨리고 신경쓰이고 피곤해요^^,147,1,정체성확인,정체성확인|자기참조,33,2025-12-23
혼자가 더 편한 내향적인 사람의 특징,놀면서 배우는 심리학,@쫑아님이세요,빙고 정답 혼자있을 때 충전. 정확한 표현이네요.,147,0,기타,,27,2023-10-20
나이들수록 혼자가 행복한 이유 | 온전한 나로써 행복해지는 법 | 쇼펜하우어의 인생론 행복론 | 처세술 | 명언 | 인생의 지혜 | 인간관계,만인의 현인,@옥상정원-f1k,맞는말 이네요. 인간관계도 좋을때도 있지만 결국은 사람은 이기적이기때문에 시간이 지나면 알게 되더라구요.,146,4,지식,지식,58,2023-11-17
혼자 있는게 더 행복한 사람의 특징,놀면서 배우는 심리학,@djknbihjo,사람 외 동물과 함께하면 행복합니당.,146,3,기타,,20,2024-05-08
혼자 살다가 행복하게 죽는 5가지 방법 #삶의지혜 #행복한노후 #100세시대,골든가이드,@산여울-k6x,혼자가 얼마나 편하고 가벼운지 느껴본 사람만이 이야기 할수있어요.. 모든건 마음이 가는되로 사세요..바람처럼 물처럼 살다가 낙엽처럼 떠나세요.. 사는거 아무것도 아닙니다. 😅,145,4,기타,,98,2025-08-06
"""혼자가 가장 행복하다."" 사람이 굳이 외향적일 필요 없는 이유 (남인숙 작가 통합본)",지식인사이드,@hamjjipick,나이들어서까지 무리짓기 좋아하고 혼자 못 지내는 사람들 보면 딱히 뛰어난 사람이 없어요. 남한테 참견 많고 뒷담 좋아하고 실속 없고요.,145,3,기타,,75,2024-10-02
혼자가 편한 사람 특징,픽고 PICKGO,@두유-e6m,와 내가 이번편 제목처럼 혼자가 편하고 인간관계에 지치고 여러가지 생각이 많이 났는데 픽고 어떻게 알고 ㅋㅋㅋ 타이밍 대박,145,0,자기참조,자기참조,68,2023-04-22
친구가 없어도 '혼자 잘 지내는' 사람 특징,멘탈케어::힐링 심리학 채널::,@알파고양이-l6d,"너무 정확히 분석해서 깜짝 놀랐네요. 전 대학때부터 남들과도 밥을 잘 먹고 어울렸지만, 혼자있으면 사색도 하고, 음식에 집중할 수 있어서 너무 좋더군요. 친구들에게 연락이 와도, 주로 혼자 지냈습니다. 혼자 영화를 보면 영화에 100% 몰입할 수 있구요. 남에게 피해만 안준다면, 혼자 잘 지내는 것은 전혀 이상한게 아닙니다.",144,2,기타,,182,2022-08-13
은지원 명언 l 결혼을 신중하게 해야하는 이유.,멘탈케어::힐링 심리학 채널::,@김승환-k3h,결혼 안하고 혼자 사는게 제일 편하다~~~!!!,144,0,자기서사,자기서사,26,2024-04-11
"나이 들수록 혼자가 되어야 하는 이유ㅣ노후에는 혼자가 행복하다ㅣ평생친구는 없다ㅣ인간관계ㅣ쇼펜하우어, 니체, 알베르 카뮈, 루소 명언 인생조언",책사람,@장영희-k1m,무시해라. 인생은 혼자다. 오히려 더 행복하다. 고독과 친해져라. 진정한 행복은 내면에서 온다. -소펜하우어-❤❤❤❤❤🎉,143,0,기타,,68,2023-07-23
혼자가 더 편한 회피형 특징,놀면서 배우는 심리학,@냐오이-u7e,"진짜 딱 나다.. 회피형 근데 빠른손절이라기보다는 같이 만나보고 지내면서 그사람 과의 만남이 유쾌하지못하고 불쾌해지면 끝내는게 맞지않나..? 뭐 얼마나 노력해가며 만나야하나 이게 도무지 이해가 안감…. 최근에 손절한 한 애엄마친구도…. 나한테 그렇게 자기 친힌 다른애엄마 욕을 했는데 정도가 넘어서도록 욕을했다. (지가 선생이면 다냐, 말하는거보면 완전 ㅂㅅ 같다, 그 집 이혼하려했던 상황들, 자기가 하는거 다 따라한다, 등등 ) 그외에 나를 불편하게 하는것도 많아서 손절했는데 결국 그 ㅂㅅ같다는 언니랑 내여친~내여친~하면서 지낸다… 그게 가능한게 더 신기하다 사로 서로 뒤에선 욕하고 앞에선 아닌척 만나는건가….",142,2,자기서사,지식|정체성확인|자기서사|자기참조,345,2024-08-26
은지원 명언 l 결혼을 신중하게 해야하는 이유.,멘탈케어::힐링 심리학 채널::,@fromyou-n,"주변에 이혼하신분들이 진짜 많이 늘어났는데.. 행복하다고 하네요. 외롭긴 하지만, 그래도 불행하면서 행복한척 하는 것 보다는 낫다고",142,0,자기서사,자기서사,73,2024-05-01
‼️혼자일 때 (이때가) 진짜 삶을 바꿀 기회다.ㅣ'이혼숙려캠프 상담가' 이호선 숭실사이버대학교 교수ㅣ인생강의,하와이 대저택,@이진하-w8o,1. 나 스스로 나를 기뻐해야한다! 2.나만의 시간을 하루에 1시간씩 가진다! 3. 내 체력(에너지 수준)을 알 것! 4. 서점 가서 책(나만의 공부)을 좀 읽어라!,141,0,지식,지식|자기참조,92,2025-05-05
은지원 명언 l 결혼을 신중하게 해야하는 이유.,멘탈케어::힐링 심리학 채널::,@남연희-o1q,은지원님 잘 몰랐는데 십분의 내용으로 다 안다고 할수 없지만 진짜 감동이네요 …….,140,2,지식,지식,46,2024-04-07
나이들수록 혼자가 행복한 이유 | 온전한 나로써 행복해지는 법 | 쇼펜하우어의 인생론 행복론 | 처세술 | 명언 | 인생의 지혜 | 인간관계,만인의 현인,@라나-y4f,나이50에 와닿습니다. 불필요한 사회적 인간관계에 에너지에 쏟지말고 나자신과 가족에게 충실하도록 하겠습니다 ~,139,3,자기서사,자기서사,61,2024-01-24
"나이 들수록 혼자가 되어야 하는 이유ㅣ노후에는 혼자가 행복하다ㅣ평생친구는 없다ㅣ인간관계ㅣ쇼펜하우어, 니체, 알베르 카뮈, 루소 명언 인생조언",책사람,@윤-o3u,격하게 동감합니다~사람과 엮이는게 얼마나 피곤한지..,139,1,기타,,29,2023-07-16
혼자 있는게 더 행복한 사람의 특징,놀면서 배우는 심리학,@해바라기-b7q,혼자서도 잘살고 같이도 잘어울릴줄 알면 된다,139,2,기타,,24,2024-05-14
혼자가 더 편한 내향적인 사람의 특징,놀면서 배우는 심리학,@티티카카-d3w,집에서 맛있는거 먹으면서 유튜브보는게 너무좋음~,138,0,기타,,26,2023-10-26
똑똑한 사람일수록 친구 적고 외로움 덜 타는 이유ㅣ인간설명서 EP.6,지식인사이드,@안유나라,친구가 있냐 없냐가 중요한게 아니라 스스로 정신적으로 자립이 되냐 안되냐가 중요한것...솔직히 나이먹고 친구찾는다는건 나잇값 못하는건 사실이죠 다컸는데 엄마젖 찾는거랑 비슷한거임,137,0,자기서사,자기서사|자기참조,99,2024-12-06
똑똑한 사람일수록 친구 적고 외로움 덜 타는 이유ㅣ인간설명서 EP.6,지식인사이드,@SHANYa2562,젊엇을땐 친구가 없어서 마니 외롭게 느껴졋엇는데 지금은 50이 넘으니 시기질투도 없구 혼자가 편하고 넘 좋아요~~,137,1,자기서사,자기서사,63,2024-12-16
"[#유퀴즈온더블럭] 혼자가 제일 편하다는 내향인💦 그 행복, 진짜일까?🤔 행복 심리학자가 말하는 내향인의 진실👀",디글 :Diggle,@염광수-j5t,"비교말라, 함부로 평가말라, 일상에서 스치는 모든사람들을 사랑하라^^ 감사드립니다",137,0,기타,,45,2025-07-13
혼자 살다가 행복하게 죽는 5가지 방법 #삶의지혜 #행복한노후 #100세시대,골든가이드,@정동규-l6z,지금 5가지가 쓸데없는 욕심이다. 그냥 마음을 비워라.,137,5,기타,,30,2025-08-02
"혼자 시간을 보내는 사람이 매력 있는 이유, 외로움을 다루는 방법 (feat.오은영)[인스타그램, 인스타중독, SNS, 오은영, 외로움, 자존감, 우울증]",도서관 오목눈이,@알리타-g1n,맞아불안할땐혼자 있는훨씬좋음 옆에있는사람까지 괴로움,137,0,기타,,28,2023-05-09
"친구 한 명 없어도 혼자 잘 지내는 사람들의 '3가지' 장점 (최명기 원장, 한석준 아나운서, 이헌주 교수, 김아라 소장)",지식인사이드,@지식인사이드,지식오마카세 1편 몰아보기 (부부관계편) ☞ https://youtu.be/7PhBuWOeT7U?si=68lSgMIzC3WDy65T 지식오마카세 2편 몰아보기 (인간관계편) ☞ https://youtu.be/DE27eCFaIVk?si=hVZy_zl-hqSCSADW 지식오마카세 3편 몰아보기 (자존감편) ☞ https://youtu.be/yDZ9zgeZn7c?si=Q7GoY87G54fP5nIm 지식오마카세 4편 몰아보기 (인간관계 심화편) ☞ https://youtu.be/_PBzbe9KvMM?si=nZbEDKeZx_dJ1MTo 지식오마카세 5편 몰아보기 (건강관리편) ☞https://youtu.be/RsBz4YAN8Uo?si=bb-q0gtJQeLt-rIJ 지식인사이드 카페에 고민 상담 작성하러 가기 ☞https://cafe.naver.com/knowledgeins,136,6,기타,,432,2024-09-11
점점 혼자가 편한 이유,픽고 PICKGO,@은정47,마지막 대사 정말…공감이다 [나를 위해 시간 쓰게 하기도 …] 뭔가 다른 사람 시간을 뺏고..방해 하는거 같은 기분이 들어요 그냥 나혼자서 자유자제로 남 신경 안 쓰고 다니는게 편하면서 씁쓸해요,136,0,정체성확인,정체성확인,108,2024-02-05
함께 있어도 혼자 겉도는 사람의 2가지 특징,비치키,@빰자,나는 1대1은 편한데 3명 이상이 되면 불편.. 한 쪽 귀가 안 들려서 그런가 싶다가도 영상 보니 남은 남이고 나는 난데 비교의 대상으로 본 것 같네.. 관찰 하는 습관을 좀 들여야겠네..,136,0,자기서사,자기서사|자기참조,105,2026-01-17
함께 있어도 혼자 겉도는 사람의 2가지 특징,비치키,@막베베,아는데도 모르는 척 들어주는게 진짜 좋은 것 같음. 듣는 입장에서는 약간 지루하긴 하지만 오래걸리는 것도 아니니까..,136,1,자기참조,자기참조,65,2026-01-17
"혼자 있을 때 더 편안한 사람, 알고보니 '이 유형' 입니다 (김경일 교수님 통합본)",책과삶,@초롱나리-w4w,혼자 쇼핑하고 혼자 있을 때 행복하죠. 내가 좋아하는 앵무새랑 있을 때 제일 행복해요.,136,1,자기참조,자기참조,48,2026-05-03
나이들수록 혼자가 편해지는 이유. 친구 없이 혼자서 행복해지는 방법 ㅣ Ep. 26 책과사람 (서경석 개그맨 1부),책과삶,@oh57117,맞아...혼자 있는게 편해짐... 아주 가끔 친구를 만나면 더 반가운 느낌...,135,0,기타,,44,2025-09-07
혼자 살다가 행복하게 죽는 5가지 방법 #삶의지혜 #행복한노후 #100세시대,골든가이드,@해피랜드-m8e,공감100% 😊😊😊😊😊😊😊,135,0,정체성확인,정체성확인,21,2025-07-30
"나이 들수록 혼자가 되어야 하는 이유ㅣ노후에는 혼자가 행복하다ㅣ평생친구는 없다ㅣ인간관계ㅣ쇼펜하우어, 니체, 알베르 카뮈, 루소 명언 인생조언",책사람,@손선심-o9f,너무나도 공감입니다. 내가 격은체험상 혼자가 제일 편하고 행복함,134,0,정체성확인,정체성확인|자기참조,35,2023-07-17
‼️혼자일 때 (이때가) 진짜 삶을 바꿀 기회다.ㅣ'이혼숙려캠프 상담가' 이호선 숭실사이버대학교 교수ㅣ인생강의,하와이 대저택,@유로-e8v,어차피 혼자다 결국은 혼자다 마지막엔 혼자다 잊지말거라 혼자와서 혼자가는거다 그것이 닝겐,133,1,기타,,49,2025-04-10
혼자가 편한 사람 특징,픽고 PICKGO,@cafeadam,혼자가 편한 사람은 많아도 혼자이길 바라는 사람은 없습니다. 사람은 혼자일 수가 없는 존재에요. 외로움이란걸 느끼기 때문에.! 성향상 내향성이 강한 사람은 겉보기엔 남에게 관심 전혀 없는 것처럼 보이지만 실은 가장 신경을 많이 쓰죠. 너무 신경이 쓰여서 피곤하니까 신경을 안쓰려고 하는거고요. 누구든지 자신과 맞는 사람을 만나면 속 얘기도 하고 들어주기도 합니다. 상대가 나를 정말 사랑해주고 가식 없이 대한다는 신뢰만 쌓인다면요. 다만 그러기까지 시간이 오래 걸리죠. 그런 사람도 살면서 또 바뀌는 경우도 많아요. 상처 받지 않으려고 너무 애쓰면 피곤해요. 그냥 자신감을 가지고 있는 모습 그대로 인간관계를 가지면 되죠^^ 나도 싫은 사람 있듯이 모두가 날 좋아할 순 없는거니까 인간관계 어렵다고 너무 회의감 가질 필요 없어요!!!,132,0,자기서사,위안|정체성확인|자기서사|자기참조,410,2023-04-23
"친구 한 명 없어도 혼자 잘 지내는 사람들의 '3가지' 장점 (최명기 원장, 한석준 아나운서, 이헌주 교수, 김아라 소장)",지식인사이드,@하늘-m8b8z,인생은 혼자가 맞습니다. 혼자 잘먹고 혼자 잘사는 사람이 누구와도 어울릴수 있는거 같아요.,132,0,기타,,50,2024-08-19
"혼자 있을 때 더 편안한 사람, 알고보니 '이 유형' 입니다 (김경일 교수님 통합본)",책과삶,@Chloe_jmin03,생일은 나를 낳아주신 부모님께 감사하는 날입니다.❤❤,131,5,기타,,29,2026-05-07
"진정한 친구가 없어도, 잘사는 사람들의 특징 '3가지' (양창순 박사 2부)",지식인사이드,@mhwang3934,나이 들어선 그냥 돈 많으면 된다. 남한테 아쉬운 소리 안하고 오히려 돈 쓰며 대접받는 노후가 최고야.,130,6,기타,,57,2023-12-12
나이들수록 혼자가 편해지는 이유. 친구 없이 혼자서 행복해지는 방법 ㅣ Ep. 26 책과사람 (서경석 개그맨 1부),책과삶,@이경노남,인간관계 안하면 통장 잔고가 쌓인다 쓸때없는시간 돈낭비안하고 나를위해 투자한다,130,0,기타,,43,2025-11-08
점점 혼자가 편한 이유,픽고 PICKGO,@국한-y6m,마지막이 본심임 그냥 내 시간을 남한테 맞추는게 좀 별로임,130,0,자기참조,자기참조,32,2023-12-10
혼자서 잘 사는 사람 특징,놀면서 배우는 심리학,@하늘타리-t1g,정말 그럼. 항상 누군가 있어야 하는 사람은 자기 루틴도 못 지킴. 친구들이 하면 따라가고 걍 줏대없음.,129,2,기타,,58,2024-12-19
‼️혼자일 때 (이때가) 진짜 삶을 바꿀 기회다.ㅣ'이혼숙려캠프 상담가' 이호선 숭실사이버대학교 교수ㅣ인생강의,하와이 대저택,@송가-g1s,"67세 친구, 모임 모두 정리하니 내 세상, 넘 편하더라",129,5,자기참조,자기참조,31,2025-08-26
혼자가 더 편한 내향적인 사람의 특징,놀면서 배우는 심리학,@웅-s6s,"뭐든 혼자 하는게 너무 편하고 좋은데 어느순간 뒤 돌았을 때,, 스스로를 고립시키는건 아닌가 라는 생각들때가 가끔 듦",128,1,기타,,65,2023-10-18
"혼자 있을 때 더 편안한 사람, 알고보니 '이 유형' 입니다 (김경일 교수님 통합본)",책과삶,@JK-vf1vl,생일오르고지나감~누가챙겨주면생일인거구~매년오는생일뭐?대수롭지않다,128,0,기타,,35,2026-05-03
혼자가 더 편한 회피형 특징,놀면서 배우는 심리학,@1a-1a1-a1a1b,"ㄹㅇ 난데 아직 해결 못하는거 없이 스스로 다해결함 도움요구 한적 없음, 상대가 도움요청하면 잘도와줌. 효율성 따지고 그러는데 혼자가 편함 . 친구연락 오는거 몇번 만나주고 잘 안만나고싶음ㅋㅋ 근데 사회생활이니 걍 만남. 놀땐 잘 놀음- 선물도 잘챙겨줌 결과보단 과정 따져서 고마워함(볼품 없어도 고민한시간, 만든정성에 더 가중치 부여), 근데 자기조절능력, 자기관리능력 없는 징징이들 너무 기빨리고 혐스러움. 자기 객관화 안되서 성찰안되는 사람도 싫고, 자존감 낮고 자존심쎄서 기싸움하는애들 손절 잘침(시야좁고, 맥락 무시하고 단어 꽂혀서 의미부여->확대해석 하는 징징이 존싫). 답답이 부류들도 싫은데 내가 이상한거겠지?",127,14,자기서사,지식|자기서사|자기참조,349,2024-07-31
혼자 있는게 더 행복한 사람의 특징,놀면서 배우는 심리학,@진실의문-q1k,혼자 있는게 젤 좋긴해요 가끔 저랑 비슷한 성향인 사람이랑 편안하게 카페는 가보고 싶은데 다들 집에 박혀있을테니ㅋㅋ 만나기 쉽지 않겠죠,127,0,기타,,75,2024-05-12
‼️혼자일 때 (이때가) 진짜 삶을 바꿀 기회다.ㅣ'이혼숙려캠프 상담가' 이호선 숭실사이버대학교 교수ㅣ인생강의,하와이 대저택,@나무와나무사이,맞습니다 .혼자서 책보고 운동하면서 음악듣고 최고의 힐링시간입니다,126,1,기타,,36,2025-05-02
혼자 있는 게 더 편한 사람 외향인도 내향인도 아닌 '이 유형' 입니다 ㅣ Ep. 책과사람 70 (김경일 교수님 1부),책과삶,@verrygoo,안주고 안받는게 속편하지 살면서 이것저것 챙길것이 너무많아,126,1,자기서사,자기서사,32,2026-04-04
혼자 있는 게 더 편한 사람 외향인도 내향인도 아닌 '이 유형' 입니다 ㅣ Ep. 책과사람 70 (김경일 교수님 1부),책과삶,@김은종-t9i,나에게 집중되는게 싫음,126,4,기타,,12,2026-04-04
혼자가 편한 사람 특징,픽고 PICKGO,@b2thegoodness,"혼자가 편해도 한두명은 친구가 필요한듯.. 모두와 친하게 지내진 않아도, 정말 소중하고 존중하는 친구가 옆에 있는게 좋은듯. 그리고 그런 관계를 위해서 시간 쓰고 돈쓰는거 아까운 일이 아님. 친구를 통해 내가 배우는게 정말 많고 서로 위해주는 것에서 오는 만족감이 있음. 20대에는 모르지만 30,40대 되면 친구 하나도 없다고 고독해 하는 사람들 꽤 봤음. 진짜 쓸쓸해 보이더라",125,0,자기서사,위안|정체성확인|자기서사|자기참조,212,2023-04-22
"혼자 시간을 보내는 사람이 매력 있는 이유, 외로움을 다루는 방법 (feat.오은영)[인스타그램, 인스타중독, SNS, 오은영, 외로움, 자존감, 우울증]",도서관 오목눈이,@eteläkorealainen,시간을 온전히 나에게만 쓸수 있다는거 진짜 너무 행복해요. 혼자가 가장 편하고 자유로워요.,124,1,기타,,50,2024-02-03
혼자 살다가 행복하게 죽는 5가지 방법 #삶의지혜 #행복한노후 #100세시대,골든가이드,@구정옥-f8q,다 하고있어서 깜작 놀랐어요 60이후는 보너스인생 이랍니다,124,0,기타,,32,2025-07-31
"""혼자가 가장 행복하다."" 사람이 굳이 외향적일 필요 없는 이유 (남인숙 작가 통합본)",지식인사이드,@니즈아이-k8h,"내향적 사람의 장점은 자기 자신을 다듬고 목표를 향해서 꾸준히 전진하는 성향의 사람입니다. 또한 독서는 외향적인 사람은 지루해 하고 별로 못합니다. 결국, 자기관리력, 기술습득력, 독서공부력, 가족사랑력, 고독력 ~ 에서 외향적 사람에 비해서 매우 우수한 능력을 가지고 있다고 판단합니다. 삼성 이건희 회장님도 말했었죠, [일을 벌리는 사람은 많아도 마무리 하는 사람은 별로 없다] 결국, 끝까지 해내는 사람은 내향적 사람들입니다.",123,2,지식,지식|자기서사,241,2024-09-28
"나이 들수록 혼자가 되어야 하는 이유ㅣ노후에는 혼자가 행복하다ㅣ평생친구는 없다ㅣ인간관계ㅣ쇼펜하우어, 니체, 알베르 카뮈, 루소 명언 인생조언",책사람,@러버라떼,온전한나의시간을 갖는 지금의 나의 삶에 감사드리며!! 너무도 공감되는 말씀들 꾸벅!!,123,1,정체성확인,정체성확인,47,2023-06-21
"""혼자가 가장 행복하다."" 사람이 굳이 외향적일 필요 없는 이유 (남인숙 작가 통합본)",지식인사이드,@잉잉-r4x,인간은 이기적이고 믿을만한 존재가 아님....,123,1,기타,,25,2024-09-28
혼자 있는 게 더 편한 사람 외향인도 내향인도 아닌 '이 유형' 입니다 ㅣ Ep. 책과사람 70 (김경일 교수님 1부),책과삶,@flower-kkwha,아들 남편생일은 미역국 불고기 잡채 케잌 기본으로 하는데 내생일에는 그냥 지나간다 왜? 귀찮아서😊,122,3,기타,,55,2026-04-04
"나이 들수록 혼자가 되어야 하는 이유ㅣ노후에는 혼자가 행복하다ㅣ평생친구는 없다ㅣ인간관계ㅣ쇼펜하우어, 니체, 알베르 카뮈, 루소 명언 인생조언",책사람,@kjssky2409,만나서 즐겁지 않다면 손절해라 스트레스 원인은 남이다 혼자 할수있는 일이 있다면 그것이 행복이다,122,1,기타,,53,2023-07-30
"""혼자가 가장 행복하다."" 사람이 굳이 외향적일 필요 없는 이유 (남인숙 작가 통합본)",지식인사이드,@빛으로-l9d,저는 학교성적표에 항상 내성적이라고 나왓음.무슨 정신장애마냥 성실하나 내성적 이럼.크고보니 열받더라.내가 머 잘못한거도 아니고 사고친것도 없는데 내가 니들 맞추고 살아야한다는건가 됏거든 그냥 나대로 사니 더좋음.별 시덥잖은 매날 술이나 마시면서 사회생활 잘한단거 필요없거든요 외향의 실상은 막대해도 헤헤 웃으며 비위 잘맞춰준단 의미조.다수를 향해 그런다는건 금전적 이득을 위해 자기 속마음을 숨긴단소리.나중에 사기당하기쉽상,121,6,자기서사,자기서사|자기참조,236,2024-09-28
‼️혼자일 때 (이때가) 진짜 삶을 바꿀 기회다.ㅣ'이혼숙려캠프 상담가' 이호선 숭실사이버대학교 교수ㅣ인생강의,하와이 대저택,@thankyoueverything0078,교수님 말씀듣고 눈물이 주르륵... 97년도 IMF로인해 대학포기 친구들은 명문대가면서 무시당하고 그렇게 500만원들고 미국와서 밑바닥부터 열심히 했어요. 뼛속까지 외로웠지만 잘 견뎌서 50을 바라보는 내가 미국상위2프로 되고난후 자식들에게도 상처 아픔 가난을 되물림 안줄려고 교수님영상보며 열심히 인생공부하며 아이들 교육하고 있습니다. 감사합니다,121,4,위안,위안|지식|자기서사|자기참조,194,2026-01-10
가족과 사는 게 즐겁다고? '행복한 사람'은 절대 무작정 결혼하지 않습니다! | 김경일 심리학과 교수 1부,"꿈을 찾는 사람들 강연,강의,강사,꿈찾사",@장보은-f7h,우리가족은 터치 하나도 안하는 가족임에도 불구하고 함께 있을 땐 혼자 못하는것도 많았고 같이 있어도 외롭다는 생각을 했지만 독립하며 혼자살면서 더 성장했고 온전히 나에게 집중 할 수 있는 시간을 보내서 알수없는 외로움도 사라졌고 살면서 혼자 산게 잘한것 중 하나임.,121,0,자기서사,위안|정체성확인|자기서사|자기참조,148,2023-09-24
"혼자 있을 때 더 편안한 사람, 알고보니 '이 유형' 입니다 (김경일 교수님 통합본)",책과삶,@aurora-z4t-j9k,나만 외계인인줄 알았는데 아니었네요 생일 기념일 이런거 우리집에는 없어요~생각나면 밥이나 같이 챙겨억고 기억안나면 그냥 PASS~,121,2,기타,,72,2026-05-03
"혼자 있을 때 더 편안한 사람, 알고보니 '이 유형' 입니다 (김경일 교수님 통합본)",책과삶,@김정숙-s8q5i,60넘으니 생일에 의미가 없어지는듯. 더불로. 사는것같고 가족들 귀잖게 안하고 싶고..,121,1,자기서사,자기서사,48,2026-05-01
점점 혼자가 편한 이유,픽고 PICKGO,@raybisweeet,친군데 너무 의존할려고 하는 애들 보면 진짜 기빨리고 힘듦.... 선넘지마 제발..,120,0,기타,,46,2024-02-10
혼자서 잘 사는 사람 특징,놀면서 배우는 심리학,@재벌1,인생을 혼자 살수는 없지요 허나 사람관계에 얽매여도 혼자만 못합니다 적당히 거리두고 가끔보는게 건강한것 같아요.... 가까워지고 자주 만나면 피곤해집니다 요즘 사람관계 힘듭니다,119,0,기타,,98,2024-12-20
친구가 없어도 '혼자 잘 지내는' 사람 특징,멘탈케어::힐링 심리학 채널::,@배-v7g,예전에 어디선가 본 글인데 혼자서 잘 지내는 사람은 감정적으로 스스로에게 만족하기떄문에 만족하고 남는 감정을 주변인에게 쓸수있다 하지만 혼자 지내지 못하는 사람은 감정적으로 무언가 부족한걸 타인에게 원하기떄문에 다른사람은 피곤하게 만든다 라고 했음,118,1,자기참조,자기참조,138,2022-08-13
"진정한 친구가 없어도, 잘사는 사람들의 특징 '3가지' (양창순 박사 2부)",지식인사이드,@kyoungjesohn6057,70년을 살면서 수많은 사람을 만났지만 다시 만나고 싶은 사람은 한사람도 없어요. 주위에 사람이 없는것이 아주 편해요. 공감합니다.,118,0,정체성확인,정체성확인|자기서사,73,2024-01-12
함께 있어도 혼자 겉도는 사람의 2가지 특징,비치키,@freezecastle280,비키치님도 변화를 위해 다른시도를 하셨던거는 알고는 있지만ㅎㅎ 나는 역시 이런 나레이션있는 타입의 영상이좋아,118,0,자기서사,자기서사|자기참조,60,2026-01-17
"""친구 한 명도 없는 것, 오히려 좋다"" 혼자 있는 시간이 많을수록 점점 똑똑해지는 이유 (이헌주 교수 통합본)",책과삶,@慈雲地,70대 들어서면서 반추해보면 교수님 말씀 100% 공감합니다,118,0,정체성확인,정체성확인|자기서사,33,2025-12-22
혼자 있는 게 더 편한 사람 외향인도 내향인도 아닌 '이 유형' 입니다 ㅣ Ep. 책과사람 70 (김경일 교수님 1부),책과삶,@zenbooboo,"영상보면서 완전 내얘기 하시네? 저는 ISFJ, 비서직 하고싶어서 해봤고, 내생일보다 남생일 챙기는거 좋아하고, 뒤에서 조용히 서포트하는게 좋고 절대 앞에 나서는거 싫어하고, 마치 저의 정체성을 찾은것같아 김아나운서만큼 기뻤습니다. 앞으로 저를 더 사랑할 수 있게 된것 같아요. 감사합니다🙏",117,0,자기서사,위안|자기서사|자기참조,163,2026-04-03
나이들수록 오히려 혼자가 되면 편합니다. 친구 없어도 잘사는 사람의 특징 (최명기 원장 1부),지식인사이드,@-mariacallas1054,50대 중반인데 마지막 남은 친구 손절한지 1년 되었습니다. 자기는 장난이랍시고 자꾸 선을 넘더군요. 그놈 손절하고 나니 너무 마음이 편하고 좋습니다.,117,1,위안,위안|자기서사,84,2023-09-20
혼자 있는 게 더 편한 사람 외향인도 내향인도 아닌 '이 유형' 입니다 ㅣ Ep. 책과사람 70 (김경일 교수님 1부),책과삶,@jennason2338,생일은 초등학교 들어가기 전 까지만 즐기는 것으로 끝 !!,117,1,기타,,32,2026-04-03
‼️혼자일 때 (이때가) 진짜 삶을 바꿀 기회다.ㅣ'이혼숙려캠프 상담가' 이호선 숭실사이버대학교 교수ㅣ인생강의,하와이 대저택,@정유-v5r,결혼해도 인생은 홀로서기 입니다 늙어서도 혼자 힘으로 움직이고 잘자고 잘먹으면 그게 행복이네요 저도 아침마다 수영하러 다녀와서 자그마한 텃밭 가꾸다가 보면은 하루가 금방 지나가 있어요 ^^ 우울증때문에 불면증도 겪어보면서 코어경베개로 열심히 수면관리도 하고 여러가지 취미를 만들어보고 있습니다 작은 취미여도 좋아하는 일을 하세요,116,0,자기서사,정체성확인|자기서사|자기참조,183,2025-07-06
나이들수록 오히려 혼자가 되면 편합니다. 친구 없어도 잘사는 사람의 특징 (최명기 원장 1부),지식인사이드,@a-jin1309,난로가 따뜻하다고 가까이 다가가면 갈수록 살이 데인다는 것을 명심해야 좋은 인간관계가 유지된다.,116,1,위안,위안,53,2023-09-18
"진정한 친구가 없어도, 잘사는 사람들의 특징 '3가지' (양창순 박사 2부)",지식인사이드,@최고시속65마일,소울메이트가 한명 있습니다. 내곁에 늘 함께 있는 아내~~ 한명으로 크게 부족함을 못느낍니다.,116,6,기타,,52,2023-12-13
똑똑한 사람일수록 친구 적고 외로움 덜 타는 이유ㅣ인간설명서 EP.6,지식인사이드,@kevinchae287,나이 먹고 친구를 찾는다면 성숙하지 못한 사람이라고 봐야죠.,116,1,기타,,33,2024-12-06
나이들수록 혼자가 행복한 이유 | 온전한 나로써 행복해지는 법 | 쇼펜하우어의 인생론 행복론 | 처세술 | 명언 | 인생의 지혜 | 인간관계,만인의 현인,@U-y8w,친구도 어쩌다 한번 보고싶을때 만나서 같이 맛있는거 먹고 분위기 좋은 카페에서 차 마시고 수다 떨고 그정도가 딱 좋고 그런 관계가 오래 감,115,2,기타,,77,2024-07-04
"혼자 시간을 보내는 사람이 매력 있는 이유, 외로움을 다루는 방법 (feat.오은영)[인스타그램, 인스타중독, SNS, 오은영, 외로움, 자존감, 우울증]",도서관 오목눈이,@dormin301,"인스타그램 지워버리니까, 세상 사는게 이렇게 편할 수가 없더라 정말로.",113,0,자기참조,자기참조,39,2024-10-27
혼자 있는게 더 행복한 사람의 특징,놀면서 배우는 심리학,@프록시마-p7z,자기가 쓸거 경제활동해서 벌어서 쓰고 남한테 피해만 안주면 집돌이건 집순이건 문제없음. 이걸 가지고 문제 있다고 하는 사람이 이상한거지. 그리고 집안에 돈이라도 많으면 모를까 돈도 없는데 경제활동도 안하고 진짜 은둔만 하면 문제인거고,112,0,자기서사,자기서사|자기참조,130,2024-05-09
"나이 들수록 혼자가 되어야 하는 이유ㅣ노후에는 혼자가 행복하다ㅣ평생친구는 없다ㅣ인간관계ㅣ쇼펜하우어, 니체, 알베르 카뮈, 루소 명언 인생조언",책사람,@bookcurator_bookperson,쇼펜하우어 말하는 평생친구 따윈 없다고 한 이유 ▶ https://youtu.be/jdMokqpDgHE,112,10,자기서사,자기서사,57,2023-06-13
점점 혼자가 편한 이유,픽고 PICKGO,@Heyhihello_,"나이 30인데 앞자리 3으로 바뀌고 더 심해졌다. 혼자인게 편하다,자유롭다,근데 그뒤에 (외롭다)는 말이 가려져 있다. 그렇게 일년,이년 연락이 뜸해지고 얼굴을 안보는 지인들이 가득 인생을 잘못 산것만 같고 자존감도 낮아지고 우울해지기 시작했다. 가족들한테는 예민하게 대하고 가족사이에서도 혼자인 느낌이 든다 정신과 상담을 예약했다",111,6,자기서사,자기서사,185,2024-02-08
"혼자 시간을 보내는 사람이 매력 있는 이유, 외로움을 다루는 방법 (feat.오은영)[인스타그램, 인스타중독, SNS, 오은영, 외로움, 자존감, 우울증]",도서관 오목눈이,@박정주-j6z,"혼자 있음을 두려워 하지않았음 좋겠어요. 진정 홀로 있을때, 진정한 날 발견하죠. 홀로있을수 있다면, 진정 강한사람이라생각돼요. 현. 사회사람들은 혼자된다는걸, 못견디는건, 자기 주체가 없다고봅니다. 혼자에 시간을 가끔은 꼭 필요합니다.",111,0,자기서사,자기서사,132,2023-11-22
"""혼자가 가장 행복하다."" 사람이 굳이 외향적일 필요 없는 이유 (남인숙 작가 통합본)",지식인사이드,@퀴버Quills,"젊었을때 친구들 결혼식 죄다 참석했는데, 내 결혼식때 몇 안오더라; 비록 나이먹고 늦게 한 이유라 할수 있지만, 지금은 지네들 부모가 먼저 다 죽네? 장례식장 계속 돌아다니다가 이건 아니디 싶어서 싹 정리해버림..",111,4,지식,지식|자기서사|자기참조,119,2024-09-28
혼자 있는 게 더 편한 사람 외향인도 내향인도 아닌 '이 유형' 입니다 ㅣ Ep. 책과사람 70 (김경일 교수님 1부),책과삶,@안순연-g3z,저자신을 이해하는데 오십평생이 걸렸습니다 세상의 기준이 아닌 진짜 나로 살아가는 기쁨과 자유함이 참 좋아요 우리모두가 근원을 회복하는 아름다운 여정이 되시길 바랍니다 ❤,111,0,자기서사,자기서사,94,2026-04-04
혼자가 더 편한 회피형 특징,놀면서 배우는 심리학,@clairelj7815,제 얘기에요. 아니다 싶은 순간 바로 질려버려요. 공적인 관계는 어쩔 수 없지만 사적인 관계는 바로 끊습니다.,111,1,정체성확인,정체성확인|자기참조,61,2024-08-01
인간관계에 지쳐서 혼자가 편한 사람들의 특징,놀면서 배우는 심리학,@user-nomind,사람 싫어하는것은 진실하게 대하고 상처 받아서고 사람 좋아하는것은 빨아먹고 맛있어서 그런거임,111,7,자기참조,자기참조,51,2025-09-07
"혼자 시간을 보내는 사람이 매력 있는 이유, 외로움을 다루는 방법 (feat.오은영)[인스타그램, 인스타중독, SNS, 오은영, 외로움, 자존감, 우울증]",도서관 오목눈이,@박근혜순실치킨,난 친구 없음. 근데 친구 많을때보다 지금 처럼없는게 더 재밌음. 내가 원할때 혼자 편하게 놀이동산 가고 워터파크 가고 영화관가고 내가 하고싶은거 내 마음대로 하고 밥도 내가 쳐먹고싶은거 먹고,110,2,자기참조,자기참조,107,2023-03-10
혼자 있는 게 더 편한 사람 외향인도 내향인도 아닌 '이 유형' 입니다 ㅣ Ep. 책과사람 70 (김경일 교수님 1부),책과삶,@책과삶,📖 『이향인』 ― 교보문고: https://bit.ly/3N9d1sQ ― 예스24: https://bit.ly/4b1ibjD ― 알라딘: https://bit.ly/4rqOfCh,110,6,기타,,100,2026-04-03
"진정한 친구가 없어도, 잘사는 사람들의 특징 '3가지' (양창순 박사 2부)",지식인사이드,@rustyd7413,"그때그때 시절인연들 만나고,어 이사람 이상한데 싶으면 조용히 혼자 지냄.인간에 그리 큰 의미 안두고 사는게 정신건강에 좋드라",110,0,기타,,69,2023-12-13
혼자 살다가 행복하게 죽는 5가지 방법 #삶의지혜 #행복한노후 #100세시대,골든가이드,@인격장애자-e7b,1인가구가 많아서. 부모님이 모두 돌아가시면 진짜 가족은 없고 혼자가 되죠,110,0,자기서사,자기서사,41,2025-08-25
은지원 명언 l 결혼을 신중하게 해야하는 이유.,멘탈케어::힐링 심리학 채널::,@까꿍까꿍-w8p,애들때문에 억지로 살고있는데 나만 그런게 아니였다 ㅠㅠ,110,9,정체성확인,정체성확인|반박,30,2024-04-15
"[#유퀴즈온더블럭] 혼자가 제일 편하다는 내향인💦 그 행복, 진짜일까?🤔 행복 심리학자가 말하는 내향인의 진실👀",디글 :Diggle,@Skjjjjjj,그냥 나이들수록 혼자가 편하다 정말 잘 맞는 사람 아니고서야. 안 맞는 사람 비위 맞추는 것도 고역임..,109,0,자기참조,자기참조,58,2025-09-21
"친구 한 명 없어도 혼자 잘 지내는 사람들의 '3가지' 장점 (최명기 원장, 한석준 아나운서, 이헌주 교수, 김아라 소장)",지식인사이드,@정충열-c8u,안주고 안받기 주고싶은사람 있으면 주고 끝 바라지않고 살기 내 손을 떠난건 이미 내것이 아니다,109,1,자기참조,자기참조,52,2024-05-09
가족과 사는 게 즐겁다고? '행복한 사람'은 절대 무작정 결혼하지 않습니다! | 김경일 심리학과 교수 1부,"꿈을 찾는 사람들 강연,강의,강사,꿈찾사",@김강-d5e,혼자 사는 사람이 행복 합니다 세상이 달라 졌어요,109,0,기타,,27,2023-09-25
혼자 살다가 행복하게 죽는 5가지 방법 #삶의지혜 #행복한노후 #100세시대,골든가이드,@마술피리-b2p,마지막 멘트가 핵심이네요,109,0,기타,,13,2025-07-29
친구가 없어도 '혼자 잘 지내는' 사람 특징,멘탈케어::힐링 심리학 채널::,@흐르는세월-r1u,혼자서 잘 지내는 사람은 그만큼 영혼이 성숙되고 단단하기에 잘 지낼수 있지요. 미성숙하면 편할리 없고 불안하겠죠. 물론 기본적인 여건이 필요하죠.,108,1,기타,,81,2022-08-01
나이들수록 오히려 혼자가 되면 편합니다. 친구 없어도 잘사는 사람의 특징 (최명기 원장 1부),지식인사이드,@leeswbro,결국 자아의 확고함이 짙어질수록 친구의 필요성이 줄어드는것이네요 타인을 필요로 할수록 그것은 타인에게 배려를 해야한다는 반증이니까요,108,0,기타,,73,2023-09-18
‼️혼자일 때 (이때가) 진짜 삶을 바꿀 기회다.ㅣ'이혼숙려캠프 상담가' 이호선 숭실사이버대학교 교수ㅣ인생강의,하와이 대저택,@늘봄바람처럼,나이가 드니 인간관계가 버겁네요 혼자 지내며 가족 챙기는게 행복이네요,108,0,자기서사,자기서사,38,2025-04-17
"혼자 있을 때 더 편안한 사람, 알고보니 '이 유형' 입니다 (김경일 교수님 통합본)",책과삶,@sattosarang,제가 지능이 높다니 ❤❤❤ ㅎㅎ,108,4,자기서사,자기서사|자기참조,17,2026-05-01
함께 있어도 혼자 겉도는 사람의 2가지 특징,비치키,@서정음-e1m,내가 생각하기엔 둘이 있을 때는 서로 얘기하고 경청하면서 주고 받기가 잘 되는데 여러명이서 있을 땐 사람들이 경청하는 집중력?이 떨어지면서 대화가 잘 안되는 느낌...? 그래서 굳이 내가 말을 하기보다는 듣는 쪽이 되는거같음 난 내 말을 안들어주면 말하기가 싫어져서 ㅜㅜㅠㅜ 점점 말이 사라지는거같아유 ..,107,1,자기서사,자기서사|자기참조,171,2026-01-18
"친구 한 명 없어도 혼자 잘 지내는 사람들의 '3가지' 장점 (최명기 원장, 한석준 아나운서, 이헌주 교수, 김아라 소장)",지식인사이드,@엘리-l6t,적당한게 좋습니다 현실적인 충고 하나 들어갑니다 내가 사회적 위치가 높아지면 알아서 찾아줍니다 굳이 애쓰지 않아도 주변에 시기질투땜에 피곤해집니다 남들이 내인생을 살아주는게 아닙니다 말그대로 날 있는 그대로 응원해주고 지지해주는 사람이 가족외에 한두명만 있어도 좋은겁니다 인간관계에 목메지 마세요,107,1,자기서사,자기서사|자기참조,165,2024-05-04
"""혼자가 가장 행복하다."" 사람이 굳이 외향적일 필요 없는 이유 (남인숙 작가 통합본)",지식인사이드,@Digital_Nomad_1004,"_어떤 종교든, 어느 철학자든, '사람' 이 답이라고 한적은 없음 ! 홀로 있을때 깨어있게 되고 자유롭고 평화로운건 진리임👍_",107,0,기타,,71,2024-09-28
"진정한 친구가 없어도, 잘사는 사람들의 특징 '3가지' (양창순 박사 2부)",지식인사이드,@brilliant0514,인간관계에도 4계절이 있다라는 말씀~~ 젊을 때 이것을 몰라 참 힘들었네요~~ ㅎ 🎉강의 참 명쾌해서 너무 좋았어요,107,0,기타,,65,2023-12-11
은지원 명언 l 결혼을 신중하게 해야하는 이유.,멘탈케어::힐링 심리학 채널::,@주노-r5l,행복은 타인에게서 오는 것이 아니라 내 마음가짐에서 부터 온다.,107,3,자기참조,자기참조,35,2024-09-13
함께 있어도 혼자 겉도는 사람의 2가지 특징,비치키,@ssan77,"제일 어려운게 인간관계같애 진짜,,",107,0,기타,,19,2026-01-17
점점 혼자가 편한 이유,픽고 PICKGO,@임수진-l6c,저는 그게 제일 커요~ 서로 시간 맞추는거... 그냥 되는대로 하면 되는게 아니고 그거 맞추느라 많은걸 희생하고 포기하게 되니까... 저도 그냥 혼자가 편해요~^^,105,0,정체성확인,정체성확인|자기서사|자기참조,91,2023-12-02
혼자 있을 때 가장 행복한 사람 특징,놀면서 배우는 심리학,@경현김-s8u,맞아요 혼자가 아주 편합니다 관계도 피하진 않지만,105,0,기타,,27,2024-06-22
"나이 들수록 혼자가 되어야 하는 이유ㅣ노후에는 혼자가 행복하다ㅣ평생친구는 없다ㅣ인간관계ㅣ쇼펜하우어, 니체, 알베르 카뮈, 루소 명언 인생조언",책사람,@송하영팬인오숭이,친구좋아하는건 미성숙함의 반증입니다.,105,0,기타,,20,2023-06-28
함께 있어도 혼자 겉도는 사람의 2가지 특징,비치키,@pom2_pom2,0:41 여기서 경악함,105,1,기타,,12,2026-01-18
인간관계에 지쳐서 혼자가 편한 사람들의 특징,놀면서 배우는 심리학,@shining-stardust,"대화 나눠보면 상대방에게 실망하는 경우가 너무 많아요. 제 기대치가 높아서이기도 하고... 다수가 뻔한 대화, 뻔한 일상 얘기, 연예인 얘기, 세속적인 얘기나 하니까 대화하기도 무의미하기도 하고... 의미없는 잡담 나누며 시간보내서 친해지고 어울려다니기도 너무 시간과 제 에너지가 아깝고. 그 정도 시간과 에너지를 쓸 매력있는 다양한 면과 좋은 인품을 지닌 사람이 없더라구요.",104,6,자기서사,자기서사|자기참조,210,2025-09-02
"혼자 시간을 보내는 사람이 매력 있는 이유, 외로움을 다루는 방법 (feat.오은영)[인스타그램, 인스타중독, SNS, 오은영, 외로움, 자존감, 우울증]",도서관 오목눈이,@슷응응-n1c,혼자서 잘 지낼수 있어야 남들과도 잘지낼수 있어요 혼자라고 자책하지말고 혼자지내는 연습을 해본다고 생각해요 난 평생 혼자였는데? 하시는분들도요..,104,0,자기서사,자기서사,81,2024-01-18
"혼자 있을 때 더 편안한 사람, 알고보니 '이 유형' 입니다 (김경일 교수님 통합본)",책과삶,@jmc9611,생일날은 부모님께 감사하는 날이다.,104,7,기타,,19,2026-06-01
인간관계에 지쳐서 혼자가 편한 사람들의 특징,놀면서 배우는 심리학,@그러,"전데요....?ㅇㅁㅇ..... 누구보다 사람들하고 재밌게 놀고, 사람들 기분좋게 재밌게 해줄수있고, 유머감각넘치고 흥있는 저인데 어느순간 사람에대한 실망감과 배신감으로 인해 스위치가 꺼지면서 사람에게 신뢰가 반이상 떨어졌어요ㅋㅎㅠ그런후에 장단점은, 장점! 속시끄러운일들과 고민거리가 거의다 사라졌다. 단점! 내 진짜 모습과 흥을 같이 나눌수잇는 또래사람들이없다는거가 심심할때가 있다. 그렇습니다.ㅎㅎ",103,0,자기서사,자기서사|자기참조,223,2025-09-02
나이들수록 오히려 혼자가 되면 편합니다. 친구 없어도 잘사는 사람의 특징 (최명기 원장 1부),지식인사이드,@맥아리-w8p,참 어디 정신과 커뮤니티에 친구 한명도 없어도 괜찮은 거냐고 물어봤더니 아무 답변도 없이 씹혔는데 여기는 혜자네. 속 시원히 말씀해줘서 좋다. 세상이 많이 변해서 이제는 친구가 적거나 없어도 별 문제로 안 삼는것 같다,103,0,자기서사,자기서사,121,2023-09-27
"나이 들수록 혼자가 되어야 하는 이유ㅣ노후에는 혼자가 행복하다ㅣ평생친구는 없다ㅣ인간관계ㅣ쇼펜하우어, 니체, 알베르 카뮈, 루소 명언 인생조언",책사람,@gkfkakf6309,혼자있을수 없어서 불행한것임 . 혼자서 죽음때까지 죽음을 맞이할수있다는건 행복이다 . 나이들면 어차피 주변사람들 좋은사람도 나쁜사람으로 돌변한다 .,103,6,자기참조,자기참조,82,2023-07-11
"친구 한 명 없어도 혼자 잘 지내는 사람들의 '3가지' 장점 (최명기 원장, 한석준 아나운서, 이헌주 교수, 김아라 소장)",지식인사이드,@Мгновениесудьбы152,진짜 불안할수록 혼자있는게 맞음. 불안할때 사람만나면 그이후에 스트레스가 더심함 그리고 괜히 자책감?들고 또 우울해지고 불안증세 심해지고,103,2,자기참조,자기참조,76,2025-04-08
나이들수록 혼자가 편해지는 이유. 친구 없이 혼자서 행복해지는 방법 ㅣ Ep. 26 책과사람 (서경석 개그맨 1부),책과삶,@EUNJUKIM-x6g,정신소모 없음 아쉬운것도없음 위선적이지도 않게됨 내자신 모습으로 온전히 솔직 시간 돈 감정 낭비 없음 상대적 효율적 감성적 이성적,103,0,자기참조,자기참조,72,2025-08-24
"[#유퀴즈온더블럭] 혼자가 제일 편하다는 내향인💦 그 행복, 진짜일까?🤔 행복 심리학자가 말하는 내향인의 진실👀",디글 :Diggle,@stefanopassa-j4o,행복은 강도가 아니라 빈도다. 소소한 행복한 순간들을 많이 느끼며 살아야겠습니다. 좋은 영상 감사해요.💚,103,0,기타,,59,2025-07-12
혼자가 더 편한 내향적인 사람의 특징,놀면서 배우는 심리학,@윤정-u1c4m,혼자서도 잘돌아댕기고 집에서 충전하고 넘 편하고 좋아요 카톡이나 전화 통화도 귀찮을때 많구 😅😅😅,103,0,기타,,57,2023-10-20
"""친구 한 명도 없는 것, 오히려 좋다"" 혼자 있는 시간이 많을수록 점점 똑똑해지는 이유 (이헌주 교수 통합본)",책과삶,@실크로드-t4l,혼자서 밥.술못먹는 사람들이 참 불쌍합니다 세상에서 가장 편한게 혼자 밥먹고 술한잔 하는거 입니다 안해보고 익숙하지 않은 사람들은 모르죠 그 매력과 철학을,102,0,기타,,86,2025-12-22
"[#유퀴즈온더블럭] 혼자가 제일 편하다는 내향인💦 그 행복, 진짜일까?🤔 행복 심리학자가 말하는 내향인의 진실👀",디글 :Diggle,@kikamakinsessang,같이 하는게 좋은 사람도 있지만. 그것과 별도로 혼자인 시간이 필수다,102,0,기타,,38,2025-07-14
혼자가 편한 사람 특징,픽고 PICKGO,@potatogkgk,깊티 준거 고맙다고 말하는게 그렇게 힘든 일은 아니잖아ㅠㅠ,102,0,기타,,32,2023-04-22
혼자 있는 게 편하다는 사람들의 진짜 속마음ㅣ지식인초대석 EP.65 (박재연 소장 2부),지식인사이드,@multiviedevory,"내가 상대를 여러 결점에도 불구하고 존중하고 잘 대해주면 상대방이 그걸 느끼고 감화돼 나와 다른 사람에게도 나처럼 행동할 거라고 기대했다가 30년쯤 별 짓을 당하고 피해를 입으면 현명하게 자기를 지키고 정말 지켜야 할 사람들을 지키기 위해 다른 방식을 찾게 됩니다. 타인을 성적으로, 경제적으로, 정서적으로, 정신적으로, 정치적으로 이용하거나 착취하거나 학대하는 못되고 못난 사람들에게 이용 당해 주어서는 안 됩니다. 그건 자존감이 모자라서 회피하는 게 아니에요. 에너지를 절약하는 거고 못된 사람들에게 못된 짓할 기회를 안 주는 거지. 사이비교주와 광신도들과 위험하게 혼자 싸우느니 자기네끼리 사고 쳐서 곪아터지도록 하는 게 나을 수도 있는 것처럼.",101,2,자기서사,자기서사|자기참조,364,2025-09-21
함께 있어도 혼자 겉도는 사람의 2가지 특징,비치키,@nbrud,2:03 이거 저한테 정말 필요한 말이었네요.. 항상 평가하고 평가당할까 걱정하고,101,2,기타,,45,2026-01-18
"혼자 있을 때 더 편안한 사람, 알고보니 '이 유형' 입니다 (김경일 교수님 통합본)",책과삶,@센스정,저도 이향인이에요 그냥 참고왔는데 이해받는 느낌이에요 그러나 나는 내가 좋아요,101,1,정체성확인,정체성확인|자기서사|자기참조,43,2026-05-01
혼자가 편한 사람 특징,픽고 PICKGO,@구독계-w7m,원래 내편은 가족 아니면 진짜 없음.... 이래서 혼자가 편해,101,1,자기서사,자기서사,34,2024-01-13
혼자 있는 게 더 편한 사람 외향인도 내향인도 아닌 '이 유형' 입니다 ㅣ Ep. 책과사람 70 (김경일 교수님 1부),책과삶,@AtoZomega,오늘 김재원 아나운서 님 넘나 신나보여요^^ 이향인으로서 자신의 정체성을 찾고 이해하게 되어 그런 것 같아요. KBS에 속해있던 것보다 프리로서 이런 프로그램을 진행하는 게 더 김재원 님에게도 잘 맞고 어울리는 것 같습니다.,100,0,기타,,125,2026-04-03
친구가 없어도 '혼자 잘 지내는' 사람 특징,멘탈케어::힐링 심리학 채널::,@이즈비-m2e,혼자서도 잘 지내는 사람은 남 눈치 안보고 인생산다는거임 반면에 반대인 사람은 남눈치 오지게 보는 사람 고로 겉보기에 혼자인 사람이 외로워 보여도 실제로는 반대인사람이 외로운 사람들임,100,4,위안,위안|자기참조,102,2022-08-01
나이들수록 혼자가 편해지는 이유. 친구 없이 혼자서 행복해지는 방법 ㅣ Ep. 26 책과사람 (서경석 개그맨 1부),책과삶,@0준스0,모임 경조사 다 부질 없습니다 홀로 온전한 것이 최고 👍,100,0,자기참조,자기참조,32,2025-08-25
"나이 들수록 혼자가 되어야 하는 이유ㅣ노후에는 혼자가 행복하다ㅣ평생친구는 없다ㅣ인간관계ㅣ쇼펜하우어, 니체, 알베르 카뮈, 루소 명언 인생조언",책사람,@polo4720,"얼마전 십수년을 넘게 알고지낸 지인과 절연했습니다. 인연 끊어지는 것도 한순간이더군요. 하나둘 연락 끊기더니 이제 남은 사람도 거의 없네요.. 부모님 연배 되시는 분들, 그 이상 되시는 어르신들께 친구, 지인 다 부질없다는 말씀 많이 들었는데 예전에는 몰랐는데 요즘들어 맞는 말씀이라고 느껴집니다..",99,4,자기서사,지식|자기서사|자기참조,167,2023-07-23
혼자가 편한 사람 특징,픽고 PICKGO,@djjcnnwjj1223,사회구성원으로써 지켜야할 최소한의 책임과 도리는 다 지키겠다 그러니까 혼자 편하게 살게 내버려둬.. 너무 으쌰으쌰 하는거 요구하지마..,99,0,기타,,75,2023-04-22
혼자 있는게 더 행복한 사람의 특징,놀면서 배우는 심리학,@이경은-z6b,"초등부터 대학까지 친구들 속에서 살았어요. 인기많았구요. 나이들어 나를 발견, 집에서 혼자 있는 시간이 제일 행복합니다",99,7,기타,,66,2024-05-14
혼자서 잘 사는 사람 특징,놀면서 배우는 심리학,@이지윤-u3q,혼자서도 잘논다😊,99,0,기타,,10,2024-12-31
나이들수록 오히려 혼자가 되면 편합니다. 친구 없어도 잘사는 사람의 특징 (최명기 원장 1부),지식인사이드,@user-qj8si9lz8y,정신과 의사들도 강조하는 것 중 하나가 혼자 오롯이 설 수 있어야 한다 혼자여도 괜찮고 남과 같이 있어도 괜찮은 상태여야 한다 라고 하죠 저 역시도 사람을 정말 좋아했었고 친구도 너무 많았었고 집착도 해보고 서로에게 진심이였던 친구도 있었는데 사람을 아무리 만나도 외로움은 사라지지가 않았습니다 결국 내 안에서 그걸 찾아야 하고 채워야 하구나 라는걸 깨닫고 나와 친해지고 혼자있는 연습을 하기 시작하면서 혼자 있어도 괜찮고 남과 있어도 괜찮은 상태로 변했는데 너무 만족합니다,98,0,자기서사,위안|정체성확인|자기서사|자기참조,265,2023-09-20
"""혼자가 가장 행복하다."" 사람이 굳이 외향적일 필요 없는 이유 (남인숙 작가 통합본)",지식인사이드,@david0954choo,"딱 제 얘기입니다 저는 혼자서 끼쁘고 행복합니다 혼자서 할일도 정말 많습니다. 혼자 운동하고, 혼자 여행하고 , 혼자 쇼핑하고 , 혼자 밥먹고 혼자일때가 제일 행복합니다. 주변 사람들 신경도 쓰지도 않은편입니다. 하지만 가족은 가장 소중하게 생각하고 가족에게 최선을 다하며 열심히 살고있습니다.",98,3,자기서사,정체성확인|자기서사|자기참조,164,2024-10-01
"혼자 있을 때 더 편안한 사람, 알고보니 '이 유형' 입니다 (김경일 교수님 통합본)",책과삶,@Nick-lg6je,"이런 분들은 연극, 콘서트 장에서 쉽게 발견할수 있어요... 조명, 음향을 담당하시는 분들... 무대에서 보이지 않지만, 큰 영향력을 주는 분들이죠.. 조직에서 이런 포지션 좋아하시는 분들 정말 많습니다...",98,1,기타,,116,2026-05-01
"혼자 시간을 보내는 사람이 매력 있는 이유, 외로움을 다루는 방법 (feat.오은영)[인스타그램, 인스타중독, SNS, 오은영, 외로움, 자존감, 우울증]",도서관 오목눈이,@아메리카노-j3w,저는 혼자있을때가 편하고 좋아요 혼자 여행다니고 혼자 핫플가서 밥먹구 책읽구 …운동하고 좋아요 ㅎㅎ 친구들하고 있을때도 좋지만 혼자있을때가 더 편하더라구요,98,2,자기서사,자기서사|자기참조,86,2023-10-21
혼자 살다가 행복하게 죽는 5가지 방법 #삶의지혜 #행복한노후 #100세시대,골든가이드,@정유-v5r,작은 취미라도 시작하는게 좋아요 저는 아침마다 수영하러 다녀와서 자그마한 텃밭을 가꾸다가 보면은 시간이 금방 지나가고 좋더라고요 코어경베개로 수면도 관리하면서 누구보다 건강하고 명랑하답니다 나와의 시간을 소중히 여기시길~,97,4,자기서사,자기서사|자기참조,123,2025-08-19
혼자 살다가 행복하게 죽는 5가지 방법 #삶의지혜 #행복한노후 #100세시대,골든가이드,@elifeip1,다른건 좋은데 사람 한두명과 진한 인연은 힘들어요...혼자삶이라면 그냥 혼자 자신에 충실하고 사는게 ....사람 무섭습니다.,97,1,기타,,69,2025-08-22
"친구 한 명 없어도 혼자 잘 지내는 사람들의 '3가지' 장점 (최명기 원장, 한석준 아나운서, 이헌주 교수, 김아라 소장)",지식인사이드,@samac_suninjang,나이가 들어갈수록 깨어있고 의식 있는 사람들은 드물고 ... 스스로 깊이 있고 가치 있는 삶을 사는게 제일 좋은 거 같습니다,97,0,기타,,69,2024-05-04
똑똑한 사람일수록 친구 적고 외로움 덜 타는 이유ㅣ인간설명서 EP.6,지식인사이드,@여신님-x4b,친구가 뭔소용? 아내하고 딸 있는것도 감사하게 생각하세요 이제부터 사귀면 되죠,97,0,자기서사,자기서사,43,2024-12-06
혼자가 더 편한 회피형 특징,놀면서 배우는 심리학,@samsamiiii,근데 살다보면 남은 결국 남이더라구요.,97,0,기타,,21,2024-08-27
나이들수록 오히려 혼자가 되면 편합니다. 친구 없어도 잘사는 사람의 특징 (최명기 원장 1부),지식인사이드,@imimmik,"와..너무 속이 시원하다...막힌 기가 펑 뚫린기분... 정말 많은 힘이되었어요. 정말 주변에 사람많고 사람좋아했는데 내가 지하바닥까지가고 사는게 끝이안보이는 암흑이면 친구고 부모고 자식이고 다 필요없어요. 인생은 홀로가는겁니다. 그때 그때 함께하며 하루하루 사는거지 큰의미 부여하고 소중하다고 붙잡고 집착할것도 없어요. 특히 친구는 정말 자기들 이익있을때 유지되는거지 의리,정 그딴거없습니다. 진짜 인생안풀릴때 주변사람들 보며 깨달았고 지금 너무 편하고 행복합니다. 좋은친구 이런거 없어요. 다 그때그때 그시절 다른 친구 만나면되고 없으면 책이던 취미던 내자신이던 친구가됩니다.와 너무 명쾌해서 기분이좋네요. 사람좋아하고 필요하면 만나면되고 아니면 없어도되고 성향따라사는거죠.. 친구없으면 무슨 사회성고자취급하는데 진짜 마당발이었는데 결론은 친구 없어도됩니다.함께해서 좋으면 좋고 없으면 말고 혼자가는 인생길 편하게 자연스럽게 살다가고싶네요.",96,0,자기서사,지식|자기서사|자기참조,472,2023-10-18
"혼자 시간을 보내는 사람이 매력 있는 이유, 외로움을 다루는 방법 (feat.오은영)[인스타그램, 인스타중독, SNS, 오은영, 외로움, 자존감, 우울증]",도서관 오목눈이,@bong-goo,"예전엔 군중 속의 외로움이 가장 큰 고통이었어요. 근데 나이를 먹다보니 혼자서 있는 시간이 참 소중하고 안정적이더라고요. 그래서 일부러 사람들과 전화통화도 안 하고 혼자 시간을 충실히 보내다 꼭 얼굴 볼 기회를 만들어서 만납니다. 그럼 쌓인 그 간의 얘기도 많아지고, 주제거리도 풍성해서 주위사람과 만남의 질도 높아지고, 헤어진 후에도 충만함을 느끼게 됩니다.😊",96,1,위안,위안,203,2023-10-30
"""혼자가 가장 행복하다."" 사람이 굳이 외향적일 필요 없는 이유 (남인숙 작가 통합본)",지식인사이드,@jaemin8266,저도 태어날때부터 내향인데 초중고 무조건 외향이 좋고 사회생활할때도 외향이 좋은데 나이 들고보니까 내향만의 장점이 있음 일단 친구를 만들때 거르고 거르다 보니까 주변에 좋은 사람들이 많음,96,2,정체성확인,정체성확인|자기참조,104,2024-09-28
나이들수록 오히려 혼자가 되면 편합니다. 친구 없어도 잘사는 사람의 특징 (최명기 원장 1부),지식인사이드,@린다지-b5e,지금 와서 느끼는건 친구는 인생에서 그렇게 필요하지 않습니다. 각자 삶의 가치관이 있겠지만 가장 중요한것은 살면서 내가 얼마나 풍요롭고 행복하게 사느냐인거 같습니다.,96,0,자기서사,자기서사|자기참조,92,2024-01-18
나이들수록 혼자가 행복한 이유 | 온전한 나로써 행복해지는 법 | 쇼펜하우어의 인생론 행복론 | 처세술 | 명언 | 인생의 지혜 | 인간관계,만인의 현인,@맹희-v1o,관계가 시작됨과 동시에 고뇌가 덩달아 시작됨..이래서 인맥 다이어트 ..시절 인연이라는 단어가 와닿고 잇는 요즘입니다 고독을 알아야 인생도 안다,96,0,자기참조,자기참조,80,2024-02-27
나이들수록 혼자가 편해지는 이유. 친구 없이 혼자서 행복해지는 방법 ㅣ Ep. 26 책과사람 (서경석 개그맨 1부),책과삶,@온유와지혜,젊을땐 믾은 사람과 만나고 부대끼고 경험하며 살아야하고 나이가든 50대쯤되면 자연히 정리가 되기 시작하더군요~^^,96,2,지식,지식|자기서사,63,2025-08-23
가족과 사는 게 즐겁다고? '행복한 사람'은 절대 무작정 결혼하지 않습니다! | 김경일 심리학과 교수 1부,"꿈을 찾는 사람들 강연,강의,강사,꿈찾사",@심쿵두루,거의 20년 가까이 혼자 사는데 너무 행복하고 만족합니다 직장동료들은 연애도 안 하냐면서 이해 못 하겠단 반응이지만 전혀 진짜로 혼자가 좋아요 젊을 때 적당히 연애해본 것만으로 만족해요 더 이상 인간관계에 스트레스 받는게 싫을뿐이에요 혼자 살면 스트레스 받을 일이 적어요,95,0,자기서사,자기서사,151,2023-10-09
혼자가 더 편한 내향적인 사람의 특징,놀면서 배우는 심리학,@로아로아-i9d,너무 힘들어서 집에가면 바로 자야지 했는데 진짜 집오면 배터리 충전되는게 느껴져서 충전기 꽂은채로 이것저것 하게되는 느낌임 ㅋㅋ 나도 내가 신기함,95,2,정체성확인,정체성확인|자기참조,81,2023-10-23
똑똑한 사람일수록 친구 적고 외로움 덜 타는 이유ㅣ인간설명서 EP.6,지식인사이드,@스나이퍼-j5m,나이 들면 들수록 전부 시기질투함. 그게 인간 본성. 정말 진정한 친구 한명 있기도 힘든게 현실.,95,11,자기참조,자기참조,54,2025-11-28
혼자 있는 게 편하다는 사람들의 진짜 속마음ㅣ지식인초대석 EP.65 (박재연 소장 2부),지식인사이드,@김명희-y6y7d,본인이 경험하지않았다면 위로를 함부로 하지마세요 섣부른 위로와 격려는 또다른 상처가됩니다,94,2,위안,위안,49,2025-09-21
인간관계에 지쳐서 혼자가 편한 사람들의 특징,놀면서 배우는 심리학,@봄봄-n2f,혼자가 젤 편함ㆍ감정소모 없고 내가 좋아하는거 하고 ㅎㅎ,94,1,자기참조,자기참조,31,2025-10-01
혼자서 잘 사는 사람 특징,놀면서 배우는 심리학,@BlueCat-cs5us,혼밥 혼야 혼쇼 혼여 너무 편하고 좋다,94,4,기타,,21,2024-12-21
똑똑한 사람일수록 친구 적고 외로움 덜 타는 이유ㅣ인간설명서 EP.6,지식인사이드,@talchoulse,타인이 필요하지 않을때 남을 만나야.,94,1,기타,,20,2024-12-06
친구가 없어도 '혼자 잘 지내는' 사람 특징,멘탈케어::힐링 심리학 채널::,@박선영-y5d2c,저도 친구들이 많이 없어 혼자서 많이 외로움을 느끼는 사람이라 생각했는데 이 영상을 보면서 저 자신이 단단해 질수있다는 걸 깨닫게 되는 영상인 것 같아요 진지하고 따뜻한 말씀에 저 자신을 들여다 볼수있었네요 좋은 영상감사합니다,93,4,위안,위안|정체성확인|자기서사|자기참조,126,2022-08-02
인간관계에 지쳐서 혼자가 편한 사람들의 특징,놀면서 배우는 심리학,@top-value-sonny,혼자가 외로울때가 분명 있지만 진정한 행복은 혼자있을때에요 더불어살아가라는 조언하는사람를보면 제발 너나 잘하세요 혼자가 너무 좋습니다 질릴때로 질렸습니다 상식이하 사람들이 너무 많아서,93,2,위안,위안,102,2025-09-03
똑똑한 사람일수록 친구 적고 외로움 덜 타는 이유ㅣ인간설명서 EP.6,지식인사이드,@dhamptom6025,"어차피 인생 혼자, 고독하게 사는게 삶이다.",93,1,기타,,24,2024-12-23
"[#유퀴즈온더블럭] 혼자가 제일 편하다는 내향인💦 그 행복, 진짜일까?🤔 행복 심리학자가 말하는 내향인의 진실👀",디글 :Diggle,@yjhlhr,예민한 사람은 혼자 있는게 편하지. 예민한게 겉으로 드러나는 사람이 있고 속으로 감춰지는 사람이 있는데 이런경우 예민하다는걸 본인이 모르는 경우도 있음. 티를 안낸다고 안예민한게 아님. 타고난 기질이라 바꿀수도 없고 남의 말이나 행동이 무던하게 넘겨지지 않으면 예민한거. 조금 거슬리는 말이나 의견을 들어도 자기 감정이 크게 동요되지 않아야 큰 스트레스 없이 사람들이랑 어울릴 수 있는데 본인이 그게 잘 안되먼 혼자 있는게 훨씬 편함.,92,0,자기서사,자기서사|자기참조,243,2025-07-15
점점 혼자가 편한 이유,픽고 PICKGO,@꽈자-y7h,혼자 다니면 세상 편해요 시간 맞추고 분위기 살펴야 하고 눈치도 봐야하고... 그냥 그 모든게 귀찮고 불편해서 학교나 직장에서 다들 친해도 밖에서 혼자 다니는게 편한것 같아요,92,0,자기서사,자기서사,97,2024-02-12
나이들수록 혼자가 행복한 이유 | 온전한 나로써 행복해지는 법 | 쇼펜하우어의 인생론 행복론 | 처세술 | 명언 | 인생의 지혜 | 인간관계,만인의 현인,@solotraveltheworld,혼자가 좋습니다.. 혼자 세계여행중이예요 4년째 들어갑니다 다 덧없습니다 세상구경하고 떠나면 됩니다,92,6,자기서사,자기서사,55,2024-07-25
나이들수록 혼자가 편해지는 이유. 친구 없이 혼자서 행복해지는 방법 ㅣ Ep. 26 책과사람 (서경석 개그맨 1부),책과삶,@eunlee7333,두 분 나누시는 대화 넘 좋네요. 또 뵙고 싶어요. 좋은 시간 좋은 책 감사합니다! 😊,92,0,위안,위안,49,2025-08-23
은지원 명언 l 결혼을 신중하게 해야하는 이유.,멘탈케어::힐링 심리학 채널::,@듀쥬쥬,근데 진짜 동안이다....... 신기할 정도.,92,1,기타,,25,2024-04-12
함께 있어도 혼자 겉도는 사람의 2가지 특징,비치키,@송하영사랑해-n6n,2:29 왜 역주행 해.. 순간 무서웠네,92,7,기타,,22,2026-01-17
나이들수록 오히려 혼자가 되면 편합니다. 친구 없어도 잘사는 사람의 특징 (최명기 원장 1부),지식인사이드,@대한민국-s7q,술끊고 나니 친구가 주위에 없습니다 그래서 그런지 시간도 많이 남습니다 그 시간에 운동하고 자격증 공부하니 하루하루 발전하는 나를 볼수가 있네요 외로움느낄 시간이 없어요,91,1,위안,위안|지식|자기서사,94,2023-09-24
"혼자 시간을 보내는 사람이 매력 있는 이유, 외로움을 다루는 방법 (feat.오은영)[인스타그램, 인스타중독, SNS, 오은영, 외로움, 자존감, 우울증]",도서관 오목눈이,@yoonjookoomi,외로움을 느끼는건 생존과도 관련이 있었던거네요… 하지만 현대 사회에선 외로워도(혼자 있어도) 생명의 위협을 받지 않으니 맘 편하게 생각해야겠어요,91,0,위안,위안,80,2023-03-02
친구가 없어도 '혼자 잘 지내는' 사람 특징,멘탈케어::힐링 심리학 채널::,@jhj2656,"영상주제와는 다르지만, 멘탈케어님은 유튜브 운영이 몇년이나 되셨는데도 구독자 한분한분께 신경써주시는 모습이 대단하신것 같습니다. 훌륭하십니다.",91,1,기타,,79,2022-08-01
혼자가 편한 사람 특징,픽고 PICKGO,@zzzzu115,하 진짜 주점하자니까 아하하..... 하다가 뭐뭐팔아요? 이거 묻는것도 ㄹㅇ할말업ㄱ는데 쥐어짜내서 말하는거 ㅋㅋㅋㅋㅋㅋㅋ 개공감간다,91,0,정체성확인,정체성확인,73,2023-04-23
혼자 살다가 행복하게 죽는 5가지 방법 #삶의지혜 #행복한노후 #100세시대,골든가이드,@KSA들장미,심심하지않고 혼자 즐기는게 너무너무 좋던데 커피한잔을 마셔도 혼자마시면 커피가 친구가 되고 라면한게를 먹어도 라면이 행복을 주더라,91,2,자기서사,자기서사|자기참조,72,2025-10-19
"나이 들수록 혼자가 되어야 하는 이유ㅣ노후에는 혼자가 행복하다ㅣ평생친구는 없다ㅣ인간관계ㅣ쇼펜하우어, 니체, 알베르 카뮈, 루소 명언 인생조언",책사람,@봄-d4m,인생 70년 살아보니.다 옳은말씀..혼자가 자유롭고 혼자 자연속에서 혼자 걷는 즐거움도 또 다른 기쁨이 있고..편합니다,91,1,자기서사,자기서사,66,2023-07-29
"""친구 한 명도 없는 것, 오히려 좋다"" 혼자 있는 시간이 많을수록 점점 똑똑해지는 이유 (이헌주 교수 통합본)",책과삶,@Hye-zaa,직장에서도 같이 밥먹자고 하면 정중히 거절하고 혼자먹음 혼자 밥먹는 시간 넘나 소중함,91,1,자기서사,자기서사|자기참조,47,2025-12-23
혼자서 잘 사는 사람 특징,놀면서 배우는 심리학,@오후5시반노을,무슨일이든 같이 하자고 하는 사람 제일 피곤하고 싫습니다….그래서 학교다닐때 인간관계로 고통많이 받았어요…그나마 사회에 나와서는 숨쉴만 합니다.,90,0,기타,,80,2024-12-19
"""친구 한 명도 없는 것, 오히려 좋다"" 혼자 있는 시간이 많을수록 점점 똑똑해지는 이유 (이헌주 교수 통합본)",책과삶,@diamondku1597,간섭 안받고 눈치 안보고 사는 그 사람 혼자가 외로운게 아니고 편하게 복받은 사람 무소식이 희소식 심장이 더 편해진다,90,0,위안,위안,65,2026-01-03
나이들수록 혼자가 행복한 이유 | 온전한 나로써 행복해지는 법 | 쇼펜하우어의 인생론 행복론 | 처세술 | 명언 | 인생의 지혜 | 인간관계,만인의 현인,@엘리야-y7v,"선생님 100% 바른 말씀입니다. 믿을수있는것은 본인 자신 한사람뿐입니다. ""정도를 지키며사는것의 ' 바람직합니다.",90,3,기타,,64,2023-08-29
나이들수록 혼자가 편해지는 이유. 친구 없이 혼자서 행복해지는 방법 ㅣ Ep. 26 책과사람 (서경석 개그맨 1부),책과삶,@BBACKJJANG-v9d,나이 들수록 친구나 사람들이 점점 쓰레기가 되네요 그래서 인연을 끊다보니 주위에 남는 사람이 없어요,90,3,기타,,55,2025-08-24
나이들수록 오히려 혼자가 되면 편합니다. 친구 없어도 잘사는 사람의 특징 (최명기 원장 1부),지식인사이드,@Mediterranean-Sea,요즘 친구없어도 된다는 영상이 왜 자꾸 나에게 뜨지..? 알고리즘이 나 친구 없는 것 눈치챘나🤣,90,0,기타,,54,2023-09-19
인간관계에 지쳐서 혼자가 편한 사람들의 특징,놀면서 배우는 심리학,@이동환-u1b,"집착을 놓으면 편해집니다. 인관관계도 다른 사람에 대한 기대, 내가 이 정도 하면 이런 반응이 있을거라는 기대로 움직이니까... 그냥 어차피 다 떠나갈 때 되면 가는 게 사람들이라고 생각하고, 매년 피는 꽃이 오듯이 인연 따라 오는 사람들과, 지는 꽃처럼 떠나 보낼 사람들과 함께 즐거운 순간을 즐기길 바랍니다.",89,0,자기서사,자기서사|자기참조,174,2025-09-03
점점 혼자가 편한 이유,픽고 PICKGO,@sahra1695,진짜 서로 시간맞추는거 어릴때나 가능하지.. 30대 돼바라... 시간맞추는거 자체가 애매해져서 다 걍 개인플레이됨,89,0,자기서사,자기서사|자기참조,63,2023-12-16
혼자가 편한 사람 특징,픽고 PICKGO,@새우가쟁,나도 카톡 잘 안보는 내향인 이지만 걱정해주고 깊티 줬는데 답장 안하는건 선넘었지,89,1,정체성확인,정체성확인|자기참조,45,2023-04-23
"나이 들수록 혼자가 되어야 하는 이유ㅣ노후에는 혼자가 행복하다ㅣ평생친구는 없다ㅣ인간관계ㅣ쇼펜하우어, 니체, 알베르 카뮈, 루소 명언 인생조언",책사람,@하쿠나마타타-r7h,직장생활에서는 쉽지않네요. 혼자가 너무 좋습니다✨️,89,3,자기서사,자기서사,28,2023-06-26
혼자가 더 편한 회피형 특징,놀면서 배우는 심리학,@lovehj1219,빠른 손절이라고 말씀 하시지만 우리들 나름대로 상대방에게 충분한 기회를 주고 그럼에도 불구하고 안될때 손절합니다,88,3,기타,,62,2025-02-11
나이들수록 오히려 혼자가 되면 편합니다. 친구 없어도 잘사는 사람의 특징 (최명기 원장 1부),지식인사이드,@이백냥,요즘에는 젊든 늙었든 사람과 안엮이고 혼자 사는게 좋다고 생각합니다 세상이 변해서 정신병자나 미친Χ들이 넘많음,88,0,기타,,61,2023-09-18
나이들수록 혼자가 행복한 이유 | 온전한 나로써 행복해지는 법 | 쇼펜하우어의 인생론 행복론 | 처세술 | 명언 | 인생의 지혜 | 인간관계,만인의 현인,@수선화-o3g,나이 들수록 온전한 나로 자유롭게 혼자풍요롭게 살고픈 맘이랍니다 오늘도 감사히 잘 들었습니다 😊,88,0,기타,,54,2023-08-27
혼자가 편한 사람 특징,픽고 PICKGO,@지훈-f2g,아직 관계가 어색한 친구들이랑 있을때 소울리스한 액션 진짜 너무 공감된다,88,0,정체성확인,정체성확인,40,2023-04-22
나이들수록 혼자가 행복한 이유 | 온전한 나로써 행복해지는 법 | 쇼펜하우어의 인생론 행복론 | 처세술 | 명언 | 인생의 지혜 | 인간관계,만인의 현인,@엄지척남팀장,그래여~~❤ 자신과 친구가되자~~,88,0,자기서사,자기서사,18,2023-10-22
나이들수록 혼자가 편해지는 이유. 친구 없이 혼자서 행복해지는 방법 ㅣ Ep. 26 책과사람 (서경석 개그맨 1부),책과삶,@AJOSSI-y1s,친구도 비슷한 수준이어야 잘 어울릴 수 있음. 결국 시간이 지날 수록 혼자가 편하고 그때그때 만나는 시절인연들과 잘 보내면 됨,87,2,자기서사,자기서사|자기참조,70,2025-08-24
"""친구 한 명도 없는 것, 오히려 좋다"" 혼자 있는 시간이 많을수록 점점 똑똑해지는 이유 (이헌주 교수 통합본)",책과삶,@융융-m6d,혼자여행하고다닌뒤론 혼자가 너무편하고 좋음. 외로움은 잠깐이고 그 해방감. 평생혼자여도 좋을거같음,87,0,위안,위안|자기서사|자기참조,54,2025-12-23
"혼자 있을 때 더 편안한 사람, 알고보니 '이 유형' 입니다 (김경일 교수님 통합본)",책과삶,@사랑스런야옹이,주는것도 받는것도 부담돼요ᆢ안주고 않받기가 서로 좋아요,87,0,기타,,30,2026-05-13
나이들수록 혼자가 행복한 이유 | 온전한 나로써 행복해지는 법 | 쇼펜하우어의 인생론 행복론 | 처세술 | 명언 | 인생의 지혜 | 인간관계,만인의 현인,@신엘리사,필요없어지면 10년지기 친구도 날 배신한다ᆢ저도 친구에게 배신당해서 우울하고 화가나서ㅜ,86,4,정체성확인,정체성확인|자기참조,48,2023-10-01
나이들수록 혼자가 행복한 이유 | 온전한 나로써 행복해지는 법 | 쇼펜하우어의 인생론 행복론 | 처세술 | 명언 | 인생의 지혜 | 인간관계,만인의 현인,@smalltitan,아 진짜 그동암 너무 휘둘리고 살었네요 ㅠ 좋는 내용 좋은 말씀 고마워뇨,86,0,기타,,40,2023-08-22
"""친구 한 명도 없는 것, 오히려 좋다"" 혼자 있는 시간이 많을수록 점점 똑똑해지는 이유 (이헌주 교수 통합본)",책과삶,@박해경-x9d,난 내가 젤 편하고 좋아서 스스로 나와 잘 놉니다,86,0,자기참조,자기참조,27,2026-05-06
"진정한 친구가 없어도, 잘사는 사람들의 특징 '3가지' (양창순 박사 2부)",지식인사이드,@경흠-g4t,너무 가깝고 밀첩한 관계의 친구는 나중에 힘들어짐,86,0,기타,,27,2024-02-21
혼자가 더 편한 내향적인 사람의 특징,놀면서 배우는 심리학,@미니-d6k,조금 외로울때도 있는데 그냥 혼자가 편해요,86,0,위안,위안,23,2023-10-17
함께 있어도 혼자 겉도는 사람의 2가지 특징,비치키,@sssrandom-757,"내가 잘 아는 주제라도 호들갑떨지말고 상대방 말에 집중하기 배경지식으로 상대의 좋은 대화상대 되주기, 상대를 평가하지말고 저런사람도 있구나 하기",85,0,자기참조,자기참조,80,2026-01-18
"혼자 있을 때 더 편안한 사람, 알고보니 '이 유형' 입니다 (김경일 교수님 통합본)",책과삶,@그랴_yo,생일은 태어난 그 날이고 왜 매년 그 과거를 기리는지 이해가 안감 평소에 잘 해야지,85,0,지식,지식,46,2026-05-10
"혼자 시간을 보내는 사람이 매력 있는 이유, 외로움을 다루는 방법 (feat.오은영)[인스타그램, 인스타중독, SNS, 오은영, 외로움, 자존감, 우울증]",도서관 오목눈이,@韓国人1,사람에게 상처를 많이 받으면 외로움보다 혼자있는게 훨 낫습니다 😂,85,0,위안,위안,37,2023-10-31
"친구 한 명 없어도 혼자 잘 지내는 사람들의 '3가지' 장점 (최명기 원장, 한석준 아나운서, 이헌주 교수, 김아라 소장)",지식인사이드,@노지호-o1r,"1.겁이없어야 2.나는 맞아 3.일을 끝내려는 성실, 인내력",85,0,자기서사,자기서사|자기참조,33,2024-05-04
"혼자 있을 때 더 편안한 사람, 알고보니 '이 유형' 입니다 (김경일 교수님 통합본)",책과삶,@레모니-c7c,생일에는 그날 나를 낳아주시느라 고생하신 어머니를 생각하고 챙겨드리는 것도 좋은 것 같아요.,84,1,기타,,51,2026-05-27
나이들수록 오히려 혼자가 되면 편합니다. 친구 없어도 잘사는 사람의 특징 (최명기 원장 1부),지식인사이드,@JINEE153,사실 친구라고 하지만 적이 더 많아요 진정한 친구는 한사람으로 족합니다.,84,1,기타,,40,2023-11-07
인간관계에 지쳐서 혼자가 편한 사람들의 특징,놀면서 배우는 심리학,@허정호-v6d,걍 나는 내가 매력없는 사람이라고 생각하기로 했음. 내가 먼저 연락하기전까지는 연락안오다는걸 늦게 알았음. 근데 다행히 내가 슈퍼 I 형인간이라 나쁘지 않음.,83,2,자기서사,자기서사|자기참조,88,2025-09-09
혼자 있을 때 가장 행복한 사람 특징,놀면서 배우는 심리학,@Lassum,그러네요. 내 제일 친한 친구는 바로 나 자신!❤️ 세상에서 제일 좋은 친구를 뒀었네요 ㅎㅎ,83,1,자기참조,자기참조,51,2024-06-18
"나이 들수록 혼자가 되어야 하는 이유ㅣ노후에는 혼자가 행복하다ㅣ평생친구는 없다ㅣ인간관계ㅣ쇼펜하우어, 니체, 알베르 카뮈, 루소 명언 인생조언",책사람,@상호김-e4h,선생님 말씀에 외로운 분들이 좋은말씀 공감하며 실천하시길 바랍며 건강하게 살아갑시다,83,0,위안,위안|정체성확인,46,2023-07-15
"""친구 한 명도 없는 것, 오히려 좋다"" 혼자 있는 시간이 많을수록 점점 똑똑해지는 이유 (이헌주 교수 통합본)",책과삶,@편집계아무거나올림,산책은 매일하려고노력합니다. 그냥 마음이 상쾌해지고 편안해집니다.😊,83,0,기타,,38,2025-12-23
혼자가 더 편한 회피형 특징,놀면서 배우는 심리학,@장클로드반담-r4d,이젠 하다하다 피해자들한테 회피형이라고 감투 씌우네~~~~,83,4,기타,,32,2025-04-26
나이들수록 혼자가 행복한 이유 | 온전한 나로써 행복해지는 법 | 쇼펜하우어의 인생론 행복론 | 처세술 | 명언 | 인생의 지혜 | 인간관계,만인의 현인,@해영-s5k,인생은 홀로서기 ᆢ 배움의 연속이다 ㆍ,83,0,기타,,21,2023-11-30
"나이 들수록 혼자가 되어야 하는 이유ㅣ노후에는 혼자가 행복하다ㅣ평생친구는 없다ㅣ인간관계ㅣ쇼펜하우어, 니체, 알베르 카뮈, 루소 명언 인생조언",책사람,@jguhqg,많은 위로가 됩니다. 감사합니다❤,83,1,위안,위안,18,2023-06-16
혼자가 더 편한 회피형 특징,놀면서 배우는 심리학,@천불올라,회피형이 저런사람이면 유능한거지 회피형은 갈등을 적극적으로 주도적으로 인내를 갖고 소통해서 해결하지 않으려는 인간을 두고 하는말 아님??,82,4,기타,,76,2024-07-31
‼️혼자일 때 (이때가) 진짜 삶을 바꿀 기회다.ㅣ'이혼숙려캠프 상담가' 이호선 숭실사이버대학교 교수ㅣ인생강의,하와이 대저택,@Cutiecutie0905,어쩜 오디오가 1 초도 안 비죠. 시원시원 정말 존경스럽습니다 교수님,82,0,기타,,38,2025-04-15
친구가 없어도 '혼자 잘 지내는' 사람 특징,멘탈케어::힐링 심리학 채널::,@샨또리,이런 사람들은 어떤 일에 대해 함부로 확신하거나 판단하지 않는것 같음 한쪽 얘기만 듣지않고 상대방얘기 여기저기 의견을 조합해서 최대한 객관적이고 논리적으로 판단하려 함 허나 이것도 확신하거나 상대에게 강요하지않음 정답은 더 나은 정답으로 바뀌어 왔다 보이는게 다가 아니다 아는 만큼 보인다 항상 이런 마인드가 깔려 있는듯,81,1,지식,지식|자기참조,179,2022-07-31
나이들수록 혼자가 행복한 이유 | 온전한 나로써 행복해지는 법 | 쇼펜하우어의 인생론 행복론 | 처세술 | 명언 | 인생의 지혜 | 인간관계,만인의 현인,@wonyoungko9120,나이 40에 캐나다 이민가면서 인간관계 다 정리되고 이제 50인데 참 좋습니다. 아직은 아둥바둥 살지만 눈치보지 않고 맘 편히 삽니다,81,0,자기참조,자기참조,74,2024-11-26
"""혼자가 가장 행복하다."" 사람이 굳이 외향적일 필요 없는 이유 (남인숙 작가 통합본)",지식인사이드,@PaPa-gd6zd,의리 우정 그런거 외치는 친구치고 제대로된놈 없다. 허풍이다. 진짜 좋은 친구는 조용히 나를 도와준다.,81,1,기타,,57,2024-09-28
나이들수록 혼자가 행복한 이유 | 온전한 나로써 행복해지는 법 | 쇼펜하우어의 인생론 행복론 | 처세술 | 명언 | 인생의 지혜 | 인간관계,만인의 현인,@김자야-n7c,혼자 지낸다는 것이 바로 파라다이스.,81,3,기타,,20,2023-10-05
나이들수록 혼자가 행복한 이유 | 온전한 나로써 행복해지는 법 | 쇼펜하우어의 인생론 행복론 | 처세술 | 명언 | 인생의 지혜 | 인간관계,만인의 현인,@진진이-w3c,적당한 관계가 피로감이 적다😂😂,81,0,기타,,19,2024-02-24
똑똑한 사람일수록 친구 적고 외로움 덜 타는 이유ㅣ인간설명서 EP.6,지식인사이드,@sbkkokk,친구 필요없어요 말로만 친구고 현실은 뒤통수치는게 뭔 친굽닌까 친구 끊은지 몇년됬는데 너무 좋아요 마누라하고 낚시가고 등산가고 맛있는거 먹으로다니고 그래도 마누라가 최고야,79,0,기타,,95,2025-01-31
가족과 사는 게 즐겁다고? '행복한 사람'은 절대 무작정 결혼하지 않습니다! | 김경일 심리학과 교수 1부,"꿈을 찾는 사람들 강연,강의,강사,꿈찾사",@yolivi5799,정말 인상깊은 강연이네요 생각하지못했던 삶에 대한 통찰을 얻게된것같아요 정말 감사드립니다 저장하고 되새기면서 볼게요,79,0,지식,지식,64,2023-09-23
은지원 명언 l 결혼을 신중하게 해야하는 이유.,멘탈케어::힐링 심리학 채널::,@wlrnsmsrkadhr,예능에서 까불고 바보같은 모습을 보여도 호감형으로 남기가 솔직히 쉽지 않은데 은지원은 그걸 해냄.,79,0,기타,,54,2024-04-30
나이들수록 혼자가 편해지는 이유. 친구 없이 혼자서 행복해지는 방법 ㅣ Ep. 26 책과사람 (서경석 개그맨 1부),책과삶,@skgjheifjijisa,"잘훈련된 아나운서의 진행이 그리운 요즘, 굉장히 안정된 진행이 역시 최고. 듣고 보기 너무 좋다",79,0,기타,,53,2025-08-24
"""친구 한 명도 없는 것, 오히려 좋다"" 혼자 있는 시간이 많을수록 점점 똑똑해지는 이유 (이헌주 교수 통합본)",책과삶,@narockdorock-p5d,평생혼자고싶다 개행복함,79,0,자기서사,자기서사,12,2025-12-22
가족과 사는 게 즐겁다고? '행복한 사람'은 절대 무작정 결혼하지 않습니다! | 김경일 심리학과 교수 1부,"꿈을 찾는 사람들 강연,강의,강사,꿈찾사",@user-h5c9r,잠시 혼자 지내고 있는데 악기 배우고 운동하고 좋은 강의 듣고 등등 나에게 집중할 수 있어서 정말 좋음.,78,0,지식,지식,58,2023-09-22
함께 있어도 혼자 겉도는 사람의 2가지 특징,비치키,@늑-z1e,약한 사람일수록 몰려다니는법 호랑이가 몰려다니는걸 본적 있는가,78,2,기타,,34,2026-01-17
혼자 있는 게 편하다는 사람들의 진짜 속마음ㅣ지식인초대석 EP.65 (박재연 소장 2부),지식인사이드,@영차-c6t,솔직히 저는 인간관계에 다 지쳐 있어서... 아무것도 하기 싫고 밖에 나가고 싶지도 않고 그냥 쉬고싶다는 생각뿐이네요 쉬는날도 잠만자고 내가 밖에 나가는 이유는 오로지 금전적 문제 돈 문제이고 누군가와 싸우기도 친해지기도 싫고 집에서 나갈때 가면을 쓰고 나가는 느낌 그냥 다 지친느낌...이네요,77,1,자기서사,자기서사|자기참조,164,2025-09-23
혼자 있는 게 더 편한 사람 외향인도 내향인도 아닌 '이 유형' 입니다 ㅣ Ep. 책과사람 70 (김경일 교수님 1부),책과삶,@user-tv3cf3mr,자기가 태어난 날 감사히 생각할 뿐 굳이 생일축하 행사할 필요가 있을까요 평소 된장국 끓인다면 생일 하루 미역국으로 바꾸고 감사히 먹습니다,77,0,기타,,77,2026-04-03
"""친구 한 명도 없는 것, 오히려 좋다"" 혼자 있는 시간이 많을수록 점점 똑똑해지는 이유 (이헌주 교수 통합본)",책과삶,@수연-e3k,서로가 부족한 인간들끼리 만나봐야 그 뒷맛은 늘 씁쓸..인간관계에 연연하지 않는게 행복의 지름길,77,0,기타,,53,2026-01-24
혼자가 더 편한 내향적인 사람의 특징,놀면서 배우는 심리학,@lingeringquestions-r3u,혼자서도 잘지내고 사람들과도 잘 지내고 싶지만 현실은 사람들과 있으면 불편합니다. 가족만 편해요,77,2,자기서사,자기서사,53,2023-10-18
나이들수록 오히려 혼자가 되면 편합니다. 친구 없어도 잘사는 사람의 특징 (최명기 원장 1부),지식인사이드,@세이리001,친구가 없어도 혼자 할거리가 많다 굳이 싫은 사람 불편한 사람까지 다 만날 필요는 없다,77,1,자기서사,자기서사,48,2023-09-21
가족과 사는 게 즐겁다고? '행복한 사람'은 절대 무작정 결혼하지 않습니다! | 김경일 심리학과 교수 1부,"꿈을 찾는 사람들 강연,강의,강사,꿈찾사",@user-x7z0r89m0,가족여행이 재미없는 게 정상이었군요. ㅋㅋㅋㅋㅋㅋㅋㅋㅋㅋㅋㅋㅋ,77,3,자기서사,자기서사,34,2023-04-10
혼자가 더 편한 회피형 특징,놀면서 배우는 심리학,@Vbnm0112,왜 회피형이 나쁜것처럼 된거지? 세상에 호구가 많이 필요한건가,76,7,기타,,34,2024-08-02
친구가 없어도 '혼자 잘 지내는' 사람 특징,멘탈케어::힐링 심리학 채널::,@손동동-k9f,혼자서는 못사는사람들은 절대만나면안됩니다.,76,0,기타,,23,2022-08-04
점점 혼자가 편한 이유,픽고 PICKGO,@구구-m8z,나 중학교때 학원에서 어떤 여자애 옆자리가 비어있었는데 거기 안앉고 다른자리에 혼자 앉았다가 걔가 그 일로 나한테 서운했다고 뒷말까고다닌거 들음.. 그정도로 친한사이도 아니었고 가방 옆에 두려면 혼자 앉는게 편해서 그랬는데 그게 그렇게 다른친구한테 고민이라며 뒤에서 내 욕할만한 일이었나 싶음ㅋㅋㅋ 결국 그날이후로 나도 걔가 이해안되고 불편해서 진심 멀리하게됨.,75,0,자기서사,정체성확인|자기서사|자기참조,202,2024-04-16
나이들수록 혼자가 편해지는 이유. 친구 없이 혼자서 행복해지는 방법 ㅣ Ep. 26 책과사람 (서경석 개그맨 1부),책과삶,@hachiya119,미국에서 매년 오는 동창을 하루 풀코스 대접하고 모친상도 먼저 달려갔지만 그후로 한번도 안오고 카톡도 없는 친구야 잘 지내라 나한테만 네가 베프였구나😊,75,4,기타,,85,2025-08-26
가족과 사는 게 즐겁다고? '행복한 사람'은 절대 무작정 결혼하지 않습니다! | 김경일 심리학과 교수 1부,"꿈을 찾는 사람들 강연,강의,강사,꿈찾사",@miny313,가족이 싫어 비혼으로 살다가 착한 신랑 만나 안정감을 누리게 되었습니다. 누굴 만나느냐 그리고 나에게 맞는 안정감을 찾는게 현명할것 같아요.,75,0,자기서사,자기서사,78,2023-09-20
함께 있어도 혼자 겉도는 사람의 2가지 특징,비치키,@Happpy_2_2,사적으로 만난 사람들은 편하고 나답게 하는데 공적으로 만난 사람들한테는 뭔가 더 조심하게 행동해서 그런지 친해져도 내 본모습이 안나옴 ㅠㅠ,75,0,자기참조,자기참조,77,2026-01-17
"친구 한 명 없어도 혼자 잘 지내는 사람들의 '3가지' 장점 (최명기 원장, 한석준 아나운서, 이헌주 교수, 김아라 소장)",지식인사이드,@옥화이-r5j,나이가 들면서 혼자만의 시간을 즐길 수 있는 방법을 찾아가는 마음의공부가 중요한것같아요.,75,0,지식,지식,49,2024-05-04
"""혼자가 가장 행복하다."" 사람이 굳이 외향적일 필요 없는 이유 (남인숙 작가 통합본)",지식인사이드,@snowkoko9996,인간 관계에도 노력이 필요한 것 같아요. 제가 특별하다 난 먼지 하나 안나온다는 의미는 아니고요. 성향? 성격 차이 같은데.. 전 밥 먹고 차 마시고 산책가거나 등산 운동 영화보기 이런 것들이 좋은데 주변에 친구들은 술 마시고 또 술 마시고 남자 얘기 여자 얘기 등등.. 적지 않은 나이라 생각하는데.. 아직도 험담하고 말 전달하고 그걸 즐기는 친구들.. 거기서 제 스스로 상대를 평가하게 되고 실망감과 함께 정말 재미없고 흥미없지만 만나면 흥미있는 척 재미있는 척 웃고 있으니 에너지가 금방 고갈되고 그 시간이 결코 헛된 시간이라 생각하지 않지만.. 제 성격에는 힘이 듭니다..,74,2,자기서사,자기서사|자기참조,324,2024-09-28
혼자 있는게 더 행복한 사람의 특징,놀면서 배우는 심리학,@바람소리-n4l,"자기 주장이 강하고, 관심 받기 좋아하는 성향의 사람이 주변에 있으면 힘들다. 맞춰주면 평화롭지만 기빨리고 피곤하다. 조금씩 손해보면 괜찮을텐데 깍쟁이처럼 철저하게 챙기는 걸 자랑스러워하고 가르치려는 사람들로부터 멀어져 혼자있는게 좋다.",74,0,기타,,132,2024-05-20
점점 혼자가 편한 이유,픽고 PICKGO,@srugiru_daily,"혼자 다니는 거 한번 중독되면 못 끊습니다요..? 혼자 밥먹는 게 젤루 좋아요! 먹고 싶은 거, 먹고 싶은 속도대로 먹을 수도 있고~ 아무 말없이 멍때리면서 먹을 수도 있고~ 나이들면 들수록 혼자 하는 게 더 좋아지는 것 같아요🤣",74,0,기타,,129,2024-02-02
은지원 명언 l 결혼을 신중하게 해야하는 이유.,멘탈케어::힐링 심리학 채널::,@레쓰비s,정상적인 결혼이라면 집에 있을때 굳이 말을하지 않아도 그저 옆에만 있어도 나에게 주는 편안함... 이게 정상이지. 집이 불편하면 이혼하는게 맞음. ㄹㅇ같이 살 필요없음,74,0,자기서사,자기서사|자기참조,93,2024-04-08
혼자가 더 편한 회피형 특징,놀면서 배우는 심리학,@undertopinion,"최근 회피형이 많아진 데는 사회 전반적인 이유가 있겠지만, 나르시시스트도 많아지고 나르에 대한 정보도 급격하게 증가한 것도 하나의 중요한 원인이지 않을까 싶습니다.",74,1,기타,,91,2024-08-01
"""혼자가 가장 행복하다."" 사람이 굳이 외향적일 필요 없는 이유 (남인숙 작가 통합본)",지식인사이드,@Digital_Nomad_1004,"_사회적으로 유명인사 이거나, 자기 분야에서 인정받는 대다수의 사람들 중에는 내성적인 사람이 더 많음_",74,0,정체성확인,정체성확인,57,2024-09-28
혼자 있는 게 더 편한 사람 외향인도 내향인도 아닌 '이 유형' 입니다 ㅣ Ep. 책과사람 70 (김경일 교수님 1부),책과삶,@lo0o0ok56,이분법이 전부가 아닌건 알았지만 이렇게 나랑 닮은 개념을 드디어 찾았다.,74,1,지식,지식,40,2026-04-03
나이들수록 혼자가 편해지는 이유. 친구 없이 혼자서 행복해지는 방법 ㅣ Ep. 26 책과사람 (서경석 개그맨 1부),책과삶,@홍식-l5k,서경석님 감사해요~ 김재원님 세련된 입담 감사합니다~^^😊❤,74,0,위안,위안,34,2025-08-23
똑똑한 사람일수록 친구 적고 외로움 덜 타는 이유ㅣ인간설명서 EP.6,지식인사이드,@강명석-p4b,장례식장도 곧 무인으로 돌아갈 시대임...,74,0,자기참조,자기참조,23,2025-11-25
혼자 살다가 행복하게 죽는 5가지 방법 #삶의지혜 #행복한노후 #100세시대,골든가이드,@강호-w1n,"사람은 누구나 죽을 때 혼자 죽는데 외로운 죽음, 쓸쓸한 죽음이라니요? 그건 주변에 살아있는 산 사람들이 느끼는 감정일뿐입니다.",73,1,위안,위안,71,2025-09-23
혼자 있는 게 편하다는 사람들의 진짜 속마음ㅣ지식인초대석 EP.65 (박재연 소장 2부),지식인사이드,@Jkjkjklearning,"분명 뭐 혼자가 되는 순간은 있었지만, 버려졌다고 생각하진 않아요. 회피하는게 아니라 진짜 혼자가 편한 사람도 있어요 !",73,1,기타,,67,2025-09-21
"""친구 한 명도 없는 것, 오히려 좋다"" 혼자 있는 시간이 많을수록 점점 똑똑해지는 이유 (이헌주 교수 통합본)",책과삶,@tea-g5u1m,내가 혼자여야 뭐든 잘하고 발전하는데 더 잘해보자고 모임이나 그룹에 들어가면 오히려 산란해지고 망치더라.,73,0,자기참조,자기참조,58,2025-12-23
혼자 있는게 더 행복한 사람의 특징,놀면서 배우는 심리학,@다이룸-i4k,은둔형 외톨이가 스스로 행복한데 왜 사회적 성취나 인정을 받아야 하나요? 뭐가 문제죠? 남들이 인정안해도 본인이 행복한데,72,3,정체성확인,정체성확인,67,2024-05-11
"친구 한 명 없어도 혼자 잘 지내는 사람들의 '3가지' 장점 (최명기 원장, 한석준 아나운서, 이헌주 교수, 김아라 소장)",지식인사이드,@하정희-b8g,사람은 자주 만나다보면 선을 넘을 때도 있고 상처주고 본의아니게 상처 받고 하기때문에 인간 관계 그냥두라,72,0,기타,,58,2024-05-05
똑똑한 사람일수록 친구 적고 외로움 덜 타는 이유ㅣ인간설명서 EP.6,지식인사이드,@우주별똥별-m6d,특히 요즘은 혼자놀기가 너무 좋은듯. 잼나는 인생.혼자서 즐겁게 삽시다.,72,0,자기서사,자기서사|자기참조,40,2024-12-23
혼자서 잘 사는 사람 특징,놀면서 배우는 심리학,@spring-z7p,"옷 사러, 옷 바꾸러, 시장 보러.. 그걸 왜 매번 누구하고 같이 가야 되나. 아무리 친해도 하루를 운용하는 자기 방식과 기준이 있는 건데. 좀 친해졌다고 상대방 시간이 자기 공공재인양 너무 불러내고 연락하는 사람 비매너고 매력 없음. 나이 들수록 만나서 할 얘기 있으면 만나자. 할 얘기 있으려면 평소 내실도 좀 다지고. 4.50 넘어서도 남 뒷담화, 시가 사람들 얘기, 자식 얘기, 연얘인 얘기..너무 영양가 없지 않나. 잘 생각해 봐.오래 떠들어도 거기에 자기 얘기는 없잖아..?",70,0,기타,,271,2024-12-19
나이들수록 오히려 혼자가 되면 편합니다. 친구 없어도 잘사는 사람의 특징 (최명기 원장 1부),지식인사이드,@인간종량제-q1c,부모님이고 와이프고 자식이고 친구고 모두 환상이지.영원한건 업다. 틀어지면 다 떨어져나가는 결국 인간관계다. 그나마 모든 관계중 가장 끈끈한 관계는 자식을 향한 부모의 맘이 아닐까싶다.,70,0,기타,,103,2024-04-10
혼자가 더 편한 내향적인 사람의 특징,놀면서 배우는 심리학,@놀심,쇼츠 영상 하단의 ▶ 버튼을 누르면 '풀버전 영상으로' 바로가기 하실 수 있으니 참고해주세요.,70,4,기타,,52,2023-10-21
"나이 들수록 혼자가 되어야 하는 이유ㅣ노후에는 혼자가 행복하다ㅣ평생친구는 없다ㅣ인간관계ㅣ쇼펜하우어, 니체, 알베르 카뮈, 루소 명언 인생조언",책사람,@다은향-u3p,"선생님 천번만번 너무나 옳으신말씀입니다. 고독, 혼자가 자유롭고, 좋고 식사도 맛납니다~^♡^",70,3,기타,,52,2023-07-30
가족과 사는 게 즐겁다고? '행복한 사람'은 절대 무작정 결혼하지 않습니다! | 김경일 심리학과 교수 1부,"꿈을 찾는 사람들 강연,강의,강사,꿈찾사",@qpwoeiruty-x6o,옛날에는 혼자 놀거리가 많이 없었지만 지금은 집에서도 혼자 볼거리 놀거리가 천지임,70,2,자기참조,자기참조,45,2023-09-23
"진정한 친구가 없어도, 잘사는 사람들의 특징 '3가지' (양창순 박사 2부)",지식인사이드,@김경아-l9j,남편 아내가 친구라함은 잘살았다라고 할수있네요 부러워욤 ㅎㅎ,70,1,자기참조,자기참조,33,2023-12-14
"진정한 친구가 없어도, 잘사는 사람들의 특징 '3가지' (양창순 박사 2부)",지식인사이드,@사랑이-e3v2o,혼자가 편해요 남의말 듣기도 하기도 피곤해요,70,0,기타,,24,2024-03-24
"""혼자가 가장 행복하다."" 사람이 굳이 외향적일 필요 없는 이유 (남인숙 작가 통합본)",지식인사이드,@senabu-class,"너무 공감합니다. 교실에서도 쉬는 시간, 점심 시간에 나가 놀지 않고 혼자 있는 아이들이 있어요. 제가 보기엔 그 아이는 정말 혼자가 행복해 보이고, 혼자 조용히 그림그리거나 종이접기하면서 시간을 보내는데, 부모님들께서는 아이가 쉬는 시간에 친구들과 놀지 않고 혼자 있는 걸 걱정스러워하세요. 아마 외향적인 부모님입장에서 볼 때는 내향적인 자녀가 혼자 있는 게 친구들과 어울리지 못하고 따돌림을 받는게 아닌가 해서 걱정하시는 것 같아요. 그런데 그게 아니라 정말 '혼자가 행복한 아이'도 있다는 것을 알아주시면 부모님도 아이도 조금 마음이 편하실 것 같아요.",69,3,자기서사,위안|정체성확인|자기서사|자기참조,312,2024-09-30
"나이 들수록 혼자가 되어야 하는 이유ㅣ노후에는 혼자가 행복하다ㅣ평생친구는 없다ㅣ인간관계ㅣ쇼펜하우어, 니체, 알베르 카뮈, 루소 명언 인생조언",책사람,@Trot79,"100번 1,000번 동감합니다 그래서 저는 혼자 살고 있습니다 혼자 그냥 뭐 자유롭게 방은 조금 월세 반지 하지 마 최고입니다 진짜 백 번 천 번 맞는 말씀입니다 축복합니다 감사합니다❤❤❤",69,1,위안,위안|자기서사|자기참조,106,2023-08-01
혼자 있는 게 더 편한 사람 외향인도 내향인도 아닌 '이 유형' 입니다 ㅣ Ep. 책과사람 70 (김경일 교수님 1부),책과삶,@라벤다-v7v,이향인 제 이야기 같아서 책 구매해서 보고싶네요 ISFJ 최고 앞 자리보다 참모 자리가 편한건 내가 리더 되었을 때 나 만큼 나에게 참모역할을 해 주는 사람이 없기 때문.,69,0,자기참조,자기참조,95,2026-04-03
"""혼자가 가장 행복하다."" 사람이 굳이 외향적일 필요 없는 이유 (남인숙 작가 통합본)",지식인사이드,@user-raudinis_jini,쇼팬아우어:나이들수록 인간관계는 매우의미없어진다,69,0,기타,,26,2024-09-28
나이들수록 오히려 혼자가 되면 편합니다. 친구 없어도 잘사는 사람의 특징 (최명기 원장 1부),지식인사이드,@한국남자-f9j,얻을거 없으면 결국 연락 없어지고 떨어져 나갑니다 조금씩 친구란 명목으로 돈빌리던 어릴적 부랄친구도 얻을것 없어지자 연락이 끊깁니다 부질없습니다,68,0,기타,,80,2023-09-18
혼자 있는 게 더 편한 사람 외향인도 내향인도 아닌 '이 유형' 입니다 ㅣ Ep. 책과사람 70 (김경일 교수님 1부),책과삶,@파랑우니콘,제가 이향인이었네요ㅜ 오늘 비로소 자유로워졌어요ㅡㅜㅜ 감사합니다ㅡㅠㅜㅜ,68,0,위안,위안|자기서사|자기참조,39,2026-04-03
‼️혼자일 때 (이때가) 진짜 삶을 바꿀 기회다.ㅣ'이혼숙려캠프 상담가' 이호선 숭실사이버대학교 교수ㅣ인생강의,하와이 대저택,@hh8548,고독을 즐기는 사람은 인생의 중심에 자신이 있다 오늘도 감사합니다,68,0,위안,위안,36,2025-05-02
"혼자 있을 때 더 편안한 사람, 알고보니 '이 유형' 입니다 (김경일 교수님 통합본)",책과삶,@jooeunlee3410,와우. 저는 늘 내 생일을 왜 꼭 챙겨야 하나...생각하며 살아오는 사람이여서 본인 생일 한 달씩 하는 사람 보며 난 왜 그들만큼나의 탄생에 왜 큰 의미를 두지 않는가 생각해 왔죠. 어느 모임에나 잘 참석해서 즐기지만 늘 그 모임을 전체적으로 조망하고 있는 느낌을 받아왔죠. 밖에서는 역할 수행이 중요하고 그래서 혼자있는 시간에는 온전히 나와 놀고 나를 생각한답니다. 99.99 이향인^^,67,0,자기서사,자기서사|자기참조,217,2026-05-01
나이들수록 오히려 혼자가 되면 편합니다. 친구 없어도 잘사는 사람의 특징 (최명기 원장 1부),지식인사이드,@야미-x2b,친구? 결국 경쟁관계이다 속으론 은근시기질투하는 별것 아니면 은근 무시하는,67,1,기타,,41,2023-09-18
"혼자 있을 때 더 편안한 사람, 알고보니 '이 유형' 입니다 (김경일 교수님 통합본)",책과삶,@눈누난나-o6k-n6c,주고받는 자체가 귀찮고 날 챙기는것도 귀찮....,67,0,기타,,27,2026-05-09
함께 있어도 혼자 겉도는 사람의 2가지 특징,비치키,@릴리릴리-t6y,몰라 샤갈.. 개피곤해 혼자 살지 뭐..,67,0,기타,,22,2026-01-17
"진정한 친구가 없어도, 잘사는 사람들의 특징 '3가지' (양창순 박사 2부)",지식인사이드,@shung0209,우와 진짜 시간가는줄 모르고 너무 재미있게 잘 봤습니다. 최고의 강의였습니다. 제 안목을 넓힐 수 있는 좋은 기회였습니다.,66,1,자기참조,자기참조,68,2023-12-14
똑똑한 사람일수록 친구 적고 외로움 덜 타는 이유ㅣ인간설명서 EP.6,지식인사이드,@davidjeong5416,"굳이 억지로 친구만나서 얘기하는것보다,, 혼자 조용히 카페에서 커피마시면서 책보고,, 산책하는게 기쁨입니다.",66,0,반박,반박,60,2025-07-13
나이들수록 혼자가 행복한 이유 | 온전한 나로써 행복해지는 법 | 쇼펜하우어의 인생론 행복론 | 처세술 | 명언 | 인생의 지혜 | 인간관계,만인의 현인,@lyt3000,잘나가다 한방에 당하니 자연히 혼자 되고 그래서 자유를 얻었다..감사할 뿐이다. 더 풍요롭고 자유롭다ㅎ,66,0,기타,,57,2023-09-03
혼자가 더 편한 내향적인 사람의 특징,놀면서 배우는 심리학,@내란용역윤건희,외향적인사람과는 한달에 한번만 만나도 일년치 기가 다 빨리는것 같아서 걍 혼자가 좋네여..,66,0,정체성확인,정체성확인|자기참조,50,2023-10-29
함께 있어도 혼자 겉도는 사람의 2가지 특징,비치키,@짭제온,INTJ 여러분은 그냥 그게 좋은거라서 그러니까 나가셔도 됩니다,66,4,기타,,35,2026-01-17
혼자가 더 편한 회피형 특징,놀면서 배우는 심리학,@꽁깜딱,난데? ㅋㅋ 글고 잘못된거 아니에요. 사람마다 성향이 다른거지.,66,1,기타,,35,2024-07-31
혼자 있는 게 더 편한 사람 외향인도 내향인도 아닌 '이 유형' 입니다 ㅣ Ep. 책과사람 70 (김경일 교수님 1부),책과삶,@김경호-g9b,딱 나네.....,66,0,정체성확인,정체성확인,9,2026-04-03
혼자가 더 편한 회피형 특징,놀면서 배우는 심리학,@lovelyyy9260,답답한 회피형이라고 단언을 하시네요;; 인생을 길게 살아보니 저게 맞다고 생각해요. 저는 요즘 그렇게 살아요. 제 자신을 위해서요. 남한테 도와달라고 해봤자 그 더이상을 해줘야 하는 상황들이 생기더라고요. 관계.. 구지 그 관계속에서 답을 찾아야하나 회의감만 더 들던대.,65,4,자기서사,자기서사|자기참조,151,2024-08-03
"진정한 친구가 없어도, 잘사는 사람들의 특징 '3가지' (양창순 박사 2부)",지식인사이드,@korea96694676,내자식 내남편도 맘에 안드는데 하물며 친구도 마찬가지죠 크게 생각해볼 때 사람관계는 별것없어요 적당한 거리를두고 보는 것 가족도 마찬가지 너무 간섭하며 멀어지고 불편해집니다 서로 피해안주고 싫다는 것 안하면 좋은 관계라 생각드네요,65,1,자기서사,자기서사,128,2024-04-16
"나이 들수록 혼자가 되어야 하는 이유ㅣ노후에는 혼자가 행복하다ㅣ평생친구는 없다ㅣ인간관계ㅣ쇼펜하우어, 니체, 알베르 카뮈, 루소 명언 인생조언",책사람,@kyseong,"할 게 너무 많고, 읽고 싶은 것도 너무 많고, 배우고 싶은 것도 너무 많아서 하루하루 즐거운 데 괜히 모임에 나가서 시간 낭비할 필요 없다.",65,2,지식,지식,79,2023-07-28
혼자 살다가 행복하게 죽는 5가지 방법 #삶의지혜 #행복한노후 #100세시대,골든가이드,@마음비우기-k6q,인간관계들 거의 정리해가고 있어요. 오랜친구정리할때 내마음은 허탈했고 허전했죠. 새로운인연은절대 안맺을생각임.,65,4,지식,지식|자기참조,61,2025-08-04
은지원 명언 l 결혼을 신중하게 해야하는 이유.,멘탈케어::힐링 심리학 채널::,@스우쉬,‘갸셨으면 잘 살기라도 하지’ ㅋㅋㅋㅋㅋㅋㅋㅋㅋㅋㅋㅋㅋㅋㅋㅋㅋㅋㅋㅋㅋ 팬이 더 악독하다ㅋㅋㅋㅋㅋㅋ,65,0,기타,,54,2025-02-18
"""친구 한 명도 없는 것, 오히려 좋다"" 혼자 있는 시간이 많을수록 점점 똑똑해지는 이유 (이헌주 교수 통합본)",책과삶,@신승연-c4m,아무리 좋을 사람도 자주 만나면 갈등이 생깁니다 적당한 거리를 두어야하는게 나아요,65,2,기타,,45,2026-01-03
나이들수록 혼자가 행복한 이유 | 온전한 나로써 행복해지는 법 | 쇼펜하우어의 인생론 행복론 | 처세술 | 명언 | 인생의 지혜 | 인간관계,만인의 현인,@urotc,구구절절 옳으신 말씀입니다 쇼펜하우어의 지혜를 새기고 또 새기겠습니다 감사합니다,65,0,위안,위안,44,2023-08-27
"""친구 한 명도 없는 것, 오히려 좋다"" 혼자 있는 시간이 많을수록 점점 똑똑해지는 이유 (이헌주 교수 통합본)",책과삶,@Wowwow-wl3kx,세상은 지능보단 꾸준함으로 발전했다 지능있는 사람이 꾸준하면 best,65,0,기타,,38,2025-12-22
나이들수록 혼자가 행복한 이유 | 온전한 나로써 행복해지는 법 | 쇼펜하우어의 인생론 행복론 | 처세술 | 명언 | 인생의 지혜 | 인간관계,만인의 현인,@leahj9564,사람을 만나고 오면 오히려 화가남.,65,5,기타,,19,2025-07-22
‼️혼자일 때 (이때가) 진짜 삶을 바꿀 기회다.ㅣ'이혼숙려캠프 상담가' 이호선 숭실사이버대학교 교수ㅣ인생강의,하와이 대저택,@재휘-p3b,혼자가 젤 편안한것 같아요,65,0,기타,,14,2025-04-13
인간관계에 지쳐서 혼자가 편한 사람들의 특징,놀면서 배우는 심리학,@박정민-t5l,대부분이 이기적이라 능력이던 재능이던 자리이던 재물이던지 자기에게 도움이 되고 유익이 되면 자꾸 이용하려 드는데 그러지 맙시다 순수하고 좋은 마음으로 선을 베푸는데 이용하려 들거나 감씨처럼 빼먹으려 들지만 않아도 이리 지치지 않죠 그들의 인정 나의 기대치가 문제가 아니라 분별 감식 하느라 기가 분산 됩니다.,64,1,자기서사,지식|정체성확인|자기서사|자기참조,172,2025-09-02
가족과 사는 게 즐겁다고? '행복한 사람'은 절대 무작정 결혼하지 않습니다! | 김경일 심리학과 교수 1부,"꿈을 찾는 사람들 강연,강의,강사,꿈찾사",@Dartmouth2010,애초에 태어나지않은게 제일 행복할거야ㆍ 태어난순간부터 고통시작임ㆍ인간의 삶이란게 죽음이란 종착역으로 1%의행복 99%의 고통을 가지고 버티는 것일뿐ㆍ인간이 인간의 삶을 이래라 저래라 가르치는것 자체가 넌센스임ㆍ진짜 신이 있다면 모를까ㆍㆍ,64,6,기타,,132,2023-09-22
‼️혼자일 때 (이때가) 진짜 삶을 바꿀 기회다.ㅣ'이혼숙려캠프 상담가' 이호선 숭실사이버대학교 교수ㅣ인생강의,하와이 대저택,@자유인-c4e,자신을 소중히 여기며 자신만을 위한 삶을 사는게 정답이다,64,0,기타,,31,2025-04-11
혼자가 편한 사람 특징 | 위로 | 동기부여 | 인생조언 | 명언 | 좋은글귀,인생한줄,@김희선-r2y,저두요 딱 이네요 집에있을 때 젤 편하다ㅎㅎ,64,1,기타,,24,2025-03-27
혼자가 편한 사람 특징 | 위로 | 동기부여 | 인생조언 | 명언 | 좋은글귀,인생한줄,@진-y5s,바로 저예유 👍👍👍,64,4,기타,,13,2025-03-24
혼자가 편한 사람 특징,픽고 PICKGO,@for_what_or,"우리나라도 개개인의 다름을 존중하는 사회가 되었으면 합니다. 어느나라건 성격이 제각각인 사람이 있기 마련인데, 한국은 유독 그런것들을 그룹화 하거나 특정 집단으로 몰아가서 결국엔 쓸데없이 피곤한 정치질로 번지는게 사회적으로 큰 독이라고 생각함 애초에 개인주의 문화를 제대로 받아들이진 못했다고 생각이 들기도 하고, 사유(느린 사고)와 대화를 중시하지 않는 문화권 이다보니 인간에 대한 연구나 성찰이 다소 떨어지는면도 분명히 존재한다고 생각됨 그래도 차츰 나아져 가길 희망함",63,2,자기참조,자기참조,264,2023-04-22
혼자가 더 편한 회피형 특징,놀면서 배우는 심리학,@독고수리,특히 돈빌려주고 빌리는것도 정말 싫어함 혹시나 단체로 뭐하는 상황에 실수로 지불수단 안가져가서 빌리게 되면 폰 손에들어오자마자 최단시간내에 송금함 돈을 빌렸다는 상황자체가 ㅈㄴ 맘이 불편해,63,2,자기참조,자기참조,105,2025-02-17
나이들수록 혼자가 행복한 이유 | 온전한 나로써 행복해지는 법 | 쇼펜하우어의 인생론 행복론 | 처세술 | 명언 | 인생의 지혜 | 인간관계,만인의 현인,@들꽃0107,언젠가부터 혼자 고독을 즐깁니다 맘의 평안함이 좋습니다 쇼펜하우어를 통해 지금의 소확행이 최선임을 확인합니다 감사드립니다,63,1,기타,,67,2023-11-19
혼자가 편한 사람 특징,픽고 PICKGO,@하늘별바다7,어우...보경이처럼 중간에서 말전하는 사람이 제일 별로 왜 설쳐서 말을 전해,63,0,기타,,42,2023-04-22
"나이 들수록 혼자가 되어야 하는 이유ㅣ노후에는 혼자가 행복하다ㅣ평생친구는 없다ㅣ인간관계ㅣ쇼펜하우어, 니체, 알베르 카뮈, 루소 명언 인생조언",책사람,@daenggi83,외로워서 인연을 만나지 말라는 말씀이군요.,63,2,위안,위안,23,2023-06-13
혼자가 더 편한 회피형 특징,놀면서 배우는 심리학,@여니여니-c7g,회피하는 사람은 상처를 많이 받아서 입니다,63,0,기타,,23,2025-02-16
친구가 없어도 '혼자 잘 지내는' 사람 특징,멘탈케어::힐링 심리학 채널::,@lovebellygom,1..그 누구보다 내 자신을 내가 잘 알고 있고 내 장.단점과 남들의 장.단점도 인정하고 내 자신에 확신이 있어서 남의 말에 흔들리지 않아요 2..제가 할수 있는것과 아닌것 구분이 딱 되어 있고 현실적인 면이 탁월해서 포기할건 빨리 포기하고 잘할수 있는것에 에너지를 쓰는 타입인 것이 바로 저 입니다 영상을 보면서 와~~ 나와 많이 비슷한 이야기를 영상으로 만드셨네 싶은것이 반가웠어요 어릴때부터 이 성격은 아니였지요 정반대 성격이였는데 나이를 먹으면서 변한 경우랍니다,62,1,자기서사,정체성확인|자기서사|자기참조,262,2022-07-31
혼자 살다가 행복하게 죽는 5가지 방법 #삶의지혜 #행복한노후 #100세시대,골든가이드,@xuinqi8548,"30대인데, 결혼,연애 생각없고 사람 만나는 거 귀찮고 제가 좋아하는 취미,공부하는 것이 행복하네요// 직장생활 하면서 제 인생에 이래저래 간섭하는 사람들 겪다보니, 그냥 사람 자체가 싫어진것 같아요",62,7,자기서사,지식|자기서사|자기참조,111,2025-08-16
나이들수록 오히려 혼자가 되면 편합니다. 친구 없어도 잘사는 사람의 특징 (최명기 원장 1부),지식인사이드,@eyre6845해밀,삼십년 가까이 살고있는 배우자도 좋네 싫네 하는판에 진실된 친구는 무슨ㅎ 친구란 한때의 순수했던때. 그때의 추억이 좋은거지 나이들면서 저절로 멀어지고 사람 자체가 귀찮아짐,62,0,기타,,95,2023-12-11
"친구 한 명 없어도 혼자 잘 지내는 사람들의 '3가지' 장점 (최명기 원장, 한석준 아나운서, 이헌주 교수, 김아라 소장)",지식인사이드,@서미경-k5p,혼자 1년 정도 3시간 정도 들여서 산을 매일 올랐는데 스스로 강해지는 과정이었나봐요. 그 과정을 거친후 내 삶이 더 단단해졌어요. 지금의 심리상태가 무척 좋아요.,62,0,자기참조,자기참조,91,2024-05-10
가족과 사는 게 즐겁다고? '행복한 사람'은 절대 무작정 결혼하지 않습니다! | 김경일 심리학과 교수 1부,"꿈을 찾는 사람들 강연,강의,강사,꿈찾사",@Alice_pietondelair,"독립한지 오래됬지만 부모님이랑 살때도 편안한건 내방에 혼자 문닫고 있을때였지, 부모님이랑 편안했던적은 거의없던거 같다. 공부안한다 뭐안한다 잔소리듣는게 일이었지.",62,0,지식,지식,90,2023-10-15
나이들수록 혼자가 행복한 이유 | 온전한 나로써 행복해지는 법 | 쇼펜하우어의 인생론 행복론 | 처세술 | 명언 | 인생의 지혜 | 인간관계,만인의 현인,@smile_cheese,외로움 잘 타는 분들 이해는 가는데 자기들이 외롭다고 자꾸 사람 만나라고 강요하는 거 보면 사람 만나기 더 싫어지고 인간혐오 생김,62,6,위안,위안,72,2024-03-03
똑똑한 사람일수록 친구 적고 외로움 덜 타는 이유ㅣ인간설명서 EP.6,지식인사이드,@Love-is-rain,똑똑한 사람은 자신의 내면이 풍부하기에 굳이 불편한 사람을 만나지 않음,62,1,기타,,39,2025-01-15
혼자가 더 편한 회피형 특징,놀면서 배우는 심리학,@강달이-k2q,나도 회피형인데 이게 잘못알고 있는게 그냥 손절 하는게 아님... 평소의 수많은 대화와 상대방의 성향을 긴시간 파악한후 어떠한 상황이 발생했을때 그동안 내가 파악했던 그 사람의 성향을 대입해봄.. 시뮬레이션 결과가 안좋게 나오면 그때 손절 하는것임.,61,3,자기서사,정체성확인|자기서사|자기참조,139,2024-11-29
혼자가 편한 사람 특징,픽고 PICKGO,@Gowntlet,인간관계는 많이 맺을수록 피곤해짐. 뒷담까는 사람 총량의 법칙이 있어서 많이 알수록 본인 험담만 늘거든. 걍 침묵하는 소수의 사람들과 서로 조용히 친하게 지내는 게 베스트. 뒷담하는 놈들은 다 손절쳐야 함.,61,0,기타,,115,2023-04-22
"진정한 친구가 없어도, 잘사는 사람들의 특징 '3가지' (양창순 박사 2부)",지식인사이드,@정숙희-r9j,"40년 동안 계속 일하고 있는남편에게 젤 좋은 친구가되어주고, 지인,친구들 만나 뺏길 에너지를 남편케어에 힘쓰고 살고있는데, 젤 잘살고 있는기분듭니다.",61,0,자기서사,자기서사,84,2023-12-16
"나이 들수록 혼자가 되어야 하는 이유ㅣ노후에는 혼자가 행복하다ㅣ평생친구는 없다ㅣ인간관계ㅣ쇼펜하우어, 니체, 알베르 카뮈, 루소 명언 인생조언",책사람,@FRIDAY-gy1bh,느슨한 관계.교묘히 서로 계산 하는 관계 등등 다 부질없는 일이다. 외로움 그런거 없어 의존은 파멸을 부른다.,61,0,위안,위안,61,2023-07-05
혼자가 편한 사람 특징,픽고 PICKGO,@doitinlove5200,사람이 모이면 피곤한일이 항상 생김 어쩔 수 없다고 인정하고 받아들이며 최대한 문제 안생기도록 살자,61,0,정체성확인,정체성확인|자기참조,55,2023-04-22
"나이 들수록 혼자가 되어야 하는 이유ㅣ노후에는 혼자가 행복하다ㅣ평생친구는 없다ㅣ인간관계ㅣ쇼펜하우어, 니체, 알베르 카뮈, 루소 명언 인생조언",책사람,@eeunsoo77,외로워서 만나면 더 외로워 혼자사는 재미를 느끼면 오히려 홀가분 감정소비 노우,61,0,위안,위안,43,2023-07-01
똑똑한 사람일수록 친구 적고 외로움 덜 타는 이유ㅣ인간설명서 EP.6,지식인사이드,@백미숙-x3z,형제끼리도 돈 문제땜에 힘들어 자주보기 싫어요 안보고 사는것이 보약,61,1,기타,,37,2024-12-06
은지원 명언 l 결혼을 신중하게 해야하는 이유.,멘탈케어::힐링 심리학 채널::,@Droplet01,은지원도 곧 50이구나 1박2일 첨시작할때가 30대 초반이였는데,61,0,자기서사,자기서사,35,2024-04-15
인간관계에 지쳐서 혼자가 편한 사람들의 특징,놀면서 배우는 심리학,@산토리니-p7m,직장에서 무식한 것하고는 상종 안 합니다.,61,0,자기서사,자기서사,23,2025-09-03
혼자 살다가 행복하게 죽는 5가지 방법 #삶의지혜 #행복한노후 #100세시대,골든가이드,@Seajeong,"한때 건강이 정말 안 좋은때가 있었습니다. 아프기 전에는 왜 이렇게 불평 할 게 많은지 이것저것 내가 가지고 있지 않은 것만 보이고 그랬었는데 건강을 잃었다가 다시 찾은 후에는, 아프지만 않으면 친구가 한명도 없어도 살 수 있다는 깊은 교훈을 얻었습니다!!",60,2,자기서사,자기서사|자기참조,143,2025-09-02
혼자 있는게 더 행복한 사람의 특징,놀면서 배우는 심리학,@Ocdpvjrnj,극외향형의 인간이지만 혼자 있는게 더 행복한 사람들=내향형의 인간들에게 밖에 나가서 사람 좀 만나라 이러는 사람이 더 이해안가긴 함 오히려 혼자 있어도 행복한게 난 더 부럽다. 사람들은 날 떠날 수 있지만 나는 날 떠나지 않을테니까,60,4,자기서사,자기서사|자기참조,129,2024-05-08
은지원 명언 l 결혼을 신중하게 해야하는 이유.,멘탈케어::힐링 심리학 채널::,@먹향-w1f,결혼은 얻는것보다 잃는게 많아요 양쪽다 그걸 인지하면서 결혼해야 행복해집니다 자기 스스로가 자기꺼에 대한 애착이 심하시면 결혼은 생각해 보셔야합니다,60,0,자기서사,자기서사,82,2024-05-23
나이들수록 오히려 혼자가 되면 편합니다. 친구 없어도 잘사는 사람의 특징 (최명기 원장 1부),지식인사이드,@푸른하늘-e8m,유트브에 이로운 점이 바로 이거입니다ᆢ 퇴근후 밥하면서 이런 명강의를 듣고 지혜를 얻을수 있으니ᆢ참 감사할 따름이네요ᆢ,60,0,기타,,66,2023-10-12
똑똑한 사람일수록 친구 적고 외로움 덜 타는 이유ㅣ인간설명서 EP.6,지식인사이드,@몽코-t6g,나 잘되는거 진심으로 기뻐해주는건 가족뿐이다.,60,1,자기서사,자기서사,25,2024-12-25
혼자가 더 편한 회피형 특징,놀면서 배우는 심리학,@인천야호,남에게 기대어봤자 나만 상처받고 아무리 노력해도 알아주지 않으면 포기하게되는거 같아요,59,1,기타,,47,2024-07-31
"혼자 있을 때 더 편안한 사람, 알고보니 '이 유형' 입니다 (김경일 교수님 통합본)",책과삶,@수연어-e9z,ㅎㅎ 뭐 그닥 축복받은 인생 아닌거같아서 별로 그냥 조용히 지내는게 좋아요,59,0,기타,,41,2026-05-03
"나이 들수록 혼자가 되어야 하는 이유ㅣ노후에는 혼자가 행복하다ㅣ평생친구는 없다ㅣ인간관계ㅣ쇼펜하우어, 니체, 알베르 카뮈, 루소 명언 인생조언",책사람,@자연인SeoYoungDuk,가족이래도 떨어저 살아야 한다.그리움이 행복근본이다,59,2,자기서사,자기서사,28,2023-07-28
"친구 한 명 없어도 혼자 잘 지내는 사람들의 '3가지' 장점 (최명기 원장, 한석준 아나운서, 이헌주 교수, 김아라 소장)",지식인사이드,@Onepoint-14,근데 한결같이 혼자면 우을증 걸리니까 친구 1명은 무조건 만들어 놓으세요 대화교류할 사람은 반드시 필요 합니다,58,0,기타,,61,2024-05-04
"""친구 한 명도 없는 것, 오히려 좋다"" 혼자 있는 시간이 많을수록 점점 똑똑해지는 이유 (이헌주 교수 통합본)",책과삶,@최정화-d9s,혼자있으면 에너지가 남아서 평소에 하기 어려웠던일도 할수있는 에너지가 생기더라구요 좋아요❤❤❤❤,58,0,기타,,53,2025-12-22
똑똑한 사람일수록 친구 적고 외로움 덜 타는 이유ㅣ인간설명서 EP.6,지식인사이드,@진성이-i2w,평생 일하다 보면 친구생각안듬 난 일하느라 바빠서 그 누구도 만나기싫다 집에서 쉬는게 낙임,58,0,자기서사,자기서사|자기참조,50,2024-12-06
가족과 사는 게 즐겁다고? '행복한 사람'은 절대 무작정 결혼하지 않습니다! | 김경일 심리학과 교수 1부,"꿈을 찾는 사람들 강연,강의,강사,꿈찾사",@이정규-h6h,부모랑 같이 살면 거기에 휘말려서 정작 본인의 길을 찾지 못하게 될 수도 있다. 힘들어도 일찍 집나와서 혼자힘으로 세상을 헤쳐나가는게 답인듯. 그게 힘들어 보이지만 가족과 살다 나중에 돌아올 짐이 너무나 크다.,57,1,자기서사,자기서사,117,2023-09-27
똑똑한 사람일수록 친구 적고 외로움 덜 타는 이유ㅣ인간설명서 EP.6,지식인사이드,@hanalove-p4u,인간은 누구나 외롭습니다 그걸 잊으려고 다른사람들과 웃으며 대화하지만 결국 살고죽는건 오롯이 본인혼자만의 몫입니다 죽어도 측근들이 잠시 울고 슬퍼해주지만 결국 밥잘먹고 잘삽니다😊,57,0,위안,위안,100,2024-12-07
나이들수록 오히려 혼자가 되면 편합니다. 친구 없어도 잘사는 사람의 특징 (최명기 원장 1부),지식인사이드,@kimseo3000,60 가까이 되니 마누라가 내 절친이네요 같이 밥 먹고 운동 다니고 드라마 보고 카페 가서 수다 떠는 내 소중한 친구,57,1,자기참조,자기참조,65,2025-11-14
은지원 명언 l 결혼을 신중하게 해야하는 이유.,멘탈케어::힐링 심리학 채널::,@gorgopaide8041,혼자가 좋은 사람이 있고 둘이가 좋은 사람이 있지.. 둘중 뭐던 살아봐야 아는거니...,57,0,기타,,48,2024-04-08
"""친구 한 명도 없는 것, 오히려 좋다"" 혼자 있는 시간이 많을수록 점점 똑똑해지는 이유 (이헌주 교수 통합본)",책과삶,@humilite-n5r,어렸을때부터 혼자가 좋았는데 60인 지금도 혼자가 좋네요.,57,2,기타,,32,2025-12-25
"나이 들수록 혼자가 되어야 하는 이유ㅣ노후에는 혼자가 행복하다ㅣ평생친구는 없다ㅣ인간관계ㅣ쇼펜하우어, 니체, 알베르 카뮈, 루소 명언 인생조언",책사람,@진여심-p5k,가슴에와닿는소중한말씀너무감사합니다,57,0,위안,위안,18,2023-07-19
혼자가 편한 사람 특징,픽고 PICKGO,@user-se7dy5dc9g,요즘 학교다니면서 드는 생각인데 저러는 이유는 극내향인이라 그런사람도 있겠지만 그 친구를 별로 가깝게 생각 안해서 그런 경우도 있음.. 막 싫다기보다 얘네랑 있을 때 진심으로 즐겁지 않고 그냥 성격 관심사 개그코드 사상 이런게 별로 안맞아서 그럼 그런애들한테는 고민상담 할 생각 안들고 같이 놀자해도 그냥 노잼일거같아서 집가고싶음 진짜 잘맞는 친구들이 놀자하면 개신나게 노는데..,56,0,자기참조,자기참조,212,2023-04-30
혼자 있을 때 가장 행복한 사람 특징,놀면서 배우는 심리학,@거울아1,나도 혼자가 편하지만 사람은 좋아함 ..기가빨 린다고 생각되는 이유는 .. 내가 체력이 약하다 그래서 나가서 사람만나믄 좋은데 한참 충전을 해야한다 고로 체력을 키으자 ...,56,1,정체성확인,정체성확인|자기참조,97,2024-06-21
나이들수록 오히려 혼자가 되면 편합니다. 친구 없어도 잘사는 사람의 특징 (최명기 원장 1부),지식인사이드,@마운틴-e6k,"친구가 없으면 성격이안좋거나,단점이 있을거라는 편견은버려야합니다.친구가 항상 필요한 사람일수록 의존도가 높은 성향일수있습니다.",56,0,자기서사,자기서사,70,2023-09-21
"혼자 있을 때 더 편안한 사람, 알고보니 '이 유형' 입니다 (김경일 교수님 통합본)",책과삶,@5504borry,가족이나 좋아하는 사람들이랑 식사 한끼 나누고 후식으로 케잌 나눠먹기...,56,0,자기서사,자기서사,41,2026-05-03
나이들수록 오히려 혼자가 되면 편합니다. 친구 없어도 잘사는 사람의 특징 (최명기 원장 1부),지식인사이드,@sm-yr4me,친구=남이다 30년지기 친구도 다 필요없다. 인간은 배신의 존재,56,1,기타,,35,2023-09-19
은지원 명언 l 결혼을 신중하게 해야하는 이유.,멘탈케어::힐링 심리학 채널::,@작은별1,외롭다고 결혼하는순간 지옥 스타트다,56,1,자기서사,자기서사,19,2025-02-22
은지원 명언 l 결혼을 신중하게 해야하는 이유.,멘탈케어::힐링 심리학 채널::,@이안-v3t,은지원 GO! 지원 GO!,56,0,기타,,14,2024-04-08
혼자가 더 편한 회피형 특징,놀면서 배우는 심리학,@다이뻐서다다,더 나갔다간 내 시간 에너지 감정이 낭비되니까 손절하는겁니다….. 한두번 보고 결정하는건 아니에요😮 그리고 타인에게 말해도 내 문제가 해결되지는 않으니 말할 필요도 없고 ㅋㅋㅋㅋ 듣는 사람에게도 딱히 좋은 얘기는 아니니 굳이 할필요 있을까요??,55,0,자기서사,자기서사|자기참조,137,2024-09-17
"""친구 한 명도 없는 것, 오히려 좋다"" 혼자 있는 시간이 많을수록 점점 똑똑해지는 이유 (이헌주 교수 통합본)",책과삶,@GUILIANXU,"혼자 여행하고 혼자 공부하고 매년마다 새로운 기능 혼자 배우고, 너무 재미잇는것 같아요~ 혼자가 나 혼자의 제일 친한 친구 인것 같아요",55,0,지식,지식,75,2025-12-31
혼자가 더 편한 회피형 특징,놀면서 배우는 심리학,@ABCAA1234,관계를 많이 가져보고 안 좋은 관계 피하려고. 문제해결력이 겁나 좋음 회피형이다 프레임 씌우면 힘듭니다,55,4,자기참조,자기참조,57,2024-09-01
나이들수록 혼자가 편해지는 이유. 친구 없이 혼자서 행복해지는 방법 ㅣ Ep. 26 책과사람 (서경석 개그맨 1부),책과삶,@파도타기-k7l,나이들어가면 인간관계는정리가된다 또한정리가 필요하다 인간은 어차피혼자다 혼자임을 즐길줄알아야한다,55,1,지식,지식,53,2025-08-31
똑똑한 사람일수록 친구 적고 외로움 덜 타는 이유ㅣ인간설명서 EP.6,지식인사이드,@MrCho-yg5rraddfht4ehkkiurwdggg,나이들수록 이기적으로 변하는 친구들을 보며 하나하나씩 정리하게 되더군요. 자기가 필요할 때만 돈 빌릴 때만 연락주는 친구 무슨 소용일까요. 술 담배 도박 아무것도 안하는 성격이라 친구가 거추장스럽게 느껴진다.,54,0,자기서사,자기서사,116,2024-12-07
혼자 있을 때 가장 행복한 사람 특징,놀면서 배우는 심리학,@enidyi581,친구는 한동안 안만나도 언제나 그자리에 서로를 위해 있어주는 사람이 진짜 친구같아요 혼자있어도 너무나 바쁘고 재밌어요 ㅎㅎ,54,0,정체성확인,정체성확인|자기참조,68,2024-07-03
가족과 사는 게 즐겁다고? '행복한 사람'은 절대 무작정 결혼하지 않습니다! | 김경일 심리학과 교수 1부,"꿈을 찾는 사람들 강연,강의,강사,꿈찾사",@天罰-u5o,살림 잘 하고 개인 취미있고 무던한 성격과 외로움 크게 안타면 혼자사는세 제일 행복합니다. 저 입니다. 스스로 입증.,54,0,위안,위안,65,2023-09-26
"친구 한 명 없어도 혼자 잘 지내는 사람들의 '3가지' 장점 (최명기 원장, 한석준 아나운서, 이헌주 교수, 김아라 소장)",지식인사이드,@나링-m7g,최명기 원장님 말씀속에 철학과 종교적 진리도 포함된거 같아요. 명확하면서도 현실적인..,54,0,기타,,48,2024-05-06
‼️혼자일 때 (이때가) 진짜 삶을 바꿀 기회다.ㅣ'이혼숙려캠프 상담가' 이호선 숭실사이버대학교 교수ㅣ인생강의,하와이 대저택,@Asd-12-jkl,인생의 중심을 타인이 아닌 나에게 두고 삶을 살겠습니다 감사합니다,54,0,위안,위안,36,2025-04-13
나이들수록 혼자가 편해지는 이유. 친구 없이 혼자서 행복해지는 방법 ㅣ Ep. 26 책과사람 (서경석 개그맨 1부),책과삶,@말순민-s6g,역시 서경석씨 대단 하십니다 늘 존경 합니다~~♡♡,54,0,기타,,28,2025-08-23
함께 있어도 혼자 겉도는 사람의 2가지 특징,비치키,@speedwind6607,세상에서 젤 어려운게 관계 관련된 모든단어인듯...,54,0,기타,,28,2026-01-17
‼️혼자일 때 (이때가) 진짜 삶을 바꿀 기회다.ㅣ'이혼숙려캠프 상담가' 이호선 숭실사이버대학교 교수ㅣ인생강의,하와이 대저택,@자코파네,❤❤❤ 난 성공한다 내가 그렇게 믿었기때문에,54,0,자기참조,자기참조,24,2025-04-08
"나이 들수록 혼자가 되어야 하는 이유ㅣ노후에는 혼자가 행복하다ㅣ평생친구는 없다ㅣ인간관계ㅣ쇼펜하우어, 니체, 알베르 카뮈, 루소 명언 인생조언",책사람,@이김박-v4e,깊은 공감 혼자=자유=행복,54,0,정체성확인,정체성확인,14,2023-07-13
인간관계에 지쳐서 혼자가 편한 사람들의 특징,놀면서 배우는 심리학,@flyingstar6959,"점점 친구가 없어져 흠, 같이 여행갈 친구 하나 없다는게 내가 잘 못 살아온걸까?하는 생각도 잠깐이지 들었지만, 혼자서 재밌게 살아가는 방법을 더 찾아가려 하고 있어요❤😊",53,3,자기서사,자기서사|자기참조,96,2025-09-04
"혼자 시간을 보내는 사람이 매력 있는 이유, 외로움을 다루는 방법 (feat.오은영)[인스타그램, 인스타중독, SNS, 오은영, 외로움, 자존감, 우울증]",도서관 오목눈이,@Nose_Head,혼자서 할 거 하고 혼자서 생각할 줄 아는 사람이 좋은 것 같아요 그렇다고 너무 방구석에 있는 것도 좋지 않은데 뭐든지 적당해야 하는 듯,53,0,기타,,76,2023-10-20
"나이 들수록 혼자가 되어야 하는 이유ㅣ노후에는 혼자가 행복하다ㅣ평생친구는 없다ㅣ인간관계ㅣ쇼펜하우어, 니체, 알베르 카뮈, 루소 명언 인생조언",책사람,@윤재희-j7s,혼자 사는게 제일 좋아요 내맘대로 다할수 있다는게 좋아요 감사합니다,53,0,위안,위안,37,2023-07-28
"나이 들수록 혼자가 되어야 하는 이유ㅣ노후에는 혼자가 행복하다ㅣ평생친구는 없다ㅣ인간관계ㅣ쇼펜하우어, 니체, 알베르 카뮈, 루소 명언 인생조언",책사람,@강근자-h4r,배신은 가까운믿는 사람에게 받는다 감사합니다 .,53,0,위안,위안,26,2023-07-28
나이들수록 오히려 혼자가 되면 편합니다. 친구 없어도 잘사는 사람의 특징 (최명기 원장 1부),지식인사이드,@자유시장-g4i,혼자있으면 너무 자유롭고 좋더라구요.,53,0,기타,,20,2023-09-18
‼️혼자일 때 (이때가) 진짜 삶을 바꿀 기회다.ㅣ'이혼숙려캠프 상담가' 이호선 숭실사이버대학교 교수ㅣ인생강의,하와이 대저택,@현석오-j4f,이세상에서 가장 친한 친구는 나 자신이고 가장신뢰할수있는 친구도 나자신이고 가장 믿을수있는 친구도 나자신이고 가장 즐겁게 해줄수있는 친구도 나자신이다!!!,52,5,기타,,86,2026-02-16
가족과 사는 게 즐겁다고? '행복한 사람'은 절대 무작정 결혼하지 않습니다! | 김경일 심리학과 교수 1부,"꿈을 찾는 사람들 강연,강의,강사,꿈찾사",@김금지-t6q,20세이전의자녀가있는집 가족이행복이며 이후 각자독립했을때 가족이전부가아닙니다 나를만나는연습꼭필요합니다 혼자도좋고같이있어도좋고 마음공부합시다,52,0,자기서사,지식|자기서사|자기참조,77,2023-09-18
"친구 한 명 없어도 혼자 잘 지내는 사람들의 '3가지' 장점 (최명기 원장, 한석준 아나운서, 이헌주 교수, 김아라 소장)",지식인사이드,@나은-truth,저는 부모도 남편도 다 남과 나의 경계선에 있다고 생각합니다.,52,0,자기서사,자기서사|자기참조,34,2024-05-04
‼️혼자일 때 (이때가) 진짜 삶을 바꿀 기회다.ㅣ'이혼숙려캠프 상담가' 이호선 숭실사이버대학교 교수ㅣ인생강의,하와이 대저택,@자유인-c4e,인생은 혼자다 나무아미타불 나무아미타불 나무아미타불,52,0,기타,,28,2025-04-11
"나이 들수록 혼자가 되어야 하는 이유ㅣ노후에는 혼자가 행복하다ㅣ평생친구는 없다ㅣ인간관계ㅣ쇼펜하우어, 니체, 알베르 카뮈, 루소 명언 인생조언",책사람,@최재식-y7v,지금 나를 두고 하는 좋은 말씀 감사합니다 ^^~,52,0,위안,위안,27,2023-07-19
은지원 명언 l 결혼을 신중하게 해야하는 이유.,멘탈케어::힐링 심리학 채널::,@까마구1649,결혼보단 혼자사는게 제일편함,52,0,자기서사,자기서사|자기참조,15,2025-02-19
혼자 살다가 행복하게 죽는 5가지 방법 #삶의지혜 #행복한노후 #100세시대,골든가이드,@정원-x9n,혼자 라는것이 주는 여유로움을 아시나요~ 하루하루 눈 뜨는것에 감사의 마음으로 살아요. 사람은 서로가 다르기 때문에 맞기가 어려워요 자기 자신과 친해지는것이 답 인것 같아요 70인데 젊은날로 되돌아 간다면 노!!!입니다 매일 집을 나설때 버릴것이 없나 살핍니다 아직은 식구들이 있지만 마음은 혼자 입니다 요즘은 복지관등 돈 없어도 배울것이 많고 요일별로 몇군데 그림 컴등 배워요 조금 일찍 나서서 주변에 아이스 커피 한잔 사서 마시고 환경 좋은곳에서 밥도 먹고 해요 건강을 위해서 헬스도 하구요 우리나라 좋아요 노인들 마음만 가지면 됩니다 집에 계시지 말고 매일 나와서 공부들 하시면 좋겠어요 잘 할 필요 없구요 재미 있으면 됩니다 재미는 본인이 긍정의 마음으로 만들어 가시면 되구요 같이 누려요~~~,51,3,지식,지식,392,2025-08-08
나이들수록 오히려 혼자가 되면 편합니다. 친구 없어도 잘사는 사람의 특징 (최명기 원장 1부),지식인사이드,@janeeyre2487,내 삶에 위기가 있으면 진정한 친구가 없기 마련이니 자신의 삶에 위기가 오지 않도록 잘 건사하면서 사는 게 첫번째군요. 이런 내용은 처음 들어봐요. 감사합니다!,51,0,위안,위안|자기서사|자기참조,89,2023-09-18
"혼자 있을 때 더 편안한 사람, 알고보니 '이 유형' 입니다 (김경일 교수님 통합본)",책과삶,@soyoungkim759,어릴때부터 가족이 다 외출하고 혼자일때 너무 설렜습니다 엄마가 주고간 만원으로 만화책빌리고 과자사서 소파에 누워 룰루랄라할때 만족도최상이었어요,51,1,자기서사,자기서사,79,2026-05-07
"친구 한 명 없어도 혼자 잘 지내는 사람들의 '3가지' 장점 (최명기 원장, 한석준 아나운서, 이헌주 교수, 김아라 소장)",지식인사이드,@무지개구슬-y3r,그냥 혼자라서 편한게 아니라 혼자 살수있을만큼의 힘이있어서 편한거임 혼자 살지도못하는데 혼자가 편하다고 밖에 나가면 개죽음,51,0,자기참조,자기참조,68,2024-05-04
혼자 있는게 더 행복한 사람의 특징,놀면서 배우는 심리학,@오늘은오르겠지,젠장. 난 지금 행복하지만 사회적 성취는 못했음을 이렇게 다시 새겨듣는군ㅠ,51,0,기타,,41,2024-05-08
혼자 살다가 행복하게 죽는 5가지 방법 #삶의지혜 #행복한노후 #100세시대,골든가이드,@국악인서영자,감사합니다 🎉사랑합니다 🎉❤저도 노력하며 살고있네요.,51,0,위안,위안|정체성확인|자기참조,31,2025-07-07
‼️혼자일 때 (이때가) 진짜 삶을 바꿀 기회다.ㅣ'이혼숙려캠프 상담가' 이호선 숭실사이버대학교 교수ㅣ인생강의,하와이 대저택,@happysso-j,나는 매일매일 모든것이 좋아지고 있다❤,51,0,자기서사,자기서사|자기참조,21,2025-04-08
혼자 살다가 행복하게 죽는 5가지 방법 #삶의지혜 #행복한노후 #100세시대,골든가이드,@밈셈맘,저도 혼자인데 사람많이알고싶지않아요,51,1,정체성확인,정체성확인|자기참조,19,2025-09-05
"[#유퀴즈온더블럭] 혼자가 제일 편하다는 내향인💦 그 행복, 진짜일까?🤔 행복 심리학자가 말하는 내향인의 진실👀",디글 :Diggle,@모든게좋아졌어,사람이 생긴거 다르듯이 성향도 마인드도 다 달라요 근데 한국인들은 다양성이없고 뭐든 그래야된다고 기준이 정해져있어요 친구없으면 이상하게보고(그러니 친구가없지 이런말잘함) 외모도 쌍수들은 기본으로 거의 다했음 날씬해야됨 집도 돈도없으면서 대출받아 30평이상은 살아야됨 매달갚느라 힘들지않나 좁은집살면 사람들이 날 무시할것같나. 집에서 혼자있는거 좋아하는사람있는거고 사람만나는거 좋아하는사람있는건데 왜 하나의 기준대로만 살아가야된다고생각할까,50,0,자기서사,자기서사|자기참조,244,2025-07-13
혼자가 더 편한 내향적인 사람의 특징,놀면서 배우는 심리학,@별빛-m4e,"완전 집콕에 i입니다. 일할 때는 주말에 집에서 쉬면 확실히 충전되는데요. 일안 할 때 집에만 있으면 분명 편하고 좋은데, 저도 모르게 무기력에 빠지더라구요. 30년이나 지나서야 알았습니다. 그래서 집에 있는 게 좋아도 억지로 밖에 나가려고 해요. 밖에서 적당히 활동해야 뇌가 자극 받나봐요. 집에만 있으면 말도 어눌해지고 멍해지고 몸에 기력이 빠져나가요. 물론 전 이 느낌을 싫어하진 않는데, 사회생활에 크게 지장 주더라구요.",50,1,자기서사,정체성확인|자기서사|자기참조|반박,239,2023-10-26
똑똑한 사람일수록 친구 적고 외로움 덜 타는 이유ㅣ인간설명서 EP.6,지식인사이드,@백미숙-x3z,이젠 친구만나 잘해주고 싶지만 힘이 딸리네요 만나 놀고 나면 피곤하니 조금씩 줄일수 밖에 없네요 이젠 시람들이 궁금하지도 않아요 내자신하테 시간을 많이 소모하는것이 젤 현명한것 같습니다,50,0,기타,,103,2024-12-06
혼자 있는게 더 행복한 사람의 특징,놀면서 배우는 심리학,@팔월2721,자기 자신에 전념하게되면 시간이 모자라기 때문이에요.하루가 너무 빨리 지나버려서 누구와 어울릴 시간도 심리적.정신적 여유도 안생겨요.혼자 지낼 시간도 빠듯한걸요,50,0,기타,,89,2024-05-23
"나이 들수록 혼자가 되어야 하는 이유ㅣ노후에는 혼자가 행복하다ㅣ평생친구는 없다ㅣ인간관계ㅣ쇼펜하우어, 니체, 알베르 카뮈, 루소 명언 인생조언",책사람,@kyungscott8640,모든 말씀들 감사합니다. 감사드립니다.,50,0,위안,위안,21,2023-06-18
"혼자 시간을 보내는 사람이 매력 있는 이유, 외로움을 다루는 방법 (feat.오은영)[인스타그램, 인스타중독, SNS, 오은영, 외로움, 자존감, 우울증]",도서관 오목눈이,@marudanji,"나름 겉에서 보기엔 잘 지내구 있고 친구도 없는 편은 아닌줄 알지만…. 사실 그 친구들 거의 다 편하지 않아요.. 한 친구에게 마음을 주려고 하면 그 친구의 행동 하나하나가 다 신경쓰이고 질투나서 이 친구가 나를 좋아하는게 맞나? 이렇게 하면 그 친구가 싫어하겠지? 란 생각에 제 마음을 제대로 표현하기도 힘들고.. 그냥 학교가면 친구들 비위 맞춰주는 느낌이라 집와서 혼자 허탈해하고 그럽니다…. 제가 어떤 말을 하면 반응 안해주고 저에게 정떨어질까봐 제 의견도 마음 편히 표현을 못하겠어요ㅠㅠ 오은영 박사님 책 인용 구절이 딱 제얘기 같았습니다.. 딱 첫째에, 동생 두명이 있고 어렸을 때부터 주변 어른들의 기대 (사촌들 중에서도 제일 첫째였거든요ㅠ)와 부탁을 다 맞춰줘야할것 같았고 항상 웃고, 의젓하고 모범생으로 살아야할것 같았거든요ㅠ 그러다보니 부모님께도 솔직해지지 못한것 같아요.. 제가 사람 좋아하고 어울리는걸 좋아하는데 너무너무 예민하고 자존감이 낮아서… 점점 더 소심해지고 어울리고 싶어도 혼자 있는걸 좋아하는 척 해야할것 같구.. 그러는것 같아요.. 사람들과 지내며 순간적인 기쁨은 많이 느끼지만….. 가짜 웃음을 짓는 빈도가 점점 더 높아지고 진짜 이 사람은 내 사람이다 라는 느낌을 안정적으로 느낀적은 없는 것 같아요..ㅠ 이 영상으로 날 이끌어준 알고리즘에게 너무 고맙습니다ㅠ 위로 많이 됐어요:) (보면서 눈물 뚝뚝 한건 안비밀..)",49,1,자기서사,위안|자기서사|자기참조,703,2024-02-05
"혼자 시간을 보내는 사람이 매력 있는 이유, 외로움을 다루는 방법 (feat.오은영)[인스타그램, 인스타중독, SNS, 오은영, 외로움, 자존감, 우울증]",도서관 오목눈이,@Dkfndnxm,"진짜 감사합니다 ㅜ ㅠ 원래도 의존적이고, 낮은 자존감에 기인한 피해망상이 살짝 있었는데, 최근 상태가 너무 심해져서 성격이 왜 이럴까 싶었어요 ;; 마침 이 영상이 떠서 시청했는데 그동안 궁금했던 점이 명쾌하게 해소된 느낌이에요ㅜㅠㅠ sns에 너무 집착하는 느낌이어서 어제 지워버렸는데 그게 맞았던 것 같아요 ..😅 영상 올려주셔서 감사합니다 !",49,0,자기서사,위안|자기서사|자기참조,195,2023-10-30
"혼자 있을 때 더 편안한 사람, 알고보니 '이 유형' 입니다 (김경일 교수님 통합본)",책과삶,@ku-b4t,뭐그리 열심이 사는것도 아닌데 이런 기념일 챙기는것 진짜 싫어요...누군가 기억해 주는것도 부담됩니다...책보는게 좋고 이왕 태어났으나 내가 살다갔단것조차 남기는게 싫어요..,49,0,반박,자기참조|반박,97,2026-05-08
나이들수록 오히려 혼자가 되면 편합니다. 친구 없어도 잘사는 사람의 특징 (최명기 원장 1부),지식인사이드,@고려인유금필,"인간관계 자체가 스트레스 죠 가족,친구,동료 할것없이요 혼자왔다 혼자가는 겁니다",49,0,자기서사,자기서사,44,2024-08-30
"진정한 친구가 없어도, 잘사는 사람들의 특징 '3가지' (양창순 박사 2부)",지식인사이드,@연금술사-p6i,쓸데없는시간.돈.정신력 쓸데없게 버리지말고 나자신을 돌보세요. 행복하게 됩니다.,49,0,기타,,44,2024-01-19
함께 있어도 혼자 겉도는 사람의 2가지 특징,비치키,@tw_1224,5:15 이러니깐 빌런들이 스파이더맨 한테 뻑이가지,49,1,기타,,28,2026-01-24
"혼자 있을 때 더 편안한 사람, 알고보니 '이 유형' 입니다 (김경일 교수님 통합본)",책과삶,@NS97EW78,100만 구독자 돌파 축하드립니다 🎉,49,0,기타,,21,2026-05-02
혼자가 편한 사람 특징,픽고 PICKGO,@쿠쿠루삥뽕-x8c,ISTP의 일상일지도 😂😂,49,0,기타,,16,2023-04-22
"나이 들수록 혼자가 되어야 하는 이유ㅣ노후에는 혼자가 행복하다ㅣ평생친구는 없다ㅣ인간관계ㅣ쇼펜하우어, 니체, 알베르 카뮈, 루소 명언 인생조언",책사람,@방울꽃-v6u,천만번 옳고 읋으신 말씀,49,0,기타,,13,2023-07-21
"혼자 있을 때 더 편안한 사람, 알고보니 '이 유형' 입니다 (김경일 교수님 통합본)",책과삶,@힐러-w9f,혼자있을때 좋음,49,0,기타,,8,2026-05-07
혼자가 더 편한 회피형 특징,놀면서 배우는 심리학,@박정민-t5l,예의의 문제 진심을 다했는데 나를 이용하려 한다거나 자식의 이익만을 추구하거나 정말 예의 없을때 피곤해서 만나기 싫음 남에게 부담 주지 말자 네 형제자매도 그런 너를 부담스러워 하잖아. 본인이 할 수 없는 것을 남에게는 쉽게 떠넘기는 사람들이 주로 당학겠지요.,48,0,자기서사,자기서사|자기참조,145,2024-08-01
혼자가 편한 사람 특징,픽고 PICKGO,@dlfgh5656,ㅋㅋ아니 보경이는 진짜 싸우거나 뭔일있어서 그러고다니는건가싶어서 물어본거고 그뒷말은 안 전하려고했는데 지가몇번이나 물어봐서 대답해준건데 그걸 보경이가 그뒷담에 동의한다해버리네;;;;;;;,48,0,기타,,104,2023-04-22
혼자가 더 편한 내향적인 사람의 특징,놀면서 배우는 심리학,@orange5186,진짜 영상 처음부터 끝까지 다 공감ㅠㅠ 집에 있으면 할게 너무 많아서 지루할 틈이 없음,48,0,정체성확인,정체성확인,48,2023-10-17
혼자 살다가 행복하게 죽는 5가지 방법 #삶의지혜 #행복한노후 #100세시대,골든가이드,@freetalkhaha,같이살다 혼자되보니. 이런천국이 없다 친구없으니 너므좋다 다 정리햇다,48,2,기타,,38,2025-10-03
나이들수록 혼자가 편해지는 이유. 친구 없이 혼자서 행복해지는 방법 ㅣ Ep. 26 책과사람 (서경석 개그맨 1부),책과삶,@PAL-h5u,친구가 많다는사람은 진정한친구가 없다는증거지요,48,1,자기서사,자기서사,25,2025-08-27
"""친구 한 명도 없는 것, 오히려 좋다"" 혼자 있는 시간이 많을수록 점점 똑똑해지는 이유 (이헌주 교수 통합본)",책과삶,@금은산-w9t,혼자 있으면 너무 자유롭고 좋아요,48,0,기타,,18,2025-12-23
"""친구 한 명도 없는 것, 오히려 좋다"" 혼자 있는 시간이 많을수록 점점 똑똑해지는 이유 (이헌주 교수 통합본)",책과삶,@today0729,루틴있으니 심심할 겨를이 없습니다,48,1,기타,,18,2025-12-24
나이들수록 오히려 혼자가 되면 편합니다. 친구 없어도 잘사는 사람의 특징 (최명기 원장 1부),지식인사이드,@월천ES,오래사귄친구없고 친구가 필요하면 그때그때 주변사람들하고 잘 지내고 있습니다 인연을 억지로 역으려하면 불편하더라구요 백화점 갈때도 산책할때도 여행갈때도 혼자가는것이 자유롭고 내맘대로 할수 있어서 정말 좋더라구요,47,0,자기서사,자기서사|반박,116,2023-11-06
혼자가 편한 사람 특징,픽고 PICKGO,@Chonnom777,뒷담을 전하는 사람은 그 말에 어느정도 동의한다는것도 맞고 그 뒷담의 대상이 된사람이 나랑 가까운관계면 걱정되어서 전해주는것도 있다고 생각함,47,0,자기참조,자기참조,78,2023-04-22
함께 있어도 혼자 겉도는 사람의 2가지 특징,비치키,@naegaboyeo,관심사가 너무 없는 사람도 끼워주세요....아는게 없어서 대화를 못함 입맛도 까탈스럽고 낯도많이가림ㅋㅋㅋ그냥 혼자살아야겠음,47,2,자기참조,자기참조,68,2026-03-15
친구가 없어도 '혼자 잘 지내는' 사람 특징,멘탈케어::힐링 심리학 채널::,@행복하자-p4d,"구독자 많아지면 일일이 댓글 못 달아주던데, 주인장님은 정성이 대단하시네요. 건강도 잘 챙기십시오.",47,2,기타,,55,2022-07-31
똑똑한 사람일수록 친구 적고 외로움 덜 타는 이유ㅣ인간설명서 EP.6,지식인사이드,@Lee-mp1tj,경제적으로 넉넉해야 인간관계도 가능.그게 아니라믄 본인삶에만 집중해서 경제회복하며 사는게 정답.,47,0,기타,,53,2025-03-16
나이들수록 혼자가 편해지는 이유. 친구 없이 혼자서 행복해지는 방법 ㅣ Ep. 26 책과사람 (서경석 개그맨 1부),책과삶,@영일레븐림,김재원 아나운서의 편안한 진행속에 서경석님의 이야기 유익하게 잘 봤습니다!,47,0,지식,지식,41,2025-08-24
가족과 사는 게 즐겁다고? '행복한 사람'은 절대 무작정 결혼하지 않습니다! | 김경일 심리학과 교수 1부,"꿈을 찾는 사람들 강연,강의,강사,꿈찾사",@문라이트-x6j,애착관계로서 같이공존하고 위로해주며 안전감을 느끼는것으로 그들의 소명을 다했다는 말씀 너무나 위로되는 정의입니다! 그럼에도 저는 가족들 특히 성인이된 아이들과 함께하는 시간이 아직도 많이 행복합니다ㅎ 좋은강의 감사해요~~,46,0,자기서사,위안|자기서사|자기참조,123,2023-10-02
혼자 있을 때 가장 행복한 사람 특징,놀면서 배우는 심리학,@bono820108,나도 혼자일 때가 제일 행복해 약속생기면 만날때까지 스트레스! 허나 가서는 최선을 다하지! 최선으로 다 쏟아붓고 기빨려서 며칠은 녹초,46,0,정체성확인,정체성확인|자기참조,74,2024-11-29
혼자 있을 때 가장 행복한 사람 특징,놀면서 배우는 심리학,@cider5935,사람관계가 힘들어서 혼자를 택하는 것과는 다른 자신과의 관계입니다 자신과 관계가 좋은 사람은 대인관계에서도 위축되지 않고 편안합니다,46,0,기타,,73,2024-06-27
함께 있어도 혼자 겉도는 사람의 2가지 특징,비치키,@행복은늘가까이에,타인을 평가가 아닌 관찰의 대상으로 보고 아 저런 돌아이도 있구나~ 해도 빡치는 건 어쩔 수가 없음 하....또 생각나네,46,0,기타,,67,2026-01-17
함께 있어도 혼자 겉도는 사람의 2가지 특징,비치키,@yoonyechanreal,3:00 나는 저런 사람이 좋던데 나도 아는 거 나오면 호들갑떨고 아는척해야돼서 무한 아는척 얘기할 수 있어서 좋음 ㅋㅋ,46,3,정체성확인,정체성확인|자기서사|자기참조,67,2026-01-18
"나이 들수록 혼자가 되어야 하는 이유ㅣ노후에는 혼자가 행복하다ㅣ평생친구는 없다ㅣ인간관계ㅣ쇼펜하우어, 니체, 알베르 카뮈, 루소 명언 인생조언",책사람,@박세욱-n8s,혼자있는 사람들이 늘어나다보면 차츰공평한 세상! 으로 다가가지않을까 라고 희망을 가져봅니다!!,46,0,기타,,52,2023-07-16
똑똑한 사람일수록 친구 적고 외로움 덜 타는 이유ㅣ인간설명서 EP.6,지식인사이드,@kidz9460,친구없이 지내는게 외롭기는 하지만 누구나 다 외롭다는걸 깨닫고 난후로는 괜찬더라,46,0,자기참조,자기참조,44,2024-12-07
나이들수록 혼자가 행복한 이유 | 온전한 나로써 행복해지는 법 | 쇼펜하우어의 인생론 행복론 | 처세술 | 명언 | 인생의 지혜 | 인간관계,만인의 현인,@청송백마,상대방에 대한 기대를 줄이고 나도 좋은 사람이려고 너무 애쓰지 않아도 됩니다~,46,0,정체성확인,정체성확인|자기참조,43,2025-02-27
"나이 들수록 혼자가 되어야 하는 이유ㅣ노후에는 혼자가 행복하다ㅣ평생친구는 없다ㅣ인간관계ㅣ쇼펜하우어, 니체, 알베르 카뮈, 루소 명언 인생조언",책사람,@일론무스기,나도 30대까진 평생친구라 생각했는데... 40대가 되니 다 소용없더라..,46,0,자기서사,정체성확인|자기서사|자기참조,41,2023-07-15
혼자 있을 때 가장 행복한 사람 특징,놀면서 배우는 심리학,@yjyook527,혼자 집에있는게 정말 세상에서 제일로 편함!!!!완전 좋음 !!,46,0,자기참조,자기참조,35,2024-07-15
가족과 사는 게 즐겁다고? '행복한 사람'은 절대 무작정 결혼하지 않습니다! | 김경일 심리학과 교수 1부,"꿈을 찾는 사람들 강연,강의,강사,꿈찾사",@21독립,가족과 같이 있을 때도 즐겁지만 없을 땐 더 즐겁습니다,46,0,자기서사,자기서사,30,2023-04-17
인간관계에 지쳐서 혼자가 편한 사람들의 특징,놀면서 배우는 심리학,@베레쉬트-u2x,한마디로 요약해 줄께요 ❤ 타인은 지옥이다 ❤,46,0,기타,,25,2025-09-04
혼자 있는게 더 행복한 사람의 특징,놀면서 배우는 심리학,@aladdinorigami4158,나도 혼자있는게 편한데..일단 혼자 있음 사람들로 인해 스트레스를 받지 않을수 있지.사람들이랑 산에 함께 가보니 출렁다리 건너는데 나를 양쪽에서 붙잡고 무섭다며 같이 가자고 그러는데 진짜 난감했음.출렁다리가 무서울수 있겠지 그런데 양쪽에서 내 팔 붙잡고 온몸으로 누르면 어쩌자는건지.산에서 내가 조금만 앞에 가면 안챙겨준다고 뒤에서 말하지 않나 나보다 5살이나 더 많은 사람들을 내가 다 챙겨야하고..이건..아 생각만해도 스트레스가 올라오네.걍 혼자 있는게 스트레스안받고 내가 좋아하는 자연과 내가 좋아하는 식물들 보고 멍때리는게 가장 좋음,45,0,자기서사,정체성확인|자기서사|자기참조,302,2024-05-13
점점 혼자가 편한 이유,픽고 PICKGO,@두둥-z2q,어린 중고딩 친구들이야 뭐 이해하는데… 20대 중반 넘어서까지 무조건 뭐든 같이해야하는 사람들은..이해도 안되고 피곤하고..특히..어차피 약속 장소가서 만날거 맨날 약속장소 가는 길도 같이가자고.. 같은 지하철타려고 시간 맞춰야 되는 남은 배려안하고..따로 가자하면 이상한 사람 취급하고..,45,0,자기서사,자기서사,162,2024-01-30
"친구 한 명 없어도 혼자 잘 지내는 사람들의 '3가지' 장점 (최명기 원장, 한석준 아나운서, 이헌주 교수, 김아라 소장)",지식인사이드,@마라셀천국,나이를 먹으니 나에게 집중하게 되었어요. 젊은 날에는 사회적 활동이 중요하다고 생각하고 살았다. 중년이 되면서 가족을 돌보고 직장에서 일하다 보니 시간이 부족해졌다. 55살이 넘으면서 삶의 본질을 생각하고 나에게 집중하려니 독서시간을 늘리고 명상이 길어지니 혼자 지내는 시간이 좋다~~~~,45,0,자기서사,자기서사,161,2024-05-06
‼️혼자일 때 (이때가) 진짜 삶을 바꿀 기회다.ㅣ'이혼숙려캠프 상담가' 이호선 숭실사이버대학교 교수ㅣ인생강의,하와이 대저택,@욜로월드-m7v,인간관계는 어떤관계던 깊을수록 상처의 골이 깊게 박힌다. 최대한 얕게 그걸로 딱 끝내야하는데 욕심이라는 것이 사람에 대한 집착과 미련을 가지게 만든다. 상대도 집착을 갖는 사람을 싫어하고 뒤로 한발 물러선다.,45,0,기타,,116,2025-08-30
은지원 명언 l 결혼을 신중하게 해야하는 이유.,멘탈케어::힐링 심리학 채널::,@liilliilll-e1p,"성격이 일순위임.. 너와 내가 다름을 인정하고 항상 서로에게 감사하고, 존중해주면 매일매일이 웃음이 끊이지 않음 근데 이렇게 해주는 여자가 많지는 않음",45,1,정체성확인,정체성확인|자기참조,84,2025-02-23
혼자 있을 때 가장 행복한 사람 특징,놀면서 배우는 심리학,@유앙겔리온,전 진짜 혼자 있을때가 너무 행복하고 안정적이예요. 코로나때 진짜 타격 1도 없었구요. 근데 타인하고 놀땐 또 잘 놀아요~ 혼자라서 그런가? ㅋ,45,2,기타,,80,2024-06-24
"""친구 한 명도 없는 것, 오히려 좋다"" 혼자 있는 시간이 많을수록 점점 똑똑해지는 이유 (이헌주 교수 통합본)",책과삶,@로즈-x9z,혼자가 편합니다. 내마음 같은 사람 없지요.취미로 그림 그리고.시쓰고.글쓰고. 산책 하고.음악듣고.책보고.나만을 위한 귀한 시간들 행복합니다.,45,0,기타,,79,2026-02-13
혼자 있을 때 가장 행복한 사람 특징,놀면서 배우는 심리학,@이명수-t8k,혼자있는게 더행복하고 편해요 누구의 간섭을 받는게 괴롭기가 짝이없어요~청소하고 집꾸미고 여유롭게 사는게 좋아요🎉🎉😂😂❤❤,45,0,기타,,71,2024-06-24
은지원 명언 l 결혼을 신중하게 해야하는 이유.,멘탈케어::힐링 심리학 채널::,@여유-x2k,이래서 착한배우자이면서 자기랑 코드가 맞는 베프같은 존재랑 결혼해야 잘 사는듯,45,0,자기서사,자기서사,43,2025-01-11
"진정한 친구가 없어도, 잘사는 사람들의 특징 '3가지' (양창순 박사 2부)",지식인사이드,@dohuikim9720,정말 최고의 명강의 감사합니다 선생님❤ 덕분에 인생의 많은 지혜를 깨닫습니다,45,0,위안,위안,42,2023-12-13
나이들수록 혼자가 행복한 이유 | 온전한 나로써 행복해지는 법 | 쇼펜하우어의 인생론 행복론 | 처세술 | 명언 | 인생의 지혜 | 인간관계,만인의 현인,@프린세스princess,2023.08.27 이제서야 내자신을 챙겨봅니다 . .,45,1,기타,,30,2023-08-26
"친구 한 명 없어도 혼자 잘 지내는 사람들의 '3가지' 장점 (최명기 원장, 한석준 아나운서, 이헌주 교수, 김아라 소장)",지식인사이드,@김김-e9t,결국 혼자일어나야 함,45,0,기타,,11,2024-05-04
혼자 있는 게 더 편한 사람 외향인도 내향인도 아닌 '이 유형' 입니다 ㅣ Ep. 책과사람 70 (김경일 교수님 1부),책과삶,@baekjjang_e,"관심있는 것에만 늘 관심있고 나머지는 관심이 없어서 생일, 보여지는거, 허례허식 어차피 지나고 나면 기억도 안나는 것들을 챙기는거 자체가 피곤한 일. 그냥 깔끔하게 살고 남한테 피해 안주고 일할때 일하고 퇴근 하고 나면 조용히 소소하게 재미있는 취미생활 하고 영상 기록해서 유튜브 올리고 그렇게 삽니다. 행복합니다.",44,0,자기서사,자기서사|자기참조,176,2026-04-03
"""친구 한 명도 없는 것, 오히려 좋다"" 혼자 있는 시간이 많을수록 점점 똑똑해지는 이유 (이헌주 교수 통합본)",책과삶,@송은옥-e7c,혼자가 너무편하고 좋습니다 엄마들 수다떨다보면 내가 뭐하는건가 이 시간에 운동을해도 몸이 건강해질텐데 그런생각 하다가 다 끈고 영어공도 하고 운동도하고 심심할 시간 없습니다,44,1,자기서사,자기서사|자기참조,96,2025-12-24
"나이 들수록 혼자가 되어야 하는 이유ㅣ노후에는 혼자가 행복하다ㅣ평생친구는 없다ㅣ인간관계ㅣ쇼펜하우어, 니체, 알베르 카뮈, 루소 명언 인생조언",책사람,@eunakim850,잠 잘 수 있는 작은 공간 허기를 달랠 수 있는 소박한 음식 그리고 좋아하는 책만 있다면… 혼자서도 충만한 삶을 살 수 있어요.,44,0,기타,,71,2023-07-16
친구가 없어도 '혼자 잘 지내는' 사람 특징,멘탈케어::힐링 심리학 채널::,@최고다-b5q,친구를 많이 두려고 하는건 친구가 많아서 좋다라기 보다 친구가 많은걸 자랑하고 싶어서이다.,44,2,자기서사,자기서사,50,2022-08-04
"나이 들수록 혼자가 되어야 하는 이유ㅣ노후에는 혼자가 행복하다ㅣ평생친구는 없다ㅣ인간관계ㅣ쇼펜하우어, 니체, 알베르 카뮈, 루소 명언 인생조언",책사람,@이수르-z2j,정답같습니다 지금 이리 살고있어서 너무 행복한 사람입니다^^♡,44,1,기타,,34,2023-06-29
똑똑한 사람일수록 친구 적고 외로움 덜 타는 이유ㅣ인간설명서 EP.6,지식인사이드,@qwertdoo,혼자서도 할게 너무많은데 뭐하러 사람만나서 스트레스받고 살어,44,0,기타,,33,2024-12-07
‼️혼자일 때 (이때가) 진짜 삶을 바꿀 기회다.ㅣ'이혼숙려캠프 상담가' 이호선 숭실사이버대학교 교수ㅣ인생강의,하와이 대저택,@화니-w9w,정말 이호선교수님때문에 오늘도 마음의 밥 먹고가요,44,0,기타,,27,2025-04-19
친구가 없어도 '혼자 잘 지내는' 사람 특징,멘탈케어::힐링 심리학 채널::,@dhssw,"나도 혼자서 정말 잘 지내는데 혼자 취미활동도 하고 이것저것 열심히 배우고 내가 하고싶은거 하고 친구들과 만나는것 자체가 시간낭비라고 생각함 왜냐하면 과거 젊을때 친구들한테 하도 데인경우가 많아서... 친구가 아닌 가족, 형제와 사이좋게 지내니 정말 내 삶이 행복함을 느낌",43,0,자기서사,지식|정체성확인|자기서사|자기참조,152,2022-08-10
혼자가 편한 사람 특징,픽고 PICKGO,@engdoo80,너~~무 공감..혼자가 편할때가 대부분임.친구랑 같이있어도 얘기안하고싶음 안하고 몇시간동안 있어도 어색하지않은 그런관계여야 서로 편함.반면 1분1초도 말 안하면 어색하다 생각하는 성격은 너무 기빨리고 같이있는것만으로도 피곤함.,43,0,정체성확인,정체성확인|자기참조,126,2023-04-22
똑똑한 사람일수록 친구 적고 외로움 덜 타는 이유ㅣ인간설명서 EP.6,지식인사이드,@클리어-x6e,내가 이상한건가 나이 63세인여자인데 집에혼자있는데 안심심 하고 친구한명없는데 외롭지않음 남들은 외로욹닛같다 왜 혼자 집에만있냐하는데 진짜 안심심하고 혼자가 편함 나혼자 바느질하는게 제일편함 엄청 편함,43,0,위안,위안|자기참조,112,2024-12-06
나이들수록 오히려 혼자가 되면 편합니다. 친구 없어도 잘사는 사람의 특징 (최명기 원장 1부),지식인사이드,@Gfdshkhgdth,옛친구가 그리워서 아주 오랜만에 만났더니 .. 그 결과는 참담했다 .. 도대체 무례하고 ..진정성 없고 .. 최악 이었다 ! 그 이후 옛친구는 다시 찾지 않는다 !,43,0,자기서사,자기서사,91,2023-09-19
혼자가 편한 사람 특징,픽고 PICKGO,@dodoo4293,그럴수 있긴한데 너무 모든거에 대해서 귀찮게 하면 남들을 위해서라도 혼자다녀야지... 그런것치고는 교우관계를 잘 해놨는데?,43,0,기타,,68,2023-04-22
"친구 한 명 없어도 혼자 잘 지내는 사람들의 '3가지' 장점 (최명기 원장, 한석준 아나운서, 이헌주 교수, 김아라 소장)",지식인사이드,@문수연-y6s,인간관계는 나이들수록 어렵네요. 인간관계의 스트레스를 받을 때마다 이 클립을 듣습니다. 전문가들의 의견이 위로가 되네요.,43,0,위안,위안,67,2024-05-04
"""친구 한 명도 없는 것, 오히려 좋다"" 혼자 있는 시간이 많을수록 점점 똑똑해지는 이유 (이헌주 교수 통합본)",책과삶,@채니놀이방,인간이 사회적 동물이라 뭐 연대감 소속감을 가지고 어쩌고 하는데 그건 회사이야기고 회사 퇴근하면 사실 혼자인게 베스트이다,43,0,자기서사,자기서사,67,2025-12-22
"친구 한 명 없어도 혼자 잘 지내는 사람들의 '3가지' 장점 (최명기 원장, 한석준 아나운서, 이헌주 교수, 김아라 소장)",지식인사이드,@rar_ra,12:00 오랜기간 혼자 보낸 시간이 알고보니 강해지는 중이었다는 해석 정말 찡하고 위안이 되네요.,43,0,위안,위안,55,2024-05-09
똑똑한 사람일수록 친구 적고 외로움 덜 타는 이유ㅣ인간설명서 EP.6,지식인사이드,@kakwan_seoul,나이먹고 친구 만들려고 해봤자 결국 본인도 상대방도 필요에 의해서 만나주는것일 뿐.,43,0,기타,,46,2024-12-08
"나이 들수록 혼자가 되어야 하는 이유ㅣ노후에는 혼자가 행복하다ㅣ평생친구는 없다ㅣ인간관계ㅣ쇼펜하우어, 니체, 알베르 카뮈, 루소 명언 인생조언",책사람,@최병업-x4d,나는 혼자 까페 로 커피 한잔 준비하고 공원 갑니다 혼자서 숲을 걸으며 명상 합니다,43,2,자기서사,자기서사|자기참조,46,2023-07-10
혼자가 더 편한 회피형 특징,놀면서 배우는 심리학,@NOVA-l9g,청소년기에 인간들에 대한 환멸이 난 후부터 저런 경향이 더 심해진것같음,43,0,자기참조,자기참조,39,2024-11-14
혼자가 편한 사람 특징,픽고 PICKGO,@김지용-w4e9f,가스라이팅하고 기빨리는 애들이랑 있을빠엔 혼자가 낫더라구여,43,0,기타,,32,2023-04-22
"혼자 시간을 보내는 사람이 매력 있는 이유, 외로움을 다루는 방법 (feat.오은영)[인스타그램, 인스타중독, SNS, 오은영, 외로움, 자존감, 우울증]",도서관 오목눈이,@예민한별이,"사람들 속에서도 혼자 있는 것에 익숙해져야 진정한 자유가 있습니다. 잘보이거나 사랑받으려고 애쓰지 말고 하고싶은대로 하는거죠. 다만 자랑하거나 비난하거나 반대의견을 계속 내게 되면 적을 만드는 지름길이니, 덤덤히 맞장구정도 쳐주다보면 자연스레 말이 통하는 사람을 만나게 될 것입니다. 그정도 사람이면 100명중 1명만 찾아도 충분합니다.",42,0,기타,,188,2024-01-16
함께 있어도 혼자 겉도는 사람의 2가지 특징,비치키,@ygs-w9v,아무리 상대방 말을 잘 들어주는 사람이라도 말하는 족족 재미가 없으면 겉도는거 같아요.. 인생에 있어서 결국 유머감각이란게 없으면 모든 사회생활에서 마이너스로 직결되는듯,42,0,기타,,94,2026-01-25
똑똑한 사람일수록 친구 적고 외로움 덜 타는 이유ㅣ인간설명서 EP.6,지식인사이드,@jay-124,나는 나하고 놀 때가 가장 재미있다... //////////////////////////////////////////////////////,42,0,자기서사,자기서사|자기참조,77,2024-12-06
똑똑한 사람일수록 친구 적고 외로움 덜 타는 이유ㅣ인간설명서 EP.6,지식인사이드,@KimKim-on1oe,"친구가 없는 것은 맞는데, 주위에 사람이 있으면 불편하다, 내 맘대로 못살고, 주위 사람들을 하나하나 챙겨주는 것이 귀찮다",42,0,자기서사,자기서사|자기참조,68,2024-12-07
혼자 있는 게 더 편한 사람 외향인도 내향인도 아닌 '이 유형' 입니다 ㅣ Ep. 책과사람 70 (김경일 교수님 1부),책과삶,@562memories,저는 저를 경계선의 사람이라고 정의했어요. 거의 모든 상황에서 저는 무리들의 경계선에 있을때 안정감을 느껴요.,42,0,자기서사,자기서사|자기참조,61,2026-04-04
‼️혼자일 때 (이때가) 진짜 삶을 바꿀 기회다.ㅣ'이혼숙려캠프 상담가' 이호선 숭실사이버대학교 교수ㅣ인생강의,하와이 대저택,@bong-japark9948,혼자 있는 것이 제일 편안하고 행복합니다 이호선 교수님 강의 잘듣고 기쁨으로 삶을 영위합니다 감사합니다,42,0,위안,위안,57,2025-12-27
혼자 있는게 더 행복한 사람의 특징,놀면서 배우는 심리학,@김현주-x2z,사람만나고 인간관계 맺는것도 에너지가 딸려서 힘들더라. 다른사람한테 피해 안주고 조용히 사는게 행복함,42,0,자기참조,자기참조,56,2024-05-26
나이들수록 혼자가 편해지는 이유. 친구 없이 혼자서 행복해지는 방법 ㅣ Ep. 26 책과사람 (서경석 개그맨 1부),책과삶,@jyk2736,평생갈것 같은 사람도 그렇지 않더라. 모든 관계를 언제든 왔다사라지는 관계라 생각하면 편함,42,0,자기서사,자기서사|자기참조,50,2025-08-25
혼자 살다가 행복하게 죽는 5가지 방법 #삶의지혜 #행복한노후 #100세시대,골든가이드,@손미경-q4f,"전엔 ""내 삶은 왜 이렇지?"" 했는데 요즘보니 내가 제일 홀가분한 삶이네 그려^^",42,2,자기참조,자기참조,45,2025-08-08
"""친구 한 명도 없는 것, 오히려 좋다"" 혼자 있는 시간이 많을수록 점점 똑똑해지는 이유 (이헌주 교수 통합본)",책과삶,@valerie5746,원래 혼자를 좋아하는데 요즘은 사람들에 맞추는게 너무 벅참,42,0,기타,,32,2025-12-22
"친구 한 명 없어도 혼자 잘 지내는 사람들의 '3가지' 장점 (최명기 원장, 한석준 아나운서, 이헌주 교수, 김아라 소장)",지식인사이드,@태산가김지웅,건강하게 독고다이가 되기위해 운동 건강식단 마인드,42,0,기타,,27,2024-05-04
나이들수록 혼자가 행복한 이유 | 온전한 나로써 행복해지는 법 | 쇼펜하우어의 인생론 행복론 | 처세술 | 명언 | 인생의 지혜 | 인간관계,만인의 현인,@지혜의창-g2e,인생 후반전은 잘 살아야겠습니다 감사합니다,42,0,위안,위안,23,2024-03-01
"""친구 한 명도 없는 것, 오히려 좋다"" 혼자 있는 시간이 많을수록 점점 똑똑해지는 이유 (이헌주 교수 통합본)",책과삶,@dbrokim4314,혼자서 책보고 공상하는 것이 좋습니다.,42,0,기타,,21,2025-12-23
혼자가 편한 사람 특징,픽고 PICKGO,@늠늠-c1y,레드벨벳 슬기랑 김다미 그 사이,42,0,기타,,17,2023-04-22
혼자 살다가 행복하게 죽는 5가지 방법 #삶의지혜 #행복한노후 #100세시대,골든가이드,@백은자-o1g,맞는말인데 그래도 슬픈건ᆢ ㅜ,42,0,기타,,16,2025-07-31
점점 혼자가 편한 이유,픽고 PICKGO,@boyaknam,혼자가 젤 편함😊,42,0,기타,,10,2023-12-01
친구가 없어도 '혼자 잘 지내는' 사람 특징,멘탈케어::힐링 심리학 채널::,@jeawn9150,혼자 지내는게 얼마나 힘든데.. 사람이 혼자가 되면 자신에게 관대해 지기 때문에 쉽게 게을러 지고 망상만 늘어 나게 되고 일단 건강부터 박살남. 혼자 잘 지낸다는 사람들의 특징은 규칙적인 생활을 하면서 자기 관리를 철저히 하고 계획한 일은 반드시 하는 사람들이 혼자서도 잘 지낸다고 하는거. 당연히 이런 사람들이 대인관계도 좋을 수 밖에 없음 내 주의에도 몇명 있는데 진짜 멋지게 살고 있음.,41,0,자기서사,자기서사|자기참조,219,2022-08-17
혼자가 더 편한 내향적인 사람의 특징,놀면서 배우는 심리학,@Sjfbwkoshwkshwhqklx,"아는 사람이 혼자서 지내면 안 외로워요?! 라는 질문에 그렇다, 라고 대답했는데 계속 이해못하고 어떻게 그럴 수 있냐며 끝까지 의문을 가지던데 나는 당신이 사람 만나면서 에너지 충전하는 걸 이해하고 존중하는데 당신은 끝까지 인정안하는 모습을 보고 참으로 자기가 온 세상의 중심이 된다고 생각하는 자기중심적인 사람이군 이라는 생각을 했음. 공감능력 낮은 사람은 참 사람이 어린거 같음",41,3,자기서사,위안|정체성확인|자기서사|자기참조,213,2023-11-04
혼자서 잘 사는 사람 특징,놀면서 배우는 심리학,@simple_traveler,"혼자 있어야 본인이 무엇을 추구하고, 어떻게 살아야하는지 자신의 색깔을 가지고 살아가게 됨. 누군가에게 물어보거나 의지할수는 있지만 그 누군가는 본인이 아니라 본인에게 100% 맞는 해결책이 나오기 힘듦. 결국 모든 해결책은 혼자만의 시간을 갖고 본인 스스로 생각하고 행동하며 찾아야함.",41,0,자기참조,자기참조,160,2025-01-16
"친구 한 명 없어도 혼자 잘 지내는 사람들의 '3가지' 장점 (최명기 원장, 한석준 아나운서, 이헌주 교수, 김아라 소장)",지식인사이드,@yesornowhy6034,본능이었구나......내가 했던 행동이.....힘들었구나.....사람이 너무 싫어졌다. 혼자일 때 너무 행복하다 느껴진다. 다친 내가 예전처럼 다시 강해지고 있다. 힘들 때 아무리 주변에 말해도 해결되고 바뀌는 것은 없다. 내가 해결해야만 끝난다.,41,0,자기서사,자기서사|자기참조,138,2024-12-24
혼자 있는 게 편하다는 사람들의 진짜 속마음ㅣ지식인초대석 EP.65 (박재연 소장 2부),지식인사이드,@Sympathy07,소장님 너무 뭐랄까 계속 위로해주면서 말하는것 같아서 좋아요. 매번 나를 채찍질 했었는데 그렇게 하지 않아도 괜찮아라고 하면서 자상하게 다른 방식을 얘기해주는 느낌…,41,1,위안,위안,92,2025-10-14
"""혼자가 가장 행복하다."" 사람이 굳이 외향적일 필요 없는 이유 (남인숙 작가 통합본)",지식인사이드,@먹고싶다삼겹살,7:28 9:10 9:47 51:18 작가님의 혜안을 이렇게 무료로 쉽게 접할 수 있음에 너무나 감사합니다. 감사합니다❤ 작가님😊,41,0,위안,위안,73,2024-09-28
인간관계에 지쳐서 혼자가 편한 사람들의 특징,놀면서 배우는 심리학,@기쁨가득power_king미,딱 저같아요~ 인정받으려는 욕구도 높고 잘하고 싶은 욕심 높구요 ㅎ 사소한 문제가 엄청나게 큰일처럼 될때도 있더라구요,41,1,정체성확인,정체성확인|자기서사|자기참조,65,2025-09-03
나이들수록 오히려 혼자가 되면 편합니다. 친구 없어도 잘사는 사람의 특징 (최명기 원장 1부),지식인사이드,@thrma0518,사회로부터 친구가많아야한다는 가스라이팅을받으며살아왔다....40세가 넘어가면 깨달을거임..그게 왜 가스라이팅인지,41,0,지식,지식|자기서사|자기참조,62,2023-09-24
나이들수록 혼자가 편해지는 이유. 친구 없이 혼자서 행복해지는 방법 ㅣ Ep. 26 책과사람 (서경석 개그맨 1부),책과삶,@레오-r2c,돈 없고 의지박약한 사람들이 사람들 찾지 돈 있고 힘있는 사람들은 주변에 사람들이 찾는다,41,0,기타,,49,2025-08-30
똑똑한 사람일수록 친구 적고 외로움 덜 타는 이유ㅣ인간설명서 EP.6,지식인사이드,@tkim5106,"맞아요, 자기가 좋아하는 취미 한 가지만 있어도 행복해요. 친구 필요없어도 돼요.",41,0,기타,,45,2024-12-07
혼자가 더 편한 회피형 특징,놀면서 배우는 심리학,@mm-tv3vq,이런 유형이 답답한가요? 난 마음에 드는데..타인에게 민폐끼치지도 않고,41,12,기타,,39,2024-08-01
나이들수록 혼자가 행복한 이유 | 온전한 나로써 행복해지는 법 | 쇼펜하우어의 인생론 행복론 | 처세술 | 명언 | 인생의 지혜 | 인간관계,만인의 현인,@kimhonggeol,인간은 배신하는 존재다. 크아. 꼭 알아야 할 명언이네요..,41,3,기타,,33,2024-05-14
인간관계에 지쳐서 혼자가 편한 사람들의 특징,놀면서 배우는 심리학,@seonnykimm4266,남험담하고 이간질하는 거 듣는 것도 싫고 하기도 싫어하는데 거의 대부분의 사람들이 남 까내리기를 하더라. 은근히라도. 내게 잘해준들 배울 게 없고 나쁜 물만 들어서 사람을 멀리하는 마음이 생기더라. 왜 아까운 시간에 죄를 짓는고. 한번 떠나가면 다시는 오지 않을 그 소중한 시간에.,40,0,자기참조,자기참조,157,2025-09-29
"진정한 친구가 없어도, 잘사는 사람들의 특징 '3가지' (양창순 박사 2부)",지식인사이드,@aprilkim8197,늘 인기가 많아 제가 괜찮은 사람인 줄 알았는데 그저 제가 사람을 의존하는 사람이었다는 진실을 깨닫게 됩니다. 혼자만의 시간을 즐길 줄 아는 자가 되고 싶다는 간절한 마음입니다..^^;; 그리고 인간관계는 50점이 만점이라는 말씀에 힘을 얻고 갑니다. 감사합니다!😊,40,0,자기서사,위안|자기서사|자기참조,149,2023-12-16
혼자서 잘 사는 사람 특징,놀면서 배우는 심리학,@넉넉함-m3o,"나는 사회성이 떨어지는 성향이라 생각했는데 옷이든 물건이든 내가 골라야 되는성향였구나 함께 우르르 다니면서 시간보내고 커피마시고 악세서리, 화장품 보러가아하고 ~~그러고 나면 피곤하고. 허하더니만 ~~나자신을. 스스로 괴롭히지말았어야했네",40,0,자기서사,자기서사|자기참조,132,2024-12-22
나이들수록 오히려 혼자가 되면 편합니다. 친구 없어도 잘사는 사람의 특징 (최명기 원장 1부),지식인사이드,@KINKIN0,"영화나 드라마나 애니메이션에서 진정한친구,소꿉친구 힘들때나 슬플때나 항상 곁에있는 친구들 이런 내용으로 감성자극하는것도 현실에서는 극소수인 판타지라서 이런 컨텐츠로 제작하는거같아요",40,0,기타,,100,2023-09-18
인간관계에 지쳐서 혼자가 편한 사람들의 특징,놀면서 배우는 심리학,@이지훈-f7b,어차피 거리가 멀어지면 다 소용없다는걸 깨닫고 그냥 혼자서 잘 노는중.... 내집 마련하면 그때서나 시작할까 말까,40,0,기타,,63,2025-09-02
"[#유퀴즈온더블럭] 혼자가 제일 편하다는 내향인💦 그 행복, 진짜일까?🤔 행복 심리학자가 말하는 내향인의 진실👀",디글 :Diggle,@양명순-k1l,재석씨가 중간해석을 기차게~~매끄럽게하네요^^ 교수님 모습에걍 흐뭇ㆍ인간적~~행복합니당,40,0,기타,,48,2025-07-13
혼자가 편한 사람 특징,픽고 PICKGO,@헤헤헤-q7d3m,난 마음을 안줘야지 하지만 계속 주게 되던데…. 차라리 마음 안주고 상처 안 받고 싶다,40,0,기타,,48,2023-04-22
혼자가 더 편한 회피형 특징,놀면서 배우는 심리학,@user-bu5cx1iw6d,이게 나쁜건가? 독립적으로 남에게 피해안주고 스스로 깔끔하게 잘살면 그것도 나름 괜찮음,40,1,기타,,48,2024-08-12
가족과 사는 게 즐겁다고? '행복한 사람'은 절대 무작정 결혼하지 않습니다! | 김경일 심리학과 교수 1부,"꿈을 찾는 사람들 강연,강의,강사,꿈찾사",@heeyoonkim5760,의외로 꿈을 이루며 즐기면서 여유롭게 사는 사람이 혼자 사는 사람이 많음,40,0,위안,위안,40,2023-09-19
가족과 사는 게 즐겁다고? '행복한 사람'은 절대 무작정 결혼하지 않습니다! | 김경일 심리학과 교수 1부,"꿈을 찾는 사람들 강연,강의,강사,꿈찾사",@prettylove77,명절 때 뼈저리게 느낀다...혼자 사는게 편하다는걸...,40,0,기타,,31,2023-10-11
혼자가 더 편한 내향적인 사람의 특징,놀면서 배우는 심리학,@38sun91,내향형의 장점이 에너지를 스스로 만들어 내는데 있죠.,40,0,자기서사,자기서사,29,2024-04-22
"""친구 한 명도 없는 것, 오히려 좋다"" 혼자 있는 시간이 많을수록 점점 똑똑해지는 이유 (이헌주 교수 통합본)",책과삶,@Sh-o6h,교수님 말씀을 들으면 늘 마음이 편안해집니다.,40,0,위안,위안,25,2025-12-22
혼자 있어야 편한 띠 #띠별운세 #혼자사는법 #공감글,늘푸른 지혜의 숲,@다영이-c4j,이러쿵 저러쿵 다 혼자가 편한거지,40,1,기타,,18,2025-11-06
혼자서 잘 사는 사람 특징,놀면서 배우는 심리학,@방탄커피피피,나는 혼자인게좋타 같이있음 개불편,40,0,자기서사,자기서사|자기참조,18,2024-12-22
인간관계에 지쳐서 혼자가 편한 사람들의 특징,놀면서 배우는 심리학,@gkdms028,저도 지금 고3인데 졸업하면 진짜 친한 친구 한 명 빼고 손절할 생각이에요..뭐 물론 얘네들이 너무 싫어서 손절하는건 아니고 그냥 예전부터 제가 소외됐었던 기억도 있고 또 친해서 같이 다닌다기보단 같은 무리라서 같이 다닌다는 느낌이 크거든요..특히 결핵검사하러 내려갈 때 지들끼리만 나란히 걸어가고 전 뒤에서 혼자 뒤따라가던 날이 잊히지 않음. 그래서 졸업 전까지는 적당히 지내다가 졸업하면 거리 좀 둘 생각이에요. 같이 다니는 친구도 자기 기분에 거슬리는 말 들으면 바로 공격적으로 나와서 굳이 얘랑 계속 친하게 지낼 생각도 없음..같이 다녀야 하니까 친하게 지내고 있는거지 졸업하고나면 더 좋은 사람들 만나겠죠,39,13,자기서사,정체성확인|자기서사|자기참조,343,2025-09-06
혼자가 더 편한 회피형 특징,놀면서 배우는 심리학,@CL-fw3vy,"우리 사회가 회피형이 많아지다 못해 아예 주류가 된 것 같네요. 양육 문화나 학교생활, 직장생활 모두 회피형 양산을 할 수밖에 없는 환경이 된 것 같아요. 그냥 회피형의 방식으로 생각하고 사람을 대하는게 새로운 표준이 돼버린 느낌... 안정형이 오히려 지나치게 사람 좋은 호구 취급받는 사회. 개인적으로는 출산율과도 크게 관련있다고 생각합니다. 지금 여기 댓글만 봐도 회피형이 왜 문제인지 인식을 못하고 있는 분이 많은 것 같습니다...",39,11,자기서사,자기서사,244,2024-07-31
혼자 있는 게 더 편한 사람 외향인도 내향인도 아닌 '이 유형' 입니다 ㅣ Ep. 책과사람 70 (김경일 교수님 1부),책과삶,@jinheelee79,45세까지 남의생일 챙기며 자기 생일 항상 그냥 넘어갔습니다. 남들도 안챙겨주더군요 받을지만 알지 그 이후론 제 생일 소소하게 꼭 챙깁니다. 먹고싶은거 하고 싶은거 그날은 나에게 양보하지 않기로 이게 맞다고 전 생각합니다.,39,0,자기서사,자기서사|자기참조,124,2026-04-03